checkpoint,clean_RRMSE,method,source_record,training_seed
/home/infres/yinwang/denoiseNet/results/cgdr/subject_artifact_subspace_diffusion/checkpoints/klados/fold_00/seed_20260811/models.pt,0.28120607137680054,DET-POP,sim37,20260811
/home/infres/yinwang/denoiseNet/results/cgdr/subject_artifact_subspace_diffusion/checkpoints/klados/fold_00/seed_20260811/models.pt,0.30102068185806274,DET-MATCH,sim37,20260811
/home/infres/yinwang/denoiseNet/results/cgdr/subject_artifact_subspace_diffusion/checkpoints/klados/fold_00/seed_20260811/models.pt,0.3352053463459015,DIFF-MATCH-K1-TRUE-E2E,sim37,20260811
/home/infres/yinwang/denoiseNet/results/cgdr/subject_artifact_subspace_diffusion/checkpoints/klados/fold_00/seed_20260811/models.pt,0.3061428666114807,DIFF-MATCH-K8,sim37,20260811
/home/infres/yinwang/denoiseNet/results/cgdr/subject_artifact_subspace_diffusion/checkpoints/klados/fold_00/seed_20260811/models.pt,0.519382894039154,DET-POP,sim38,20260811
/home/infres/yinwang/denoiseNet/results/cgdr/subject_artifact_subspace_diffusion/checkpoints/klados/fold_00/seed_20260811/models.pt,0.5178208947181702,DET-MATCH,sim38,20260811
/home/infres/yinwang/denoiseNet/results/cgdr/subject_artifact_subspace_diffusion/checkpoints/klados/fold_00/seed_20260811/models.pt,0.46740779280662537,DIFF-MATCH-K1-TRUE-E2E,sim38,20260811
/home/infres/yinwang/denoiseNet/results/cgdr/subject_artifact_subspace_diffusion/checkpoints/klados/fold_00/seed_20260811/models.pt,0.4190528094768524,DIFF-MATCH-K8,sim38,20260811
/home/infres/yinwang/denoiseNet/results/cgdr/subject_artifact_subspace_diffusion/checkpoints/klados/fold_00/seed_20260811/models.pt,0.4371957778930664,DET-POP,sim39,20260811
/home/infres/yinwang/denoiseNet/results/cgdr/subject_artifact_subspace_diffusion/checkpoints/klados/fold_00/seed_20260811/models.pt,0.4835915267467499,DET-MATCH,sim39,20260811
/home/infres/yinwang/denoiseNet/results/cgdr/subject_artifact_subspace_diffusion/checkpoints/klados/fold_00/seed_20260811/models.pt,0.4517482817173004,DIFF-MATCH-K1-TRUE-E2E,sim39,20260811
/home/infres/yinwang/denoiseNet/results/cgdr/subject_artifact_subspace_diffusion/checkpoints/klados/fold_00/seed_20260811/models.pt,0.40245702862739563,DIFF-MATCH-K8,sim39,20260811
/home/infres/yinwang/denoiseNet/results/cgdr/subject_artifact_subspace_diffusion/checkpoints/klados/fold_00/seed_20260811/models.pt,0.31305035948753357,DET-POP,sim40,20260811
/home/infres/yinwang/denoiseNet/results/cgdr/subject_artifact_subspace_diffusion/checkpoints/klados/fold_00/seed_20260811/models.pt,0.32391685247421265,DET-MATCH,sim40,20260811
/home/infres/yinwang/denoiseNet/results/cgdr/subject_artifact_subspace_diffusion/checkpoints/klados/fold_00/seed_20260811/models.pt,0.4910558760166168,DIFF-MATCH-K1-TRUE-E2E,sim40,20260811
/home/infres/yinwang/denoiseNet/results/cgdr/subject_artifact_subspace_diffusion/checkpoints/klados/fold_00/seed_20260811/models.pt,0.40427008271217346,DIFF-MATCH-K8,sim40,20260811
/home/infres/yinwang/denoiseNet/results/cgdr/subject_artifact_subspace_diffusion/checkpoints/klados/fold_00/seed_20260811/models.pt,0.3743411898612976,DET-POP,sim41,20260811
/home/infres/yinwang/denoiseNet/results/cgdr/subject_artifact_subspace_diffusion/checkpoints/klados/fold_00/seed_20260811/models.pt,0.6015707850456238,DET-MATCH,sim41,20260811
/home/infres/yinwang/denoiseNet/results/cgdr/subject_artifact_subspace_diffusion/checkpoints/klados/fold_00/seed_20260811/models.pt,0.572948157787323,DIFF-MATCH-K1-TRUE-E2E,sim41,20260811
/home/infres/yinwang/denoiseNet/results/cgdr/subject_artifact_subspace_diffusion/checkpoints/klados/fold_00/seed_20260811/models.pt,0.5599656701087952,DIFF-MATCH-K8,sim41,20260811
/home/infres/yinwang/denoiseNet/results/cgdr/subject_artifact_subspace_diffusion/checkpoints/klados/fold_00/seed_20260811/models.pt,0.23103024065494537,DET-POP,sim42,20260811
/home/infres/yinwang/denoiseNet/results/cgdr/subject_artifact_subspace_diffusion/checkpoints/klados/fold_00/seed_20260811/models.pt,0.3307883143424988,DET-MATCH,sim42,20260811
/home/infres/yinwang/denoiseNet/results/cgdr/subject_artifact_subspace_diffusion/checkpoints/klados/fold_00/seed_20260811/models.pt,0.3885163962841034,DIFF-MATCH-K1-TRUE-E2E,sim42,20260811
/home/infres/yinwang/denoiseNet/results/cgdr/subject_artifact_subspace_diffusion/checkpoints/klados/fold_00/seed_20260811/models.pt,0.3363507091999054,DIFF-MATCH-K8,sim42,20260811
/home/infres/yinwang/denoiseNet/results/cgdr/subject_artifact_subspace_diffusion/checkpoints/klados/fold_00/seed_20260811/models.pt,0.3209245502948761,DET-POP,sim43,20260811
/home/infres/yinwang/denoiseNet/results/cgdr/subject_artifact_subspace_diffusion/checkpoints/klados/fold_00/seed_20260811/models.pt,0.3250625729560852,DET-MATCH,sim43,20260811
/home/infres/yinwang/denoiseNet/results/cgdr/subject_artifact_subspace_diffusion/checkpoints/klados/fold_00/seed_20260811/models.pt,0.3846251666545868,DIFF-MATCH-K1-TRUE-E2E,sim43,20260811
/home/infres/yinwang/denoiseNet/results/cgdr/subject_artifact_subspace_diffusion/checkpoints/klados/fold_00/seed_20260811/models.pt,0.3704744875431061,DIFF-MATCH-K8,sim43,20260811
/home/infres/yinwang/denoiseNet/results/cgdr/subject_artifact_subspace_diffusion/checkpoints/klados/fold_00/seed_20260811/models.pt,0.3653092682361603,DET-POP,sim46,20260811
/home/infres/yinwang/denoiseNet/results/cgdr/subject_artifact_subspace_diffusion/checkpoints/klados/fold_00/seed_20260811/models.pt,0.36751970648765564,DET-MATCH,sim46,20260811
/home/infres/yinwang/denoiseNet/results/cgdr/subject_artifact_subspace_diffusion/checkpoints/klados/fold_00/seed_20260811/models.pt,0.29976123571395874,DIFF-MATCH-K1-TRUE-E2E,sim46,20260811
/home/infres/yinwang/denoiseNet/results/cgdr/subject_artifact_subspace_diffusion/checkpoints/klados/fold_00/seed_20260811/models.pt,0.3042355179786682,DIFF-MATCH-K8,sim46,20260811
/home/infres/yinwang/denoiseNet/results/cgdr/subject_artifact_subspace_diffusion/checkpoints/klados/fold_00/seed_20260811/models.pt,0.8710218071937561,DET-POP,sim47,20260811
/home/infres/yinwang/denoiseNet/results/cgdr/subject_artifact_subspace_diffusion/checkpoints/klados/fold_00/seed_20260811/models.pt,0.9069734811782837,DET-MATCH,sim47,20260811
/home/infres/yinwang/denoiseNet/results/cgdr/subject_artifact_subspace_diffusion/checkpoints/klados/fold_00/seed_20260811/models.pt,0.7534170150756836,DIFF-MATCH-K1-TRUE-E2E,sim47,20260811
/home/infres/yinwang/denoiseNet/results/cgdr/subject_artifact_subspace_diffusion/checkpoints/klados/fold_00/seed_20260811/models.pt,0.7438911199569702,DIFF-MATCH-K8,sim47,20260811
/home/infres/yinwang/denoiseNet/results/cgdr/subject_artifact_subspace_diffusion/checkpoints/klados/fold_00/seed_20260811/models.pt,0.7303826212882996,DET-POP,sim48,20260811
/home/infres/yinwang/denoiseNet/results/cgdr/subject_artifact_subspace_diffusion/checkpoints/klados/fold_00/seed_20260811/models.pt,0.7650786638259888,DET-MATCH,sim48,20260811
/home/infres/yinwang/denoiseNet/results/cgdr/subject_artifact_subspace_diffusion/checkpoints/klados/fold_00/seed_20260811/models.pt,0.8078917264938354,DIFF-MATCH-K1-TRUE-E2E,sim48,20260811
/home/infres/yinwang/denoiseNet/results/cgdr/subject_artifact_subspace_diffusion/checkpoints/klados/fold_00/seed_20260811/models.pt,0.7448868155479431,DIFF-MATCH-K8,sim48,20260811
/home/infres/yinwang/denoiseNet/results/cgdr/subject_artifact_subspace_diffusion/checkpoints/klados/fold_00/seed_20260811/models.pt,0.4748748242855072,DET-POP,sim49,20260811
/home/infres/yinwang/denoiseNet/results/cgdr/subject_artifact_subspace_diffusion/checkpoints/klados/fold_00/seed_20260811/models.pt,0.5226691365242004,DET-MATCH,sim49,20260811
/home/infres/yinwang/denoiseNet/results/cgdr/subject_artifact_subspace_diffusion/checkpoints/klados/fold_00/seed_20260811/models.pt,0.6153769493103027,DIFF-MATCH-K1-TRUE-E2E,sim49,20260811
/home/infres/yinwang/denoiseNet/results/cgdr/subject_artifact_subspace_diffusion/checkpoints/klados/fold_00/seed_20260811/models.pt,0.5378755927085876,DIFF-MATCH-K8,sim49,20260811
/home/infres/yinwang/denoiseNet/results/cgdr/subject_artifact_subspace_diffusion/checkpoints/klados/fold_00/seed_20260811/models.pt,0.5085228681564331,DET-POP,sim50,20260811
/home/infres/yinwang/denoiseNet/results/cgdr/subject_artifact_subspace_diffusion/checkpoints/klados/fold_00/seed_20260811/models.pt,0.5094116926193237,DET-MATCH,sim50,20260811
/home/infres/yinwang/denoiseNet/results/cgdr/subject_artifact_subspace_diffusion/checkpoints/klados/fold_00/seed_20260811/models.pt,0.5995684862136841,DIFF-MATCH-K1-TRUE-E2E,sim50,20260811
/home/infres/yinwang/denoiseNet/results/cgdr/subject_artifact_subspace_diffusion/checkpoints/klados/fold_00/seed_20260811/models.pt,0.5010296702384949,DIFF-MATCH-K8,sim50,20260811
/home/infres/yinwang/denoiseNet/results/cgdr/subject_artifact_subspace_diffusion/checkpoints/klados/fold_00/seed_20260811/models.pt,0.4899839758872986,DET-POP,sim51,20260811
/home/infres/yinwang/denoiseNet/results/cgdr/subject_artifact_subspace_diffusion/checkpoints/klados/fold_00/seed_20260811/models.pt,0.48680490255355835,DET-MATCH,sim51,20260811
/home/infres/yinwang/denoiseNet/results/cgdr/subject_artifact_subspace_diffusion/checkpoints/klados/fold_00/seed_20260811/models.pt,0.44567883014678955,DIFF-MATCH-K1-TRUE-E2E,sim51,20260811
/home/infres/yinwang/denoiseNet/results/cgdr/subject_artifact_subspace_diffusion/checkpoints/klados/fold_00/seed_20260811/models.pt,0.4029833674430847,DIFF-MATCH-K8,sim51,20260811
/home/infres/yinwang/denoiseNet/results/cgdr/subject_artifact_subspace_diffusion/checkpoints/klados/fold_00/seed_20260811/models.pt,0.5222804546356201,DET-POP,sim52,20260811
/home/infres/yinwang/denoiseNet/results/cgdr/subject_artifact_subspace_diffusion/checkpoints/klados/fold_00/seed_20260811/models.pt,0.5267815589904785,DET-MATCH,sim52,20260811
/home/infres/yinwang/denoiseNet/results/cgdr/subject_artifact_subspace_diffusion/checkpoints/klados/fold_00/seed_20260811/models.pt,0.4411214590072632,DIFF-MATCH-K1-TRUE-E2E,sim52,20260811
/home/infres/yinwang/denoiseNet/results/cgdr/subject_artifact_subspace_diffusion/checkpoints/klados/fold_00/seed_20260811/models.pt,0.44677263498306274,DIFF-MATCH-K8,sim52,20260811
/home/infres/yinwang/denoiseNet/results/cgdr/subject_artifact_subspace_diffusion/checkpoints/klados/fold_00/seed_20260811/models.pt,1.0551291704177856,DET-POP,sim53,20260811
/home/infres/yinwang/denoiseNet/results/cgdr/subject_artifact_subspace_diffusion/checkpoints/klados/fold_00/seed_20260811/models.pt,1.325804352760315,DET-MATCH,sim53,20260811
/home/infres/yinwang/denoiseNet/results/cgdr/subject_artifact_subspace_diffusion/checkpoints/klados/fold_00/seed_20260811/models.pt,1.3084681034088135,DIFF-MATCH-K1-TRUE-E2E,sim53,20260811
/home/infres/yinwang/denoiseNet/results/cgdr/subject_artifact_subspace_diffusion/checkpoints/klados/fold_00/seed_20260811/models.pt,1.2914451360702515,DIFF-MATCH-K8,sim53,20260811
/home/infres/yinwang/denoiseNet/results/cgdr/subject_artifact_subspace_diffusion/checkpoints/klados/fold_00/seed_20260811/models.pt,0.4725707173347473,DET-POP,sim54,20260811
/home/infres/yinwang/denoiseNet/results/cgdr/subject_artifact_subspace_diffusion/checkpoints/klados/fold_00/seed_20260811/models.pt,0.50723797082901,DET-MATCH,sim54,20260811
/home/infres/yinwang/denoiseNet/results/cgdr/subject_artifact_subspace_diffusion/checkpoints/klados/fold_00/seed_20260811/models.pt,0.5337390303611755,DIFF-MATCH-K1-TRUE-E2E,sim54,20260811
/home/infres/yinwang/denoiseNet/results/cgdr/subject_artifact_subspace_diffusion/checkpoints/klados/fold_00/seed_20260811/models.pt,0.4886983633041382,DIFF-MATCH-K8,sim54,20260811
/home/infres/yinwang/denoiseNet/results/cgdr/subject_artifact_subspace_diffusion/checkpoints/klados/fold_00/seed_20260812/models.pt,0.35027995705604553,DET-POP,sim37,20260812
/home/infres/yinwang/denoiseNet/results/cgdr/subject_artifact_subspace_diffusion/checkpoints/klados/fold_00/seed_20260812/models.pt,0.3667295575141907,DET-MATCH,sim37,20260812
/home/infres/yinwang/denoiseNet/results/cgdr/subject_artifact_subspace_diffusion/checkpoints/klados/fold_00/seed_20260812/models.pt,0.3820197284221649,DIFF-MATCH-K1-TRUE-E2E,sim37,20260812
/home/infres/yinwang/denoiseNet/results/cgdr/subject_artifact_subspace_diffusion/checkpoints/klados/fold_00/seed_20260812/models.pt,0.3078545331954956,DIFF-MATCH-K8,sim37,20260812
/home/infres/yinwang/denoiseNet/results/cgdr/subject_artifact_subspace_diffusion/checkpoints/klados/fold_00/seed_20260812/models.pt,0.49777477979660034,DET-POP,sim38,20260812
/home/infres/yinwang/denoiseNet/results/cgdr/subject_artifact_subspace_diffusion/checkpoints/klados/fold_00/seed_20260812/models.pt,0.4962698817253113,DET-MATCH,sim38,20260812
/home/infres/yinwang/denoiseNet/results/cgdr/subject_artifact_subspace_diffusion/checkpoints/klados/fold_00/seed_20260812/models.pt,0.5326198935508728,DIFF-MATCH-K1-TRUE-E2E,sim38,20260812
/home/infres/yinwang/denoiseNet/results/cgdr/subject_artifact_subspace_diffusion/checkpoints/klados/fold_00/seed_20260812/models.pt,0.5073745846748352,DIFF-MATCH-K8,sim38,20260812
/home/infres/yinwang/denoiseNet/results/cgdr/subject_artifact_subspace_diffusion/checkpoints/klados/fold_00/seed_20260812/models.pt,0.5535922646522522,DET-POP,sim39,20260812
/home/infres/yinwang/denoiseNet/results/cgdr/subject_artifact_subspace_diffusion/checkpoints/klados/fold_00/seed_20260812/models.pt,0.5898100733757019,DET-MATCH,sim39,20260812
/home/infres/yinwang/denoiseNet/results/cgdr/subject_artifact_subspace_diffusion/checkpoints/klados/fold_00/seed_20260812/models.pt,0.4211210608482361,DIFF-MATCH-K1-TRUE-E2E,sim39,20260812
/home/infres/yinwang/denoiseNet/results/cgdr/subject_artifact_subspace_diffusion/checkpoints/klados/fold_00/seed_20260812/models.pt,0.40937721729278564,DIFF-MATCH-K8,sim39,20260812
/home/infres/yinwang/denoiseNet/results/cgdr/subject_artifact_subspace_diffusion/checkpoints/klados/fold_00/seed_20260812/models.pt,0.40932101011276245,DET-POP,sim40,20260812
/home/infres/yinwang/denoiseNet/results/cgdr/subject_artifact_subspace_diffusion/checkpoints/klados/fold_00/seed_20260812/models.pt,0.4099904000759125,DET-MATCH,sim40,20260812
/home/infres/yinwang/denoiseNet/results/cgdr/subject_artifact_subspace_diffusion/checkpoints/klados/fold_00/seed_20260812/models.pt,0.368717759847641,DIFF-MATCH-K1-TRUE-E2E,sim40,20260812
/home/infres/yinwang/denoiseNet/results/cgdr/subject_artifact_subspace_diffusion/checkpoints/klados/fold_00/seed_20260812/models.pt,0.36560261249542236,DIFF-MATCH-K8,sim40,20260812
/home/infres/yinwang/denoiseNet/results/cgdr/subject_artifact_subspace_diffusion/checkpoints/klados/fold_00/seed_20260812/models.pt,0.4454139471054077,DET-POP,sim41,20260812
/home/infres/yinwang/denoiseNet/results/cgdr/subject_artifact_subspace_diffusion/checkpoints/klados/fold_00/seed_20260812/models.pt,0.5876305103302002,DET-MATCH,sim41,20260812
/home/infres/yinwang/denoiseNet/results/cgdr/subject_artifact_subspace_diffusion/checkpoints/klados/fold_00/seed_20260812/models.pt,0.5828124284744263,DIFF-MATCH-K1-TRUE-E2E,sim41,20260812
/home/infres/yinwang/denoiseNet/results/cgdr/subject_artifact_subspace_diffusion/checkpoints/klados/fold_00/seed_20260812/models.pt,0.5598333477973938,DIFF-MATCH-K8,sim41,20260812
/home/infres/yinwang/denoiseNet/results/cgdr/subject_artifact_subspace_diffusion/checkpoints/klados/fold_00/seed_20260812/models.pt,0.262383371591568,DET-POP,sim42,20260812
/home/infres/yinwang/denoiseNet/results/cgdr/subject_artifact_subspace_diffusion/checkpoints/klados/fold_00/seed_20260812/models.pt,0.3266751766204834,DET-MATCH,sim42,20260812
/home/infres/yinwang/denoiseNet/results/cgdr/subject_artifact_subspace_diffusion/checkpoints/klados/fold_00/seed_20260812/models.pt,0.3813329339027405,DIFF-MATCH-K1-TRUE-E2E,sim42,20260812
/home/infres/yinwang/denoiseNet/results/cgdr/subject_artifact_subspace_diffusion/checkpoints/klados/fold_00/seed_20260812/models.pt,0.3555780053138733,DIFF-MATCH-K8,sim42,20260812
/home/infres/yinwang/denoiseNet/results/cgdr/subject_artifact_subspace_diffusion/checkpoints/klados/fold_00/seed_20260812/models.pt,0.39880040287971497,DET-POP,sim43,20260812
/home/infres/yinwang/denoiseNet/results/cgdr/subject_artifact_subspace_diffusion/checkpoints/klados/fold_00/seed_20260812/models.pt,0.4018152058124542,DET-MATCH,sim43,20260812
/home/infres/yinwang/denoiseNet/results/cgdr/subject_artifact_subspace_diffusion/checkpoints/klados/fold_00/seed_20260812/models.pt,0.3759678602218628,DIFF-MATCH-K1-TRUE-E2E,sim43,20260812
/home/infres/yinwang/denoiseNet/results/cgdr/subject_artifact_subspace_diffusion/checkpoints/klados/fold_00/seed_20260812/models.pt,0.3654833734035492,DIFF-MATCH-K8,sim43,20260812
/home/infres/yinwang/denoiseNet/results/cgdr/subject_artifact_subspace_diffusion/checkpoints/klados/fold_00/seed_20260812/models.pt,0.3686014413833618,DET-POP,sim46,20260812
/home/infres/yinwang/denoiseNet/results/cgdr/subject_artifact_subspace_diffusion/checkpoints/klados/fold_00/seed_20260812/models.pt,0.3699333667755127,DET-MATCH,sim46,20260812
/home/infres/yinwang/denoiseNet/results/cgdr/subject_artifact_subspace_diffusion/checkpoints/klados/fold_00/seed_20260812/models.pt,0.32260915637016296,DIFF-MATCH-K1-TRUE-E2E,sim46,20260812
/home/infres/yinwang/denoiseNet/results/cgdr/subject_artifact_subspace_diffusion/checkpoints/klados/fold_00/seed_20260812/models.pt,0.3054473400115967,DIFF-MATCH-K8,sim46,20260812
/home/infres/yinwang/denoiseNet/results/cgdr/subject_artifact_subspace_diffusion/checkpoints/klados/fold_00/seed_20260812/models.pt,0.8751983642578125,DET-POP,sim47,20260812
/home/infres/yinwang/denoiseNet/results/cgdr/subject_artifact_subspace_diffusion/checkpoints/klados/fold_00/seed_20260812/models.pt,0.9165661931037903,DET-MATCH,sim47,20260812
/home/infres/yinwang/denoiseNet/results/cgdr/subject_artifact_subspace_diffusion/checkpoints/klados/fold_00/seed_20260812/models.pt,0.7928362488746643,DIFF-MATCH-K1-TRUE-E2E,sim47,20260812
/home/infres/yinwang/denoiseNet/results/cgdr/subject_artifact_subspace_diffusion/checkpoints/klados/fold_00/seed_20260812/models.pt,0.7521481513977051,DIFF-MATCH-K8,sim47,20260812
/home/infres/yinwang/denoiseNet/results/cgdr/subject_artifact_subspace_diffusion/checkpoints/klados/fold_00/seed_20260812/models.pt,0.8006492853164673,DET-POP,sim48,20260812
/home/infres/yinwang/denoiseNet/results/cgdr/subject_artifact_subspace_diffusion/checkpoints/klados/fold_00/seed_20260812/models.pt,0.8230461478233337,DET-MATCH,sim48,20260812
/home/infres/yinwang/denoiseNet/results/cgdr/subject_artifact_subspace_diffusion/checkpoints/klados/fold_00/seed_20260812/models.pt,0.8161695003509521,DIFF-MATCH-K1-TRUE-E2E,sim48,20260812
/home/infres/yinwang/denoiseNet/results/cgdr/subject_artifact_subspace_diffusion/checkpoints/klados/fold_00/seed_20260812/models.pt,0.8072879314422607,DIFF-MATCH-K8,sim48,20260812
/home/infres/yinwang/denoiseNet/results/cgdr/subject_artifact_subspace_diffusion/checkpoints/klados/fold_00/seed_20260812/models.pt,0.644751787185669,DET-POP,sim49,20260812
/home/infres/yinwang/denoiseNet/results/cgdr/subject_artifact_subspace_diffusion/checkpoints/klados/fold_00/seed_20260812/models.pt,0.6732717752456665,DET-MATCH,sim49,20260812
/home/infres/yinwang/denoiseNet/results/cgdr/subject_artifact_subspace_diffusion/checkpoints/klados/fold_00/seed_20260812/models.pt,0.6412107348442078,DIFF-MATCH-K1-TRUE-E2E,sim49,20260812
/home/infres/yinwang/denoiseNet/results/cgdr/subject_artifact_subspace_diffusion/checkpoints/klados/fold_00/seed_20260812/models.pt,0.5573628544807434,DIFF-MATCH-K8,sim49,20260812
/home/infres/yinwang/denoiseNet/results/cgdr/subject_artifact_subspace_diffusion/checkpoints/klados/fold_00/seed_20260812/models.pt,0.611048698425293,DET-POP,sim50,20260812
/home/infres/yinwang/denoiseNet/results/cgdr/subject_artifact_subspace_diffusion/checkpoints/klados/fold_00/seed_20260812/models.pt,0.6181799173355103,DET-MATCH,sim50,20260812
/home/infres/yinwang/denoiseNet/results/cgdr/subject_artifact_subspace_diffusion/checkpoints/klados/fold_00/seed_20260812/models.pt,0.7003989815711975,DIFF-MATCH-K1-TRUE-E2E,sim50,20260812
/home/infres/yinwang/denoiseNet/results/cgdr/subject_artifact_subspace_diffusion/checkpoints/klados/fold_00/seed_20260812/models.pt,0.5486773252487183,DIFF-MATCH-K8,sim50,20260812
/home/infres/yinwang/denoiseNet/results/cgdr/subject_artifact_subspace_diffusion/checkpoints/klados/fold_00/seed_20260812/models.pt,0.5708155632019043,DET-POP,sim51,20260812
/home/infres/yinwang/denoiseNet/results/cgdr/subject_artifact_subspace_diffusion/checkpoints/klados/fold_00/seed_20260812/models.pt,0.5679399371147156,DET-MATCH,sim51,20260812
/home/infres/yinwang/denoiseNet/results/cgdr/subject_artifact_subspace_diffusion/checkpoints/klados/fold_00/seed_20260812/models.pt,0.6407947540283203,DIFF-MATCH-K1-TRUE-E2E,sim51,20260812
/home/infres/yinwang/denoiseNet/results/cgdr/subject_artifact_subspace_diffusion/checkpoints/klados/fold_00/seed_20260812/models.pt,0.497706800699234,DIFF-MATCH-K8,sim51,20260812
/home/infres/yinwang/denoiseNet/results/cgdr/subject_artifact_subspace_diffusion/checkpoints/klados/fold_00/seed_20260812/models.pt,0.5963342189788818,DET-POP,sim52,20260812
/home/infres/yinwang/denoiseNet/results/cgdr/subject_artifact_subspace_diffusion/checkpoints/klados/fold_00/seed_20260812/models.pt,0.5938128232955933,DET-MATCH,sim52,20260812
/home/infres/yinwang/denoiseNet/results/cgdr/subject_artifact_subspace_diffusion/checkpoints/klados/fold_00/seed_20260812/models.pt,0.5855036377906799,DIFF-MATCH-K1-TRUE-E2E,sim52,20260812
/home/infres/yinwang/denoiseNet/results/cgdr/subject_artifact_subspace_diffusion/checkpoints/klados/fold_00/seed_20260812/models.pt,0.5154581069946289,DIFF-MATCH-K8,sim52,20260812
/home/infres/yinwang/denoiseNet/results/cgdr/subject_artifact_subspace_diffusion/checkpoints/klados/fold_00/seed_20260812/models.pt,1.1217924356460571,DET-POP,sim53,20260812
/home/infres/yinwang/denoiseNet/results/cgdr/subject_artifact_subspace_diffusion/checkpoints/klados/fold_00/seed_20260812/models.pt,1.3188010454177856,DET-MATCH,sim53,20260812
/home/infres/yinwang/denoiseNet/results/cgdr/subject_artifact_subspace_diffusion/checkpoints/klados/fold_00/seed_20260812/models.pt,1.303777813911438,DIFF-MATCH-K1-TRUE-E2E,sim53,20260812
/home/infres/yinwang/denoiseNet/results/cgdr/subject_artifact_subspace_diffusion/checkpoints/klados/fold_00/seed_20260812/models.pt,1.2991976737976074,DIFF-MATCH-K8,sim53,20260812
/home/infres/yinwang/denoiseNet/results/cgdr/subject_artifact_subspace_diffusion/checkpoints/klados/fold_00/seed_20260812/models.pt,0.5620872974395752,DET-POP,sim54,20260812
/home/infres/yinwang/denoiseNet/results/cgdr/subject_artifact_subspace_diffusion/checkpoints/klados/fold_00/seed_20260812/models.pt,0.5894576907157898,DET-MATCH,sim54,20260812
/home/infres/yinwang/denoiseNet/results/cgdr/subject_artifact_subspace_diffusion/checkpoints/klados/fold_00/seed_20260812/models.pt,0.5925683975219727,DIFF-MATCH-K1-TRUE-E2E,sim54,20260812
/home/infres/yinwang/denoiseNet/results/cgdr/subject_artifact_subspace_diffusion/checkpoints/klados/fold_00/seed_20260812/models.pt,0.6018632054328918,DIFF-MATCH-K8,sim54,20260812
/home/infres/yinwang/denoiseNet/results/cgdr/subject_artifact_subspace_diffusion/checkpoints/klados/fold_00/seed_20260813/models.pt,0.3465997576713562,DET-POP,sim37,20260813
/home/infres/yinwang/denoiseNet/results/cgdr/subject_artifact_subspace_diffusion/checkpoints/klados/fold_00/seed_20260813/models.pt,0.3604438006877899,DET-MATCH,sim37,20260813
/home/infres/yinwang/denoiseNet/results/cgdr/subject_artifact_subspace_diffusion/checkpoints/klados/fold_00/seed_20260813/models.pt,0.28282228112220764,DIFF-MATCH-K1-TRUE-E2E,sim37,20260813
/home/infres/yinwang/denoiseNet/results/cgdr/subject_artifact_subspace_diffusion/checkpoints/klados/fold_00/seed_20260813/models.pt,0.28161898255348206,DIFF-MATCH-K8,sim37,20260813
/home/infres/yinwang/denoiseNet/results/cgdr/subject_artifact_subspace_diffusion/checkpoints/klados/fold_00/seed_20260813/models.pt,0.5196390151977539,DET-POP,sim38,20260813
/home/infres/yinwang/denoiseNet/results/cgdr/subject_artifact_subspace_diffusion/checkpoints/klados/fold_00/seed_20260813/models.pt,0.5215972065925598,DET-MATCH,sim38,20260813
/home/infres/yinwang/denoiseNet/results/cgdr/subject_artifact_subspace_diffusion/checkpoints/klados/fold_00/seed_20260813/models.pt,0.4506242871284485,DIFF-MATCH-K1-TRUE-E2E,sim38,20260813
/home/infres/yinwang/denoiseNet/results/cgdr/subject_artifact_subspace_diffusion/checkpoints/klados/fold_00/seed_20260813/models.pt,0.46354013681411743,DIFF-MATCH-K8,sim38,20260813
/home/infres/yinwang/denoiseNet/results/cgdr/subject_artifact_subspace_diffusion/checkpoints/klados/fold_00/seed_20260813/models.pt,0.5198325514793396,DET-POP,sim39,20260813
/home/infres/yinwang/denoiseNet/results/cgdr/subject_artifact_subspace_diffusion/checkpoints/klados/fold_00/seed_20260813/models.pt,0.5556780099868774,DET-MATCH,sim39,20260813
/home/infres/yinwang/denoiseNet/results/cgdr/subject_artifact_subspace_diffusion/checkpoints/klados/fold_00/seed_20260813/models.pt,0.45235246419906616,DIFF-MATCH-K1-TRUE-E2E,sim39,20260813
/home/infres/yinwang/denoiseNet/results/cgdr/subject_artifact_subspace_diffusion/checkpoints/klados/fold_00/seed_20260813/models.pt,0.41894906759262085,DIFF-MATCH-K8,sim39,20260813
/home/infres/yinwang/denoiseNet/results/cgdr/subject_artifact_subspace_diffusion/checkpoints/klados/fold_00/seed_20260813/models.pt,0.40136703848838806,DET-POP,sim40,20260813
/home/infres/yinwang/denoiseNet/results/cgdr/subject_artifact_subspace_diffusion/checkpoints/klados/fold_00/seed_20260813/models.pt,0.4103911221027374,DET-MATCH,sim40,20260813
/home/infres/yinwang/denoiseNet/results/cgdr/subject_artifact_subspace_diffusion/checkpoints/klados/fold_00/seed_20260813/models.pt,0.44136548042297363,DIFF-MATCH-K1-TRUE-E2E,sim40,20260813
/home/infres/yinwang/denoiseNet/results/cgdr/subject_artifact_subspace_diffusion/checkpoints/klados/fold_00/seed_20260813/models.pt,0.4285140931606293,DIFF-MATCH-K8,sim40,20260813
/home/infres/yinwang/denoiseNet/results/cgdr/subject_artifact_subspace_diffusion/checkpoints/klados/fold_00/seed_20260813/models.pt,0.4637986421585083,DET-POP,sim41,20260813
/home/infres/yinwang/denoiseNet/results/cgdr/subject_artifact_subspace_diffusion/checkpoints/klados/fold_00/seed_20260813/models.pt,0.6315507888793945,DET-MATCH,sim41,20260813
/home/infres/yinwang/denoiseNet/results/cgdr/subject_artifact_subspace_diffusion/checkpoints/klados/fold_00/seed_20260813/models.pt,0.580965518951416,DIFF-MATCH-K1-TRUE-E2E,sim41,20260813
/home/infres/yinwang/denoiseNet/results/cgdr/subject_artifact_subspace_diffusion/checkpoints/klados/fold_00/seed_20260813/models.pt,0.5575803518295288,DIFF-MATCH-K8,sim41,20260813
/home/infres/yinwang/denoiseNet/results/cgdr/subject_artifact_subspace_diffusion/checkpoints/klados/fold_00/seed_20260813/models.pt,0.26006293296813965,DET-POP,sim42,20260813
/home/infres/yinwang/denoiseNet/results/cgdr/subject_artifact_subspace_diffusion/checkpoints/klados/fold_00/seed_20260813/models.pt,0.3577466607093811,DET-MATCH,sim42,20260813
/home/infres/yinwang/denoiseNet/results/cgdr/subject_artifact_subspace_diffusion/checkpoints/klados/fold_00/seed_20260813/models.pt,0.36748456954956055,DIFF-MATCH-K1-TRUE-E2E,sim42,20260813
/home/infres/yinwang/denoiseNet/results/cgdr/subject_artifact_subspace_diffusion/checkpoints/klados/fold_00/seed_20260813/models.pt,0.3604246973991394,DIFF-MATCH-K8,sim42,20260813
/home/infres/yinwang/denoiseNet/results/cgdr/subject_artifact_subspace_diffusion/checkpoints/klados/fold_00/seed_20260813/models.pt,0.38831937313079834,DET-POP,sim43,20260813
/home/infres/yinwang/denoiseNet/results/cgdr/subject_artifact_subspace_diffusion/checkpoints/klados/fold_00/seed_20260813/models.pt,0.3916983902454376,DET-MATCH,sim43,20260813
/home/infres/yinwang/denoiseNet/results/cgdr/subject_artifact_subspace_diffusion/checkpoints/klados/fold_00/seed_20260813/models.pt,0.3963039517402649,DIFF-MATCH-K1-TRUE-E2E,sim43,20260813
/home/infres/yinwang/denoiseNet/results/cgdr/subject_artifact_subspace_diffusion/checkpoints/klados/fold_00/seed_20260813/models.pt,0.3656875193119049,DIFF-MATCH-K8,sim43,20260813
/home/infres/yinwang/denoiseNet/results/cgdr/subject_artifact_subspace_diffusion/checkpoints/klados/fold_00/seed_20260813/models.pt,0.3807937204837799,DET-POP,sim46,20260813
/home/infres/yinwang/denoiseNet/results/cgdr/subject_artifact_subspace_diffusion/checkpoints/klados/fold_00/seed_20260813/models.pt,0.3829176425933838,DET-MATCH,sim46,20260813
/home/infres/yinwang/denoiseNet/results/cgdr/subject_artifact_subspace_diffusion/checkpoints/klados/fold_00/seed_20260813/models.pt,0.31532952189445496,DIFF-MATCH-K1-TRUE-E2E,sim46,20260813
/home/infres/yinwang/denoiseNet/results/cgdr/subject_artifact_subspace_diffusion/checkpoints/klados/fold_00/seed_20260813/models.pt,0.2821824550628662,DIFF-MATCH-K8,sim46,20260813
/home/infres/yinwang/denoiseNet/results/cgdr/subject_artifact_subspace_diffusion/checkpoints/klados/fold_00/seed_20260813/models.pt,0.9629541635513306,DET-POP,sim47,20260813
/home/infres/yinwang/denoiseNet/results/cgdr/subject_artifact_subspace_diffusion/checkpoints/klados/fold_00/seed_20260813/models.pt,0.9971725940704346,DET-MATCH,sim47,20260813
/home/infres/yinwang/denoiseNet/results/cgdr/subject_artifact_subspace_diffusion/checkpoints/klados/fold_00/seed_20260813/models.pt,0.8274641633033752,DIFF-MATCH-K1-TRUE-E2E,sim47,20260813
/home/infres/yinwang/denoiseNet/results/cgdr/subject_artifact_subspace_diffusion/checkpoints/klados/fold_00/seed_20260813/models.pt,0.7245689034461975,DIFF-MATCH-K8,sim47,20260813
/home/infres/yinwang/denoiseNet/results/cgdr/subject_artifact_subspace_diffusion/checkpoints/klados/fold_00/seed_20260813/models.pt,0.7961919903755188,DET-POP,sim48,20260813
/home/infres/yinwang/denoiseNet/results/cgdr/subject_artifact_subspace_diffusion/checkpoints/klados/fold_00/seed_20260813/models.pt,0.8162789344787598,DET-MATCH,sim48,20260813
/home/infres/yinwang/denoiseNet/results/cgdr/subject_artifact_subspace_diffusion/checkpoints/klados/fold_00/seed_20260813/models.pt,0.6555188298225403,DIFF-MATCH-K1-TRUE-E2E,sim48,20260813
/home/infres/yinwang/denoiseNet/results/cgdr/subject_artifact_subspace_diffusion/checkpoints/klados/fold_00/seed_20260813/models.pt,0.719963788986206,DIFF-MATCH-K8,sim48,20260813
/home/infres/yinwang/denoiseNet/results/cgdr/subject_artifact_subspace_diffusion/checkpoints/klados/fold_00/seed_20260813/models.pt,0.6325154900550842,DET-POP,sim49,20260813
/home/infres/yinwang/denoiseNet/results/cgdr/subject_artifact_subspace_diffusion/checkpoints/klados/fold_00/seed_20260813/models.pt,0.6652094125747681,DET-MATCH,sim49,20260813
/home/infres/yinwang/denoiseNet/results/cgdr/subject_artifact_subspace_diffusion/checkpoints/klados/fold_00/seed_20260813/models.pt,0.5802930593490601,DIFF-MATCH-K1-TRUE-E2E,sim49,20260813
/home/infres/yinwang/denoiseNet/results/cgdr/subject_artifact_subspace_diffusion/checkpoints/klados/fold_00/seed_20260813/models.pt,0.5223411321640015,DIFF-MATCH-K8,sim49,20260813
/home/infres/yinwang/denoiseNet/results/cgdr/subject_artifact_subspace_diffusion/checkpoints/klados/fold_00/seed_20260813/models.pt,0.7312687039375305,DET-POP,sim50,20260813
/home/infres/yinwang/denoiseNet/results/cgdr/subject_artifact_subspace_diffusion/checkpoints/klados/fold_00/seed_20260813/models.pt,0.7401419281959534,DET-MATCH,sim50,20260813
/home/infres/yinwang/denoiseNet/results/cgdr/subject_artifact_subspace_diffusion/checkpoints/klados/fold_00/seed_20260813/models.pt,0.5831336379051208,DIFF-MATCH-K1-TRUE-E2E,sim50,20260813
/home/infres/yinwang/denoiseNet/results/cgdr/subject_artifact_subspace_diffusion/checkpoints/klados/fold_00/seed_20260813/models.pt,0.5614978671073914,DIFF-MATCH-K8,sim50,20260813
/home/infres/yinwang/denoiseNet/results/cgdr/subject_artifact_subspace_diffusion/checkpoints/klados/fold_00/seed_20260813/models.pt,0.5453266501426697,DET-POP,sim51,20260813
/home/infres/yinwang/denoiseNet/results/cgdr/subject_artifact_subspace_diffusion/checkpoints/klados/fold_00/seed_20260813/models.pt,0.5438308119773865,DET-MATCH,sim51,20260813
/home/infres/yinwang/denoiseNet/results/cgdr/subject_artifact_subspace_diffusion/checkpoints/klados/fold_00/seed_20260813/models.pt,0.4462926685810089,DIFF-MATCH-K1-TRUE-E2E,sim51,20260813
/home/infres/yinwang/denoiseNet/results/cgdr/subject_artifact_subspace_diffusion/checkpoints/klados/fold_00/seed_20260813/models.pt,0.42523327469825745,DIFF-MATCH-K8,sim51,20260813
/home/infres/yinwang/denoiseNet/results/cgdr/subject_artifact_subspace_diffusion/checkpoints/klados/fold_00/seed_20260813/models.pt,0.642579972743988,DET-POP,sim52,20260813
/home/infres/yinwang/denoiseNet/results/cgdr/subject_artifact_subspace_diffusion/checkpoints/klados/fold_00/seed_20260813/models.pt,0.6360059976577759,DET-MATCH,sim52,20260813
/home/infres/yinwang/denoiseNet/results/cgdr/subject_artifact_subspace_diffusion/checkpoints/klados/fold_00/seed_20260813/models.pt,0.551342785358429,DIFF-MATCH-K1-TRUE-E2E,sim52,20260813
/home/infres/yinwang/denoiseNet/results/cgdr/subject_artifact_subspace_diffusion/checkpoints/klados/fold_00/seed_20260813/models.pt,0.4939204156398773,DIFF-MATCH-K8,sim52,20260813
/home/infres/yinwang/denoiseNet/results/cgdr/subject_artifact_subspace_diffusion/checkpoints/klados/fold_00/seed_20260813/models.pt,1.0157550573349,DET-POP,sim53,20260813
/home/infres/yinwang/denoiseNet/results/cgdr/subject_artifact_subspace_diffusion/checkpoints/klados/fold_00/seed_20260813/models.pt,1.3354154825210571,DET-MATCH,sim53,20260813
/home/infres/yinwang/denoiseNet/results/cgdr/subject_artifact_subspace_diffusion/checkpoints/klados/fold_00/seed_20260813/models.pt,1.3679550886154175,DIFF-MATCH-K1-TRUE-E2E,sim53,20260813
/home/infres/yinwang/denoiseNet/results/cgdr/subject_artifact_subspace_diffusion/checkpoints/klados/fold_00/seed_20260813/models.pt,1.2930126190185547,DIFF-MATCH-K8,sim53,20260813
/home/infres/yinwang/denoiseNet/results/cgdr/subject_artifact_subspace_diffusion/checkpoints/klados/fold_00/seed_20260813/models.pt,0.5749731063842773,DET-POP,sim54,20260813
/home/infres/yinwang/denoiseNet/results/cgdr/subject_artifact_subspace_diffusion/checkpoints/klados/fold_00/seed_20260813/models.pt,0.6032060384750366,DET-MATCH,sim54,20260813
/home/infres/yinwang/denoiseNet/results/cgdr/subject_artifact_subspace_diffusion/checkpoints/klados/fold_00/seed_20260813/models.pt,0.5253524780273438,DIFF-MATCH-K1-TRUE-E2E,sim54,20260813
/home/infres/yinwang/denoiseNet/results/cgdr/subject_artifact_subspace_diffusion/checkpoints/klados/fold_00/seed_20260813/models.pt,0.6426120400428772,DIFF-MATCH-K8,sim54,20260813
