adaptive_subject_attack_recall,cross_session_same_different_auroc,cross_session_verification_recall,fixed_head_balanced_accuracy,fold,linear_subject_probe_recall,method,participant,seed,strength
0.43,0.533377298563983,0.25,0.72,0,0.3,RAW,1,20260940,strong
0.31,0.5149300067182582,0.11,0.74,0,0.34,RAW,2,20260940,strong
0.11,0.48561164186130334,0.1,0.77,0,0.31,RAW,3,20260940,strong
0.35,0.5318291464632928,0.09,0.9099999999999999,0,0.39,RAW,4,20260940,strong
0.3,0.5584045758403163,0.25,0.76,0,0.41,RAW,5,20260940,strong
0.34,0.5830034109729559,0.47,0.8400000000000001,0,0.46,RAW,6,20260940,strong
0.26,0.5500359866310395,0.4,0.69,0,0.3,RAW,7,20260940,strong
0.42,0.6111476510067114,0.45,0.6,0,0.4,RAW,8,20260940,strong
0.64,0.652388890281503,0.43,0.61,0,0.68,RAW,9,20260940,strong
0.31,0.5160413533061096,0.18,0.68,0,0.18,LEACE,1,20260940,strong
0.13,0.5115718569618195,0.12,0.69,0,0.21,LEACE,2,20260940,strong
0.08,0.5003372925404677,0.02,0.72,0,0.15,LEACE,3,20260940,strong
0.28,0.5137886503740162,0.09,0.87,0,0.26,LEACE,4,20260940,strong
0.21,0.4959853121175031,0.13,0.63,0,0.26,LEACE,5,20260940,strong
0.32,0.5665941288804015,0.45,0.81,0,0.38,LEACE,6,20260940,strong
0.18,0.5170671818437005,0.37,0.63,0,0.25,LEACE,7,20260940,strong
0.29,0.5629769894534996,0.27,0.64,0,0.25,LEACE,8,20260940,strong
0.11,0.5032461835409721,0.08,0.63,0,0.3,LEACE,9,20260940,strong
0.43,0.5469242206188268,0.32,0.72,0,0.36,OneStep-Bridge,1,20260940,weak
0.34,0.5170052237885101,0.09,0.74,0,0.48,OneStep-Bridge,2,20260940,weak
0.09,0.4874492707095158,0.12,0.77,0,0.26,OneStep-Bridge,3,20260940,weak
0.38,0.5245510586974002,0.09,0.9099999999999999,0,0.41,OneStep-Bridge,4,20260940,weak
0.35,0.5391733358440824,0.15,0.76,0,0.42,OneStep-Bridge,5,20260940,weak
0.44,0.5823220829357114,0.4,0.8400000000000001,0,0.44,OneStep-Bridge,6,20260940,weak
0.37,0.5601646934725788,0.45,0.6799999999999999,0,0.4,OneStep-Bridge,7,20260940,weak
0.5,0.6072655800575264,0.41,0.6,0,0.42,OneStep-Bridge,8,20260940,weak
0.69,0.637436392349535,0.41,0.61,0,0.7,OneStep-Bridge,9,20260940,weak
0.15,0.5035524122942379,0.12,0.71,0,0.07,Gaussian-Bridge,1,20260940,medium
0.11,0.5082998889430789,0.09,0.75,0,0.22,Gaussian-Bridge,2,20260940,medium
0.04,0.48641621997973294,0.14,0.77,0,0.17,Gaussian-Bridge,3,20260940,medium
0.07,0.49482030164957,0.07,0.9199999999999999,0,0.24,Gaussian-Bridge,4,20260940,medium
0.23,0.5395188776951323,0.22,0.76,0,0.3,Gaussian-Bridge,5,20260940,medium
0.13,0.533743068922451,0.26,0.8799999999999999,0,0.24,Gaussian-Bridge,6,20260940,medium
0.29,0.5149526637391713,0.3,0.6399999999999999,0,0.26,Gaussian-Bridge,7,20260940,medium
0.21,0.5241188878235858,0.22,0.5900000000000001,0,0.17,Gaussian-Bridge,8,20260940,medium
0.16,0.5209936580352442,0.16,0.55,0,0.24,Gaussian-Bridge,9,20260940,medium
0.29,0.5037581609105785,0.05,0.72,0,0.06,Stratified-Resample,1,20260940,strong
0.08,0.4758759688100456,0.02,0.74,0,0.11,Stratified-Resample,2,20260940,strong
0.15,0.5071973796554987,0.27,0.77,0,0.18,Stratified-Resample,3,20260940,strong
0.09,0.48029336517141397,0.04,0.9099999999999999,0,0.14,Stratified-Resample,4,20260940,strong
0.03,0.5097740325769702,0.14,0.76,0,0.11,Stratified-Resample,5,20260940,strong
0.09,0.5134684146503943,0.26,0.8400000000000001,0,0.11,Stratified-Resample,6,20260940,strong
0.08,0.4938881005177996,0.1,0.69,0,0.12,Stratified-Resample,7,20260940,strong
0.1,0.49425119846596355,0.06,0.6,0,0.08,Stratified-Resample,8,20260940,strong
0.03,0.47525881733637476,0.06,0.61,0,0.06,Stratified-Resample,9,20260940,strong
0.67,0.5543138446078161,0.36,0.72,0,0.65,SARD-Bridge,1,20260940,weak
0.5,0.5438537730952366,0.26,0.74,0,0.66,SARD-Bridge,2,20260940,weak
0.44,0.538584789435899,0.28,0.77,0,0.66,SARD-Bridge,3,20260940,weak
0.49,0.5295173119563363,0.08,0.9099999999999999,0,0.66,SARD-Bridge,4,20260940,weak
0.57,0.5984841352038415,0.46,0.77,0,0.76,SARD-Bridge,5,20260940,weak
0.47,0.5783900944218839,0.41,0.8400000000000001,0,0.73,SARD-Bridge,6,20260940,weak
0.48,0.5753830075110559,0.45,0.6699999999999999,0,0.64,SARD-Bridge,7,20260940,weak
0.71,0.5869779482262704,0.41,0.6,0,0.76,SARD-Bridge,8,20260940,weak
0.74,0.6337181126179195,0.43,0.61,0,0.77,SARD-Bridge,9,20260940,weak
0.33,0.5388376609692613,0.28,0.69,0,0.46,RAW,1,20260941,strong
0.23,0.5099841621792841,0.16,0.71,0,0.4,RAW,2,20260941,strong
0.07,0.4824860313815538,0.05,0.79,0,0.22,RAW,3,20260941,strong
0.27,0.5408042846768337,0.11,0.9099999999999999,0,0.42,RAW,4,20260941,strong
0.35,0.5348216832355794,0.17,0.79,0,0.43,RAW,5,20260941,strong
0.25,0.535827457566588,0.28,0.8500000000000001,0,0.27,RAW,6,20260941,strong
0.35,0.5599342838273422,0.38,0.64,0,0.39,RAW,7,20260941,strong
0.3,0.5268166846995926,0.18,0.6599999999999999,0,0.26,RAW,8,20260941,strong
0.77,0.6345166809238666,0.55,0.65,0,0.82,RAW,9,20260941,strong
0.4,0.5412686931279913,0.38,0.63,0,0.24,LEACE,1,20260941,strong
0.12,0.5122320768662232,0.14,0.62,0,0.3,LEACE,2,20260941,strong
0.01,0.46567827529021555,0.0,0.76,0,0.05,LEACE,3,20260941,strong
0.11,0.5108473798876276,0.05,0.85,0,0.28,LEACE,4,20260941,strong
0.33,0.5230932785703544,0.26,0.74,0,0.22,LEACE,5,20260941,strong
0.22,0.5271810315288576,0.3,0.74,0,0.26,LEACE,6,20260941,strong
0.2,0.5490684280703036,0.22,0.52,0,0.21,LEACE,7,20260941,strong
0.2,0.5228259053589613,0.2,0.71,0,0.17,LEACE,8,20260941,strong
0.15,0.48369926813040587,0.13,0.69,0,0.3,LEACE,9,20260941,strong
0.41,0.5325403289345035,0.27,0.69,0,0.47,OneStep-Bridge,1,20260941,weak
0.33,0.5190143596241157,0.19,0.71,0,0.44,OneStep-Bridge,2,20260941,weak
0.19,0.49139431049878807,0.06,0.79,0,0.27,OneStep-Bridge,3,20260941,weak
0.41,0.544020181171884,0.11,0.9099999999999999,0,0.55,OneStep-Bridge,4,20260941,weak
0.45,0.5420819266611696,0.27,0.79,0,0.48,OneStep-Bridge,5,20260941,weak
0.32,0.5439845178975613,0.33,0.8500000000000001,0,0.31,OneStep-Bridge,6,20260941,weak
0.37,0.5630605125207766,0.4,0.64,0,0.42,OneStep-Bridge,7,20260941,weak
0.3,0.5329137363161915,0.23,0.6599999999999999,0,0.25,OneStep-Bridge,8,20260941,weak
0.83,0.6275468543432615,0.57,0.65,0,0.82,OneStep-Bridge,9,20260941,weak
0.16,0.49257400836480103,0.21,0.71,0,0.14,Gaussian-Bridge,1,20260941,medium
0.11,0.5102270087635941,0.07,0.74,0,0.21,Gaussian-Bridge,2,20260941,medium
0.1,0.5046837606837606,0.07,0.76,0,0.11,Gaussian-Bridge,3,20260941,medium
0.23,0.5194845774567136,0.04,0.9099999999999999,0,0.21,Gaussian-Bridge,4,20260941,medium
0.14,0.519110516462602,0.22,0.75,0,0.18,Gaussian-Bridge,5,20260941,medium
0.2,0.5266540223061962,0.25,0.85,0,0.16,Gaussian-Bridge,6,20260941,medium
0.2,0.5376873021473115,0.32,0.5900000000000001,0,0.15,Gaussian-Bridge,7,20260941,medium
0.17,0.49906619940173114,0.21,0.6499999999999999,0,0.18,Gaussian-Bridge,8,20260941,medium
0.28,0.49595289939601317,0.18,0.66,0,0.45,Gaussian-Bridge,9,20260941,medium
0.1,0.4895914612961834,0.16,0.69,0,0.2,Stratified-Resample,1,20260941,medium
0.11,0.503496990814064,0.13,0.71,0,0.18,Stratified-Resample,2,20260941,medium
0.1,0.49586835055491774,0.1,0.79,0,0.1,Stratified-Resample,3,20260941,medium
0.17,0.5243196498872453,0.03,0.9099999999999999,0,0.18,Stratified-Resample,4,20260941,medium
0.17,0.525036949453148,0.25,0.79,0,0.23,Stratified-Resample,5,20260941,medium
0.17,0.5219408610712959,0.28,0.8500000000000001,0,0.14,Stratified-Resample,6,20260941,medium
0.13,0.5127803343680394,0.3,0.64,0,0.15,Stratified-Resample,7,20260941,medium
0.19,0.4863917706211813,0.11,0.6599999999999999,0,0.21,Stratified-Resample,8,20260941,medium
0.17,0.4882648123666088,0.14,0.65,0,0.28,Stratified-Resample,9,20260941,medium
0.53,0.5176285428425516,0.24,0.69,0,0.64,SARD-Bridge,1,20260941,weak
0.47,0.5207739415056488,0.21,0.7,0,0.59,SARD-Bridge,2,20260941,weak
0.5,0.5239076412807756,0.1,0.79,0,0.56,SARD-Bridge,3,20260941,weak
0.57,0.5331737568321675,0.1,0.9099999999999999,0,0.7,SARD-Bridge,4,20260941,weak
0.65,0.5851496906617711,0.39,0.79,0,0.65,SARD-Bridge,5,20260941,weak
0.36,0.5462209288296245,0.38,0.8500000000000001,0,0.57,SARD-Bridge,6,20260941,weak
0.48,0.5708722389546168,0.41,0.63,0,0.57,SARD-Bridge,7,20260941,weak
0.46,0.5411001543406314,0.18,0.6599999999999999,0,0.55,SARD-Bridge,8,20260941,weak
0.91,0.6185118939609957,0.57,0.65,0,0.92,SARD-Bridge,9,20260941,weak
0.19,0.5019497388616904,0.09,0.5900000000000001,1,0.27,RAW,10,20260940,strong
0.41,0.59328291701678,0.44,0.63,1,0.36,RAW,11,20260940,strong
0.62,0.5745820280686481,0.32,0.6699999999999999,1,0.67,RAW,12,20260940,strong
0.27,0.5405019370873029,0.09,0.79,1,0.29,RAW,13,20260940,strong
0.14,0.5191366161378401,0.18,0.78,1,0.16,RAW,14,20260940,strong
0.43,0.5756214545757838,0.34,0.71,1,0.48,RAW,15,20260940,strong
0.33,0.5292618418355999,0.12,0.89,1,0.37,RAW,16,20260940,strong
0.18,0.5243336529242569,0.18,0.77,1,0.2,RAW,17,20260940,strong
0.14,0.5141764637070831,0.13,0.59,1,0.08,RAW,18,20260940,strong
0.17,0.48364677510701626,0.08,0.55,1,0.13,LEACE,10,20260940,strong
0.21,0.538323451813636,0.3,0.66,1,0.22,LEACE,11,20260940,strong
0.37,0.5152815678735995,0.14,0.62,1,0.3,LEACE,12,20260940,strong
0.18,0.5380278258327038,0.15,0.75,1,0.13,LEACE,13,20260940,strong
0.06,0.5180538555691554,0.22,0.79,1,0.16,LEACE,14,20260940,strong
0.24,0.5041881635230617,0.19,0.73,1,0.37,LEACE,15,20260940,strong
0.22,0.5024510732369221,0.08,0.85,1,0.17,LEACE,16,20260940,strong
0.19,0.5142070949185044,0.2,0.6499999999999999,1,0.23,LEACE,17,20260940,strong
0.13,0.5166925692895161,0.1,0.55,1,0.02,LEACE,18,20260940,strong
0.3,0.5182710185747684,0.15,0.5900000000000001,1,0.29,OneStep-Bridge,10,20260940,weak
0.38,0.6036874031679623,0.48,0.63,1,0.35,OneStep-Bridge,11,20260940,weak
0.52,0.5588666576721988,0.27,0.6699999999999999,1,0.67,OneStep-Bridge,12,20260940,weak
0.25,0.5379742209010502,0.12,0.79,1,0.33,OneStep-Bridge,13,20260940,weak
0.18,0.5117088786366633,0.19,0.78,1,0.19,OneStep-Bridge,14,20260940,weak
0.43,0.5520544369186642,0.32,0.71,1,0.55,OneStep-Bridge,15,20260940,weak
0.31,0.5271910321898229,0.12,0.89,1,0.41,OneStep-Bridge,16,20260940,weak
0.2,0.5225254074784276,0.16,0.77,1,0.21,OneStep-Bridge,17,20260940,weak
0.09,0.5187574678932811,0.19,0.59,1,0.1,OneStep-Bridge,18,20260940,weak
0.19,0.48164235042887754,0.08,0.5900000000000001,1,0.18,Gaussian-Bridge,10,20260940,strong
0.12,0.5373695766713871,0.3,0.61,1,0.27,Gaussian-Bridge,11,20260940,strong
0.1,0.5068507315555144,0.07,0.65,1,0.12,Gaussian-Bridge,12,20260940,strong
0.07,0.5020326015447967,0.13,0.76,1,0.16,Gaussian-Bridge,13,20260940,strong
0.15,0.5336192448921947,0.23,0.78,1,0.15,Gaussian-Bridge,14,20260940,strong
0.09,0.49381984560175135,0.13,0.6799999999999999,1,0.11,Gaussian-Bridge,15,20260940,strong
0.2,0.5048215286499235,0.14,0.9,1,0.17,Gaussian-Bridge,16,20260940,strong
0.04,0.5205196548418025,0.14,0.78,1,0.1,Gaussian-Bridge,17,20260940,strong
0.23,0.49547853006793174,0.09,0.5800000000000001,1,0.17,Gaussian-Bridge,18,20260940,strong
0.13,0.47872721740156826,0.11,0.5900000000000001,1,0.13,Stratified-Resample,10,20260940,medium
0.18,0.5721478251842624,0.51,0.63,1,0.23,Stratified-Resample,11,20260940,medium
0.2,0.5313593431018505,0.25,0.6699999999999999,1,0.16,Stratified-Resample,12,20260940,medium
0.11,0.4991993372481177,0.08,0.79,1,0.11,Stratified-Resample,13,20260940,medium
0.12,0.5147905093682328,0.22,0.78,1,0.18,Stratified-Resample,14,20260940,medium
0.13,0.50742474249808,0.15,0.71,1,0.18,Stratified-Resample,15,20260940,medium
0.12,0.49928852342142044,0.02,0.89,1,0.18,Stratified-Resample,16,20260940,medium
0.12,0.5074256951102588,0.06,0.77,1,0.1,Stratified-Resample,17,20260940,medium
0.1,0.49497301113812775,0.09,0.59,1,0.06,Stratified-Resample,18,20260940,medium
0.43,0.5076143231357821,0.12,0.5900000000000001,1,0.42,SARD-Bridge,10,20260940,weak
0.54,0.5936619207950656,0.45,0.63,1,0.57,SARD-Bridge,11,20260940,weak
0.73,0.6246854808609872,0.48,0.65,1,0.83,SARD-Bridge,12,20260940,weak
0.39,0.547761506785897,0.15,0.79,1,0.46,SARD-Bridge,13,20260940,weak
0.19,0.5385698145184068,0.31,0.78,1,0.36,SARD-Bridge,14,20260940,weak
0.59,0.5903290413638693,0.36,0.7,1,0.64,SARD-Bridge,15,20260940,weak
0.51,0.5463576770022602,0.24,0.89,1,0.83,SARD-Bridge,16,20260940,weak
0.33,0.5209319271332694,0.17,0.77,1,0.41,SARD-Bridge,17,20260940,weak
0.18,0.5253877037742628,0.24,0.59,1,0.22,SARD-Bridge,18,20260940,weak
0.29,0.4953828424755711,0.09,0.63,1,0.34,RAW,10,20260941,strong
0.23,0.5517358251504593,0.29,0.73,1,0.29,RAW,11,20260941,strong
0.73,0.5985977803291236,0.49,0.66,1,0.6,RAW,12,20260941,strong
0.39,0.555846042120552,0.3,0.69,1,0.26,RAW,13,20260941,strong
0.32,0.546315685755921,0.28,0.73,1,0.28,RAW,14,20260941,strong
0.53,0.6237405106970324,0.56,0.5700000000000001,1,0.52,RAW,15,20260941,strong
0.44,0.538618826010761,0.17,0.89,1,0.33,RAW,16,20260941,strong
0.12,0.5252762617744399,0.16,0.71,1,0.15,RAW,17,20260941,strong
0.04,0.491326870069385,0.02,0.62,1,0.06,RAW,18,20260941,strong
0.1,0.4800505381304689,0.07,0.61,1,0.12,LEACE,10,20260941,strong
0.26,0.5449361207897793,0.37,0.65,1,0.29,LEACE,11,20260941,strong
0.32,0.5158362035973976,0.24,0.63,1,0.31,LEACE,12,20260941,strong
0.31,0.5476789741237625,0.38,0.7,1,0.27,LEACE,13,20260941,strong
0.15,0.49783904040325466,0.31,0.6699999999999999,1,0.21,LEACE,14,20260941,strong
0.21,0.5300158778419648,0.16,0.63,1,0.37,LEACE,15,20260941,strong
0.24,0.5222657275162921,0.11,0.82,1,0.2,LEACE,16,20260941,strong
0.19,0.5330549500381874,0.11,0.66,1,0.25,LEACE,17,20260941,strong
0.05,0.49541501412758904,0.02,0.6599999999999999,1,0.11,LEACE,18,20260941,strong
0.43,0.5076803909395878,0.19,0.62,1,0.39,OneStep-Bridge,10,20260941,weak
0.37,0.5714338507021434,0.39,0.73,1,0.36,OneStep-Bridge,11,20260941,weak
0.72,0.5871034570736063,0.45,0.66,1,0.55,OneStep-Bridge,12,20260941,weak
0.46,0.5585913312693498,0.25,0.69,1,0.42,OneStep-Bridge,13,20260941,weak
0.33,0.5260803501511686,0.29,0.73,1,0.26,OneStep-Bridge,14,20260941,weak
0.55,0.6217782217782217,0.49,0.5700000000000001,1,0.52,OneStep-Bridge,15,20260941,weak
0.49,0.5383842627262598,0.15,0.89,1,0.38,OneStep-Bridge,16,20260941,weak
0.23,0.5270394443737271,0.23,0.71,1,0.25,OneStep-Bridge,17,20260941,weak
0.06,0.5108689547312302,0.04,0.62,1,0.17,OneStep-Bridge,18,20260941,weak
0.15,0.5238793615716562,0.15,0.5900000000000001,1,0.26,Gaussian-Bridge,10,20260941,medium
0.17,0.5311023123218246,0.26,0.71,1,0.22,Gaussian-Bridge,11,20260941,medium
0.19,0.5298277841561424,0.13,0.64,1,0.22,Gaussian-Bridge,12,20260941,medium
0.09,0.5091512823452968,0.15,0.73,1,0.15,Gaussian-Bridge,13,20260941,medium
0.2,0.5181324579554116,0.23,0.73,1,0.24,Gaussian-Bridge,14,20260941,medium
0.15,0.537609250652729,0.26,0.56,1,0.25,Gaussian-Bridge,15,20260941,medium
0.13,0.5086014548691589,0.04,0.9,1,0.16,Gaussian-Bridge,16,20260941,medium
0.19,0.4912914889893075,0.05,0.6699999999999999,1,0.14,Gaussian-Bridge,17,20260941,medium
0.11,0.4924631256966586,0.1,0.63,1,0.18,Gaussian-Bridge,18,20260941,medium
0.16,0.5147257328693393,0.07,0.63,1,0.17,Stratified-Resample,10,20260941,medium
0.18,0.5324210748600993,0.23,0.73,1,0.15,Stratified-Resample,11,20260941,medium
0.32,0.5233090955479015,0.19,0.66,1,0.23,Stratified-Resample,12,20260941,medium
0.13,0.49248174903489655,0.09,0.69,1,0.15,Stratified-Resample,13,20260941,medium
0.15,0.5100808479964322,0.28,0.73,1,0.12,Stratified-Resample,14,20260941,medium
0.21,0.5213762083327301,0.25,0.5700000000000001,1,0.27,Stratified-Resample,15,20260941,medium
0.25,0.5131100688212522,0.06,0.89,1,0.23,Stratified-Resample,16,20260941,medium
0.13,0.5117525617362526,0.14,0.71,1,0.1,Stratified-Resample,17,20260941,medium
0.12,0.507214467169557,0.03,0.62,1,0.11,Stratified-Resample,18,20260941,medium
0.57,0.5726632759416097,0.41,0.62,1,0.59,SARD-Bridge,10,20260941,weak
0.55,0.595739626227431,0.47,0.73,1,0.6,SARD-Bridge,11,20260941,weak
0.81,0.5875320831738742,0.42,0.64,1,0.88,SARD-Bridge,12,20260941,weak
0.71,0.597820395214616,0.38,0.69,1,0.74,SARD-Bridge,13,20260941,weak
0.5,0.5575721745984826,0.35,0.73,1,0.65,SARD-Bridge,14,20260941,weak
0.61,0.6372313676661503,0.54,0.5700000000000001,1,0.71,SARD-Bridge,15,20260941,weak
0.71,0.5615531550203753,0.3,0.89,1,0.8,SARD-Bridge,16,20260941,weak
0.44,0.5234723061990836,0.1,0.71,1,0.53,SARD-Bridge,17,20260941,weak
0.29,0.5130215758958274,0.05,0.62,1,0.52,SARD-Bridge,18,20260941,weak
0.37,0.5860337839228031,0.44,0.67,2,0.4,RAW,19,20260940,strong
0.17,0.506242299955538,0.04,0.83,2,0.26,RAW,20,20260940,strong
0.06,0.501449126929338,0.14,0.54,2,0.09,RAW,21,20260940,strong
0.4,0.505806388733218,0.09,0.6799999999999999,2,0.37,RAW,22,20260940,strong
0.33,0.5443630543263347,0.31,0.61,2,0.35,RAW,23,20260940,strong
0.57,0.6901148942208435,0.65,0.75,2,0.58,RAW,24,20260940,strong
0.46,0.5221519325452213,0.05,0.96,2,0.41,RAW,25,20260940,strong
0.39,0.5263844678811122,0.21,0.86,2,0.36,RAW,26,20260940,strong
0.04,0.49223652436935467,0.03,0.86,2,0.15,RAW,27,20260940,strong
0.28,0.5309505477786187,0.26,0.65,2,0.26,LEACE,19,20260940,strong
0.18,0.518815040280169,0.08,0.72,2,0.18,LEACE,20,20260940,strong
0.12,0.5087100259099759,0.13,0.47,2,0.15,LEACE,21,20260940,strong
0.16,0.49916425038376255,0.12,0.62,2,0.16,LEACE,22,20260940,strong
0.29,0.5196497504943037,0.16,0.51,2,0.24,LEACE,23,20260940,strong
0.45,0.5414034057736322,0.28,0.69,2,0.33,LEACE,24,20260940,strong
0.23,0.4920309766703673,0.06,0.95,2,0.12,LEACE,25,20260940,strong
0.17,0.48987535953978906,0.07,0.8300000000000001,2,0.26,LEACE,26,20260940,strong
0.14,0.5177067405309201,0.05,0.8200000000000001,2,0.22,LEACE,27,20260940,strong
0.45,0.5843672201304447,0.51,0.67,2,0.47,OneStep-Bridge,19,20260940,weak
0.23,0.5082097898536673,0.1,0.83,2,0.32,OneStep-Bridge,20,20260940,weak
0.14,0.505534059653017,0.16,0.54,2,0.13,OneStep-Bridge,21,20260940,weak
0.4,0.5034097609707366,0.06,0.69,2,0.39,OneStep-Bridge,22,20260940,weak
0.37,0.5476094529705301,0.37,0.61,2,0.45,OneStep-Bridge,23,20260940,weak
0.61,0.6823234910858679,0.66,0.74,2,0.57,OneStep-Bridge,24,20260940,weak
0.56,0.5198975473726846,0.04,0.96,2,0.54,OneStep-Bridge,25,20260940,weak
0.45,0.5205608820709492,0.2,0.86,2,0.38,OneStep-Bridge,26,20260940,weak
0.06,0.5051345683035453,0.03,0.85,2,0.21,OneStep-Bridge,27,20260940,weak
0.21,0.5227736646102634,0.16,0.6799999999999999,2,0.16,Gaussian-Bridge,19,20260940,strong
0.16,0.48677306193920666,0.13,0.83,2,0.18,Gaussian-Bridge,20,20260940,strong
0.06,0.48608926779452044,0.07,0.52,2,0.14,Gaussian-Bridge,21,20260940,strong
0.16,0.5080402524304963,0.15,0.6799999999999999,2,0.15,Gaussian-Bridge,22,20260940,strong
0.22,0.5202061952735146,0.16,0.56,2,0.15,Gaussian-Bridge,23,20260940,strong
0.1,0.5058638622092576,0.16,0.62,2,0.1,Gaussian-Bridge,24,20260940,strong
0.12,0.5061099568840337,0.04,0.96,2,0.2,Gaussian-Bridge,25,20260940,strong
0.16,0.5034630872483221,0.13,0.8400000000000001,2,0.16,Gaussian-Bridge,26,20260940,strong
0.11,0.5115924681857302,0.13,0.82,2,0.19,Gaussian-Bridge,27,20260940,strong
0.25,0.5329885419678447,0.22,0.67,2,0.13,Stratified-Resample,19,20260940,strong
0.01,0.512231441056588,0.03,0.83,2,0.08,Stratified-Resample,20,20260940,strong
0.21,0.47460605708466985,0.09,0.54,2,0.17,Stratified-Resample,21,20260940,strong
0.08,0.4903598840184206,0.17,0.6799999999999999,2,0.09,Stratified-Resample,22,20260940,strong
0.2,0.48873740702382074,0.15,0.61,2,0.08,Stratified-Resample,23,20260940,strong
0.07,0.4974025045575321,0.12,0.75,2,0.09,Stratified-Resample,24,20260940,strong
0.01,0.5074241245438537,0.03,0.96,2,0.09,Stratified-Resample,25,20260940,strong
0.13,0.4910896452540748,0.06,0.86,2,0.19,Stratified-Resample,26,20260940,strong
0.11,0.5142709873912716,0.06,0.86,2,0.08,Stratified-Resample,27,20260940,strong
0.58,0.602096253534274,0.49,0.68,2,0.71,SARD-Bridge,19,20260940,weak
0.35,0.5051532761791718,0.07,0.83,2,0.39,SARD-Bridge,20,20260940,weak
0.16,0.5123961163595253,0.14,0.54,2,0.32,SARD-Bridge,21,20260940,weak
0.51,0.5282902463390269,0.18,0.69,2,0.57,SARD-Bridge,22,20260940,weak
0.51,0.5529168628189436,0.38,0.61,2,0.61,SARD-Bridge,23,20260940,weak
0.77,0.7410162727998466,0.76,0.74,2,0.81,SARD-Bridge,24,20260940,weak
0.75,0.5286955744699864,0.04,0.96,2,0.72,SARD-Bridge,25,20260940,weak
0.48,0.5303662511984659,0.32,0.86,2,0.63,SARD-Bridge,26,20260940,weak
0.26,0.521027080774405,0.12,0.86,2,0.4,SARD-Bridge,27,20260940,weak
0.29,0.5317230237065979,0.29,0.6699999999999999,2,0.38,RAW,19,20260941,strong
0.15,0.5055833597297013,0.07,0.8799999999999999,2,0.22,RAW,20,20260941,strong
0.09,0.5136920525577242,0.12,0.5,2,0.12,RAW,21,20260941,strong
0.41,0.4992632725604862,0.15,0.69,2,0.53,RAW,22,20260941,strong
0.39,0.530469685890754,0.32,0.63,2,0.48,RAW,23,20260941,strong
0.58,0.6815310293571163,0.54,0.81,2,0.5,RAW,24,20260941,strong
0.44,0.5230367101153494,0.11,0.98,2,0.44,RAW,25,20260941,strong
0.33,0.5435097377800407,0.18,0.8300000000000001,2,0.3,RAW,26,20260941,strong
0.15,0.47620127709948074,0.05,0.8300000000000001,2,0.23,RAW,27,20260941,strong
0.28,0.5215081322344802,0.26,0.66,2,0.36,LEACE,19,20260941,strong
0.15,0.5135476718403547,0.23,0.83,2,0.17,LEACE,20,20260941,strong
0.07,0.5345008291873964,0.18,0.49,2,0.16,LEACE,21,20260941,strong
0.22,0.5189236708328555,0.15,0.6599999999999999,2,0.15,LEACE,22,20260941,strong
0.35,0.5410354144302524,0.26,0.67,2,0.39,LEACE,23,20260941,strong
0.21,0.49031934249325554,0.09,0.6799999999999999,2,0.22,LEACE,24,20260941,strong
0.23,0.4972049477471831,0.14,0.95,2,0.22,LEACE,25,20260941,strong
0.19,0.5099416449210794,0.08,0.79,2,0.21,LEACE,26,20260941,strong
0.12,0.4789976324407462,0.24,0.78,2,0.17,LEACE,27,20260941,strong
0.28,0.5445046902498618,0.41,0.6799999999999999,2,0.43,OneStep-Bridge,19,20260941,weak
0.21,0.5018899799387604,0.03,0.8999999999999999,2,0.23,OneStep-Bridge,20,20260941,weak
0.14,0.5210419696389846,0.16,0.5,2,0.16,OneStep-Bridge,21,20260941,weak
0.34,0.5061546840958606,0.14,0.69,2,0.45,OneStep-Bridge,22,20260941,weak
0.34,0.5348206460579471,0.38,0.63,2,0.49,OneStep-Bridge,23,20260941,weak
0.6,0.6355383746688095,0.44,0.81,2,0.5,OneStep-Bridge,24,20260941,weak
0.46,0.5240191842004325,0.08,0.98,2,0.45,OneStep-Bridge,25,20260941,weak
0.38,0.5287270477978615,0.13,0.8300000000000001,2,0.34,OneStep-Bridge,26,20260941,weak
0.11,0.47869304680681923,0.04,0.8300000000000001,2,0.28,OneStep-Bridge,27,20260941,weak
0.07,0.5239657434250119,0.2,0.6599999999999999,2,0.13,Gaussian-Bridge,19,20260941,strong
0.08,0.5042994403970014,0.08,0.8899999999999999,2,0.17,Gaussian-Bridge,20,20260941,strong
0.11,0.5014210996300549,0.03,0.55,2,0.07,Gaussian-Bridge,21,20260941,strong
0.08,0.4885257806826434,0.05,0.68,2,0.11,Gaussian-Bridge,22,20260941,strong
0.25,0.5289108079095166,0.27,0.61,2,0.17,Gaussian-Bridge,23,20260941,strong
0.13,0.47441833528790045,0.07,0.78,2,0.17,Gaussian-Bridge,24,20260941,strong
0.08,0.5001187236296554,0.11,0.97,2,0.14,Gaussian-Bridge,25,20260941,strong
0.15,0.49102895080193487,0.17,0.8200000000000001,2,0.1,Gaussian-Bridge,26,20260941,strong
0.12,0.4784316648089104,0.09,0.8200000000000001,2,0.14,Gaussian-Bridge,27,20260941,strong
0.07,0.5205057230350976,0.22,0.6699999999999999,2,0.14,Stratified-Resample,19,20260941,strong
0.17,0.4933322774786189,0.1,0.8799999999999999,2,0.17,Stratified-Resample,20,20260941,strong
0.1,0.5046638601862483,0.06,0.5,2,0.18,Stratified-Resample,21,20260941,strong
0.06,0.5001251767763636,0.06,0.69,2,0.13,Stratified-Resample,22,20260941,strong
0.18,0.5207990416478678,0.2,0.63,2,0.14,Stratified-Resample,23,20260941,strong
0.11,0.48517569387134607,0.13,0.81,2,0.17,Stratified-Resample,24,20260941,strong
0.09,0.4903026347032534,0.07,0.98,2,0.12,Stratified-Resample,25,20260941,strong
0.16,0.49797030136201625,0.04,0.8300000000000001,2,0.16,Stratified-Resample,26,20260941,strong
0.09,0.5114932472716904,0.2,0.8300000000000001,2,0.1,Stratified-Resample,27,20260941,strong
0.51,0.5542629919256699,0.45,0.6699999999999999,2,0.63,SARD-Bridge,19,20260941,weak
0.4,0.5145391194171682,0.09,0.8999999999999999,2,0.61,SARD-Bridge,20,20260941,weak
0.31,0.5538237020028064,0.29,0.5,2,0.31,SARD-Bridge,21,20260941,weak
0.51,0.5460182318541451,0.28,0.69,2,0.61,SARD-Bridge,22,20260941,weak
0.48,0.5606681498306808,0.47,0.63,2,0.65,SARD-Bridge,23,20260941,weak
0.63,0.5887716148585713,0.38,0.8200000000000001,2,0.62,SARD-Bridge,24,20260941,weak
0.84,0.5422901259431799,0.17,0.98,2,0.89,SARD-Bridge,25,20260941,weak
0.43,0.5366021989562118,0.23,0.8300000000000001,2,0.62,SARD-Bridge,26,20260941,weak
0.25,0.48055188324649406,0.05,0.8300000000000001,2,0.41,SARD-Bridge,27,20260941,weak
0.36,0.5588202807494015,0.16,0.91,3,0.43,RAW,28,20260940,strong
0.38,0.5234433913297254,0.3,0.72,3,0.53,RAW,29,20260940,strong
0.42,0.5410329916420386,0.14,0.73,3,0.53,RAW,30,20260940,strong
0.37,0.5246909188372603,0.26,0.8400000000000001,3,0.33,RAW,31,20260940,strong
0.44,0.6239167686658507,0.37,0.6,3,0.5,RAW,32,20260940,strong
0.5,0.5444179303009,0.24,0.8400000000000001,3,0.7,RAW,33,20260940,strong
0.16,0.5033563239826371,0.17,0.71,3,0.15,RAW,34,20260940,strong
0.47,0.5403806327900288,0.45,0.77,3,0.42,RAW,35,20260940,strong
0.46,0.6195176263170649,0.35,0.74,3,0.47,RAW,36,20260940,strong
0.18,0.49724242709730937,0.05,0.81,3,0.23,LEACE,28,20260940,strong
0.27,0.49454606707681337,0.17,0.6799999999999999,3,0.38,LEACE,29,20260940,strong
0.22,0.5320762743995455,0.14,0.6499999999999999,3,0.38,LEACE,30,20260940,strong
0.33,0.497981043346897,0.14,0.77,3,0.36,LEACE,31,20260940,strong
0.23,0.5114640805950476,0.04,0.5900000000000001,3,0.03,LEACE,32,20260940,strong
0.12,0.48599378030907814,0.23,0.7,3,0.2,LEACE,33,20260940,strong
0.08,0.4945320718100838,0.04,0.6799999999999999,3,0.18,LEACE,34,20260940,strong
0.45,0.5248724832214765,0.27,0.8,3,0.25,LEACE,35,20260940,strong
0.18,0.5448386935051263,0.16,0.74,3,0.16,LEACE,36,20260940,strong
0.37,0.5473876964493203,0.15,0.91,3,0.47,OneStep-Bridge,28,20260940,weak
0.45,0.5185937099083535,0.29,0.71,3,0.61,OneStep-Bridge,29,20260940,weak
0.41,0.5482515444059171,0.11,0.73,3,0.5,OneStep-Bridge,30,20260940,weak
0.38,0.5165069077264199,0.18,0.8400000000000001,3,0.38,OneStep-Bridge,31,20260940,weak
0.39,0.6129347519066002,0.37,0.6,3,0.5,OneStep-Bridge,32,20260940,weak
0.46,0.5271756732311739,0.27,0.8400000000000001,3,0.65,OneStep-Bridge,33,20260940,weak
0.09,0.5124855640673732,0.15,0.71,3,0.15,OneStep-Bridge,34,20260940,weak
0.52,0.5326030680728667,0.49,0.77,3,0.36,OneStep-Bridge,35,20260940,weak
0.45,0.6109603606313556,0.34,0.74,3,0.4,OneStep-Bridge,36,20260940,weak
0.27,0.5162449361475412,0.17,0.9,3,0.25,Gaussian-Bridge,28,20260940,medium
0.13,0.4897071583726538,0.23,0.7,3,0.18,Gaussian-Bridge,29,20260940,medium
0.11,0.5402973492253104,0.08,0.74,3,0.22,Gaussian-Bridge,30,20260940,medium
0.11,0.49455715016690627,0.15,0.86,3,0.22,Gaussian-Bridge,31,20260940,medium
0.3,0.5360323886639676,0.16,0.6000000000000001,3,0.25,Gaussian-Bridge,32,20260940,medium
0.21,0.49443509890088466,0.25,0.8300000000000001,3,0.27,Gaussian-Bridge,33,20260940,medium
0.15,0.5136938601271042,0.11,0.71,3,0.16,Gaussian-Bridge,34,20260940,medium
0.39,0.5246251198465964,0.12,0.79,3,0.2,Gaussian-Bridge,35,20260940,medium
0.21,0.5120844091277501,0.18,0.74,3,0.33,Gaussian-Bridge,36,20260940,medium
0.24,0.5060565895325934,0.18,0.91,3,0.11,Stratified-Resample,28,20260940,strong
0.12,0.5471237824381205,0.19,0.72,3,0.07,Stratified-Resample,29,20260940,strong
0.16,0.5113354913490619,0.03,0.73,3,0.1,Stratified-Resample,30,20260940,strong
0.07,0.4971945128042689,0.06,0.8400000000000001,3,0.15,Stratified-Resample,31,20260940,strong
0.11,0.5367187647114208,0.17,0.6,3,0.08,Stratified-Resample,32,20260940,strong
0.11,0.4753936592081646,0.16,0.8400000000000001,3,0.06,Stratified-Resample,33,20260940,strong
0.05,0.505645190272634,0.09,0.71,3,0.08,Stratified-Resample,34,20260940,strong
0.25,0.5341629913710451,0.13,0.77,3,0.2,Stratified-Resample,35,20260940,strong
0.05,0.5220819859791609,0.08,0.74,3,0.17,Stratified-Resample,36,20260940,strong
0.6,0.5519488184073541,0.13,0.91,3,0.68,SARD-Bridge,28,20260940,weak
0.65,0.5381452123106695,0.39,0.72,3,0.76,SARD-Bridge,29,20260940,weak
0.57,0.5706753433736542,0.28,0.73,3,0.7,SARD-Bridge,30,20260940,weak
0.63,0.5290075777880656,0.22,0.8400000000000001,3,0.6,SARD-Bridge,31,20260940,weak
0.64,0.6600009415309294,0.51,0.6,3,0.81,SARD-Bridge,32,20260940,weak
0.58,0.5424714335076912,0.34,0.8400000000000001,3,0.82,SARD-Bridge,33,20260940,weak
0.2,0.5369992103338452,0.13,0.71,3,0.29,SARD-Bridge,34,20260940,weak
0.46,0.5489060402684564,0.52,0.77,3,0.6,SARD-Bridge,35,20260940,weak
0.49,0.6200294120104612,0.42,0.75,3,0.63,SARD-Bridge,36,20260940,weak
0.28,0.5432905980472005,0.28,0.91,3,0.32,RAW,28,20260941,strong
0.4,0.554211804455707,0.36,0.67,3,0.51,RAW,29,20260941,strong
0.37,0.5560903176425565,0.23,0.7,3,0.46,RAW,30,20260941,strong
0.35,0.5095430569888774,0.13,0.79,3,0.37,RAW,31,20260941,strong
0.58,0.55447412501102,0.39,0.71,3,0.64,RAW,32,20260941,strong
0.55,0.5372221980917633,0.19,0.8300000000000001,3,0.61,RAW,33,20260941,strong
0.29,0.5606908465523524,0.34,0.71,3,0.42,RAW,34,20260941,strong
0.57,0.531315634546843,0.19,0.82,3,0.66,RAW,35,20260941,strong
0.32,0.5368332598871521,0.21,0.79,3,0.44,RAW,36,20260941,strong
0.18,0.4857764209814877,0.17,0.76,3,0.2,LEACE,28,20260941,strong
0.24,0.5132921549994721,0.31,0.73,3,0.22,LEACE,29,20260941,strong
0.27,0.5373603775991836,0.2,0.53,3,0.38,LEACE,30,20260941,strong
0.39,0.509063371937469,0.09,0.77,3,0.31,LEACE,31,20260941,strong
0.51,0.4991075086474685,0.25,0.6799999999999999,3,0.43,LEACE,32,20260941,strong
0.17,0.5018064061542322,0.07,0.77,3,0.2,LEACE,33,20260941,strong
0.16,0.5031786209024727,0.17,0.73,3,0.27,LEACE,34,20260941,strong
0.39,0.528460531759165,0.23,0.8200000000000001,3,0.43,LEACE,35,20260941,strong
0.25,0.49295888741996524,0.19,0.71,3,0.2,LEACE,36,20260941,strong
0.32,0.5320182408098252,0.2,0.91,3,0.31,OneStep-Bridge,28,20260941,weak
0.46,0.564225530566994,0.41,0.6799999999999999,3,0.57,OneStep-Bridge,29,20260941,weak
0.41,0.5571118765148616,0.23,0.7,3,0.48,OneStep-Bridge,30,20260941,weak
0.4,0.5038814356151817,0.13,0.79,3,0.37,OneStep-Bridge,31,20260941,weak
0.57,0.559564592829991,0.53,0.71,3,0.61,OneStep-Bridge,32,20260941,weak
0.48,0.5290863725646334,0.13,0.8300000000000001,3,0.57,OneStep-Bridge,33,20260941,weak
0.31,0.5520917949955346,0.32,0.71,3,0.42,OneStep-Bridge,34,20260941,weak
0.53,0.5263771321283095,0.01,0.82,3,0.66,OneStep-Bridge,35,20260941,weak
0.29,0.5329470928273323,0.22,0.79,3,0.53,OneStep-Bridge,36,20260941,weak
0.18,0.5165359547852699,0.06,0.9099999999999999,3,0.23,Gaussian-Bridge,28,20260941,medium
0.31,0.5310780276633935,0.31,0.7,3,0.3,Gaussian-Bridge,29,20260941,medium
0.17,0.527397882382957,0.19,0.6699999999999999,3,0.21,Gaussian-Bridge,30,20260941,medium
0.08,0.4853868057944425,0.01,0.78,3,0.13,Gaussian-Bridge,31,20260941,medium
0.25,0.5206590226675172,0.26,0.72,3,0.28,Gaussian-Bridge,32,20260941,medium
0.19,0.5003054916098394,0.15,0.81,3,0.27,Gaussian-Bridge,33,20260941,medium
0.15,0.5454057800623131,0.22,0.76,3,0.19,Gaussian-Bridge,34,20260941,medium
0.44,0.5201547781950102,0.07,0.81,3,0.32,Gaussian-Bridge,35,20260941,medium
0.24,0.4887551736354132,0.24,0.78,3,0.3,Gaussian-Bridge,36,20260941,medium
0.08,0.48759518615764025,0.04,0.91,3,0.18,Stratified-Resample,28,20260941,medium
0.13,0.5367141801288142,0.19,0.67,3,0.25,Stratified-Resample,29,20260941,medium
0.16,0.5257874728919505,0.17,0.7,3,0.25,Stratified-Resample,30,20260941,medium
0.05,0.5061307953980813,0.06,0.79,3,0.15,Stratified-Resample,31,20260941,medium
0.24,0.4979437953441096,0.17,0.71,3,0.29,Stratified-Resample,32,20260941,medium
0.05,0.4935962588136501,0.09,0.8300000000000001,3,0.22,Stratified-Resample,33,20260941,medium
0.17,0.542850578381148,0.21,0.71,3,0.23,Stratified-Resample,34,20260941,medium
0.27,0.5085444246435845,0.02,0.82,3,0.27,Stratified-Resample,35,20260941,medium
0.1,0.4983507011950126,0.21,0.79,3,0.18,Stratified-Resample,36,20260941,medium
0.52,0.558810854117187,0.44,0.91,3,0.68,SARD-Bridge,28,20260941,weak
0.52,0.5495956076443882,0.41,0.6799999999999999,3,0.67,SARD-Bridge,29,20260941,weak
0.63,0.5965658885061871,0.54,0.7,3,0.77,SARD-Bridge,30,20260941,weak
0.5,0.5010014142109085,0.11,0.79,3,0.54,SARD-Bridge,31,20260941,weak
0.67,0.5251054031768752,0.2,0.71,3,0.76,SARD-Bridge,32,20260941,weak
0.7,0.5518008561486822,0.28,0.8300000000000001,3,0.76,SARD-Bridge,33,20260941,weak
0.49,0.5757769187805402,0.16,0.73,3,0.66,SARD-Bridge,34,20260941,weak
0.66,0.539040621817719,0.24,0.82,3,0.76,SARD-Bridge,35,20260941,weak
0.53,0.5474051896207585,0.22,0.78,3,0.72,SARD-Bridge,36,20260941,weak
0.08,0.5171253236479879,0.03,0.6000000000000001,4,0.14,RAW,37,20260940,strong
0.13,0.5128978805168554,0.1,0.6699999999999999,4,0.19,RAW,38,20260940,strong
0.17,0.5252949709436017,0.17,0.73,4,0.23,RAW,39,20260940,strong
0.45,0.5443834214565921,0.38,0.75,4,0.51,RAW,40,20260940,strong
0.29,0.5316806327087844,0.24,0.79,4,0.31,RAW,41,20260940,strong
0.3,0.5323197540719911,0.34,0.66,4,0.48,RAW,42,20260940,strong
0.4,0.5622801828761914,0.5,0.85,4,0.31,RAW,43,20260940,strong
0.36,0.5104046021093,0.16,0.6799999999999999,4,0.45,RAW,44,20260940,strong
0.57,0.5856050351356545,0.33,0.76,4,0.56,RAW,45,20260940,strong
0.11,0.5213713253567843,0.16,0.51,4,0.09,LEACE,37,20260940,strong
0.23,0.5171247030157732,0.26,0.62,4,0.26,LEACE,38,20260940,strong
0.16,0.49996503975128,0.27,0.65,4,0.17,LEACE,39,20260940,strong
0.37,0.5010345751809167,0.17,0.74,4,0.22,LEACE,40,20260940,strong
0.21,0.5383617361830336,0.3,0.69,4,0.23,LEACE,41,20260940,strong
0.2,0.5181423899774371,0.22,0.65,4,0.35,LEACE,42,20260940,strong
0.11,0.49830168355270127,0.19,0.79,4,0.12,LEACE,43,20260940,strong
0.38,0.5158734419942473,0.33,0.6799999999999999,4,0.37,LEACE,44,20260940,strong
0.24,0.5275936045588616,0.2,0.64,4,0.31,LEACE,45,20260940,strong
0.16,0.5193160049682877,0.13,0.5900000000000001,4,0.23,OneStep-Bridge,37,20260940,weak
0.16,0.5174880373872047,0.25,0.6699999999999999,4,0.26,OneStep-Bridge,38,20260940,weak
0.19,0.5283616248735769,0.18,0.73,4,0.26,OneStep-Bridge,39,20260940,weak
0.39,0.5478735898248094,0.47,0.75,4,0.52,OneStep-Bridge,40,20260940,weak
0.31,0.5283993974202053,0.21,0.8,4,0.32,OneStep-Bridge,41,20260940,weak
0.47,0.5461282911447936,0.41,0.66,4,0.56,OneStep-Bridge,42,20260940,weak
0.42,0.5472600138507249,0.45,0.85,4,0.31,OneStep-Bridge,43,20260940,weak
0.44,0.5205637583892617,0.12,0.6799999999999999,4,0.44,OneStep-Bridge,44,20260940,weak
0.64,0.5851350278662089,0.35,0.76,4,0.61,OneStep-Bridge,45,20260940,weak
0.17,0.5191243338888545,0.04,0.6000000000000001,4,0.17,Gaussian-Bridge,37,20260940,medium
0.11,0.510684576798701,0.11,0.69,4,0.24,Gaussian-Bridge,38,20260940,medium
0.19,0.4986050368362846,0.31,0.72,4,0.15,Gaussian-Bridge,39,20260940,medium
0.07,0.5098136010331132,0.08,0.76,4,0.15,Gaussian-Bridge,40,20260940,medium
0.15,0.5419969871010263,0.16,0.8,4,0.24,Gaussian-Bridge,41,20260940,medium
0.1,0.5027031067042029,0.27,0.6799999999999999,4,0.18,Gaussian-Bridge,42,20260940,medium
0.21,0.524393690829674,0.31,0.86,4,0.18,Gaussian-Bridge,43,20260940,medium
0.17,0.5232770853307767,0.07,0.6799999999999999,4,0.19,Gaussian-Bridge,44,20260940,medium
0.14,0.49976395190467837,0.08,0.75,4,0.17,Gaussian-Bridge,45,20260940,medium
0.09,0.5122934798263482,0.15,0.6000000000000001,4,0.13,Stratified-Resample,37,20260940,medium
0.14,0.5044520702224469,0.26,0.6699999999999999,4,0.12,Stratified-Resample,38,20260940,medium
0.13,0.5138861123120148,0.05,0.73,4,0.16,Stratified-Resample,39,20260940,medium
0.23,0.5089067030530445,0.09,0.75,4,0.09,Stratified-Resample,40,20260940,medium
0.1,0.5198333490255155,0.1,0.79,4,0.17,Stratified-Resample,41,20260940,medium
0.17,0.5211184611735089,0.28,0.66,4,0.27,Stratified-Resample,42,20260940,medium
0.09,0.49019133620643607,0.12,0.85,4,0.14,Stratified-Resample,43,20260940,medium
0.12,0.5161476510067113,0.1,0.6799999999999999,4,0.19,Stratified-Resample,44,20260940,medium
0.26,0.4957260672298398,0.21,0.76,4,0.26,Stratified-Resample,45,20260940,medium
0.4,0.5624484951654489,0.23,0.6000000000000001,4,0.5,SARD-Bridge,37,20260940,weak
0.2,0.4903525420674607,0.14,0.6799999999999999,4,0.34,SARD-Bridge,38,20260940,weak
0.41,0.5461795341719198,0.35,0.73,4,0.57,SARD-Bridge,39,20260940,weak
0.54,0.5231090860359153,0.17,0.75,4,0.74,SARD-Bridge,40,20260940,weak
0.5,0.539970812541192,0.26,0.79,4,0.57,SARD-Bridge,41,20260940,weak
0.38,0.5883099706779811,0.48,0.66,4,0.63,SARD-Bridge,42,20260940,weak
0.52,0.5691977749480598,0.58,0.85,4,0.62,SARD-Bridge,43,20260940,weak
0.59,0.5261601150527325,0.15,0.6799999999999999,4,0.62,SARD-Bridge,44,20260940,weak
0.75,0.5696832777680295,0.42,0.76,4,0.85,SARD-Bridge,45,20260940,weak
0.15,0.48943293635650836,0.19,0.66,4,0.15,RAW,37,20260941,strong
0.19,0.5197286453384015,0.12,0.7,4,0.11,RAW,38,20260941,strong
0.19,0.5370746268656716,0.29,0.69,4,0.19,RAW,39,20260941,strong
0.52,0.578017620303482,0.44,0.79,4,0.67,RAW,40,20260941,strong
0.43,0.5624106082528225,0.31,0.69,4,0.34,RAW,41,20260941,strong
0.36,0.5392829392829392,0.31,0.63,4,0.52,RAW,42,20260941,strong
0.3,0.5286316212456657,0.22,0.87,4,0.25,RAW,43,20260941,strong
0.28,0.5002247485997964,0.11,0.68,4,0.38,RAW,44,20260941,strong
0.54,0.6010165815555036,0.4,0.71,4,0.65,RAW,45,20260941,strong
0.04,0.5035179247091969,0.14,0.5599999999999999,4,0.08,LEACE,37,20260941,strong
0.08,0.5033692323936227,0.07,0.6799999999999999,4,0.1,LEACE,38,20260941,strong
0.15,0.5068075009567546,0.16,0.62,4,0.2,LEACE,39,20260941,strong
0.24,0.5417316439246265,0.33,0.76,4,0.22,LEACE,40,20260941,strong
0.25,0.5157293173815413,0.13,0.69,4,0.29,LEACE,41,20260941,strong
0.25,0.5139131400000965,0.25,0.64,4,0.29,LEACE,42,20260941,strong
0.19,0.5234106655156403,0.25,0.81,4,0.23,LEACE,43,20260941,strong
0.27,0.5104955607179226,0.13,0.65,4,0.27,LEACE,44,20260941,strong
0.23,0.5374618727912142,0.19,0.69,4,0.34,LEACE,45,20260941,strong
0.16,0.5032863074320668,0.22,0.66,4,0.23,OneStep-Bridge,37,20260941,weak
0.22,0.5304814697497624,0.15,0.7,4,0.19,OneStep-Bridge,38,20260941,weak
0.15,0.5411016711315219,0.4,0.69,4,0.26,OneStep-Bridge,39,20260941,weak
0.47,0.5715122501242212,0.4,0.79,4,0.6,OneStep-Bridge,40,20260941,weak
0.51,0.549680289994866,0.26,0.68,4,0.39,OneStep-Bridge,41,20260941,weak
0.46,0.5386130777435125,0.31,0.63,4,0.53,OneStep-Bridge,42,20260941,weak
0.28,0.5257505304110337,0.16,0.87,4,0.29,OneStep-Bridge,43,20260941,weak
0.29,0.4999363543788187,0.09,0.68,4,0.37,OneStep-Bridge,44,20260941,weak
0.52,0.5889303643794661,0.4,0.71,4,0.64,OneStep-Bridge,45,20260941,weak
0.12,0.5029910903288396,0.18,0.64,4,0.18,Gaussian-Bridge,37,20260941,strong
0.19,0.5093263646922184,0.19,0.66,4,0.16,Gaussian-Bridge,38,20260941,strong
0.12,0.4906003316749586,0.13,0.63,4,0.1,Gaussian-Bridge,39,20260941,strong
0.06,0.5101737186102511,0.12,0.75,4,0.09,Gaussian-Bridge,40,20260941,strong
0.05,0.4759898564027568,0.1,0.64,4,0.11,Gaussian-Bridge,41,20260941,strong
0.16,0.5015824754955189,0.28,0.65,4,0.1,Gaussian-Bridge,42,20260941,strong
0.13,0.5163266620587158,0.02,0.85,4,0.08,Gaussian-Bridge,43,20260941,strong
0.08,0.4885905279404277,0.02,0.66,4,0.14,Gaussian-Bridge,44,20260941,strong
0.14,0.4898676672628768,0.14,0.7,4,0.13,Gaussian-Bridge,45,20260941,strong
0.14,0.49379949158109165,0.25,0.66,4,0.12,Stratified-Resample,37,20260941,medium
0.25,0.5192830746489282,0.17,0.7,4,0.12,Stratified-Resample,38,20260941,medium
0.06,0.5207633626738105,0.12,0.69,4,0.13,Stratified-Resample,39,20260941,medium
0.27,0.5293515651874785,0.2,0.79,4,0.24,Stratified-Resample,40,20260941,medium
0.27,0.48179805114322904,0.06,0.69,4,0.27,Stratified-Resample,41,20260941,medium
0.15,0.5132664437012263,0.22,0.63,4,0.23,Stratified-Resample,42,20260941,medium
0.11,0.5133494387304358,0.13,0.87,4,0.13,Stratified-Resample,43,20260941,medium
0.11,0.48285794695137474,0.11,0.68,4,0.23,Stratified-Resample,44,20260941,medium
0.27,0.5100880490102047,0.09,0.71,4,0.26,Stratified-Resample,45,20260941,medium
0.25,0.5381000928367611,0.23,0.66,4,0.36,SARD-Bridge,37,20260941,weak
0.42,0.5458050892197234,0.18,0.7,4,0.53,SARD-Bridge,38,20260941,weak
0.3,0.5466125781349662,0.4,0.7,4,0.46,SARD-Bridge,39,20260941,weak
0.67,0.6213421625960326,0.51,0.78,4,0.75,SARD-Bridge,40,20260941,weak
0.58,0.5440981999782193,0.2,0.69,4,0.54,SARD-Bridge,41,20260941,weak
0.58,0.5683697944567511,0.44,0.63,4,0.65,SARD-Bridge,42,20260941,weak
0.49,0.5428996059529085,0.19,0.87,4,0.44,SARD-Bridge,43,20260941,weak
0.48,0.5606572603742362,0.3,0.68,4,0.56,SARD-Bridge,44,20260941,weak
0.71,0.6024012580898808,0.43,0.71,4,0.78,SARD-Bridge,45,20260941,weak
0.3,0.5366638619881596,0.29,0.6599999999999999,5,0.37,RAW,46,20260940,strong
0.31,0.5170355832642901,0.19,0.79,5,0.43,RAW,47,20260940,strong
0.18,0.5083298947548794,0.16,0.66,5,0.23,RAW,48,20260940,strong
0.24,0.5100655442118857,0.2,0.88,5,0.33,RAW,49,20260940,strong
0.24,0.5081875529611147,0.2,0.63,5,0.32,RAW,50,20260940,strong
0.27,0.47306912825756586,0.05,0.72,5,0.19,RAW,51,20260940,strong
0.29,0.49102179692273024,0.13,0.74,5,0.52,RAW,52,20260940,strong
0.48,0.545901246404602,0.35,0.76,5,0.49,RAW,53,20260940,strong
0.28,0.5211513715856584,0.17,0.77,5,0.33,RAW,54,20260940,strong
0.18,0.5246048272956944,0.18,0.5900000000000001,5,0.23,LEACE,46,20260940,strong
0.35,0.4772352898546467,0.15,0.77,5,0.38,LEACE,47,20260940,strong
0.2,0.4963144019483199,0.18,0.66,5,0.23,LEACE,48,20260940,strong
0.17,0.5020686630442728,0.27,0.8,5,0.22,LEACE,49,20260940,strong
0.22,0.515363901704171,0.17,0.6000000000000001,5,0.2,LEACE,50,20260940,strong
0.11,0.4819989666344237,0.01,0.6200000000000001,5,0.09,LEACE,51,20260940,strong
0.23,0.4885760658307666,0.17,0.71,5,0.3,LEACE,52,20260940,strong
0.25,0.5261984659635667,0.22,0.69,5,0.26,LEACE,53,20260940,strong
0.29,0.5062636302108139,0.11,0.76,5,0.18,LEACE,54,20260940,strong
0.32,0.5343042502249699,0.34,0.6599999999999999,5,0.33,OneStep-Bridge,46,20260940,weak
0.4,0.5103848993926147,0.19,0.79,5,0.4,OneStep-Bridge,47,20260940,weak
0.1,0.5031291884593757,0.11,0.66,5,0.25,OneStep-Bridge,48,20260940,weak
0.28,0.5114865622182696,0.25,0.88,5,0.34,OneStep-Bridge,49,20260940,weak
0.23,0.509779681762546,0.23,0.63,5,0.28,OneStep-Bridge,50,20260940,weak
0.24,0.47070126960984493,0.09,0.72,5,0.24,OneStep-Bridge,51,20260940,weak
0.42,0.48823513985249856,0.12,0.74,5,0.52,OneStep-Bridge,52,20260940,weak
0.48,0.5354515819750719,0.4,0.76,5,0.44,OneStep-Bridge,53,20260940,weak
0.35,0.527384712439108,0.14,0.77,5,0.33,OneStep-Bridge,54,20260940,weak
0.24,0.523477541455639,0.18,0.6100000000000001,5,0.19,Gaussian-Bridge,46,20260940,medium
0.14,0.48508762136445277,0.09,0.8200000000000001,5,0.2,Gaussian-Bridge,47,20260940,medium
0.09,0.5064597676472934,0.08,0.65,5,0.13,Gaussian-Bridge,48,20260940,medium
0.21,0.4953417314392925,0.17,0.88,5,0.17,Gaussian-Bridge,49,20260940,medium
0.16,0.5022587326993692,0.16,0.62,5,0.2,Gaussian-Bridge,50,20260940,medium
0.12,0.47140751107293455,0.06,0.6799999999999999,5,0.16,Gaussian-Bridge,51,20260940,medium
0.15,0.48811372746707543,0.04,0.71,5,0.2,Gaussian-Bridge,52,20260940,medium
0.15,0.505693192713327,0.15,0.75,5,0.13,Gaussian-Bridge,53,20260940,medium
0.09,0.5118870060745828,0.13,0.76,5,0.1,Gaussian-Bridge,54,20260940,medium
0.23,0.5161247356401002,0.29,0.6599999999999999,5,0.18,Stratified-Resample,46,20260940,medium
0.17,0.4958858013628467,0.11,0.79,5,0.22,Stratified-Resample,47,20260940,medium
0.06,0.49460085736317,0.0,0.66,5,0.12,Stratified-Resample,48,20260940,medium
0.11,0.4974323237737872,0.13,0.88,5,0.12,Stratified-Resample,49,20260940,medium
0.09,0.5118609358817436,0.16,0.63,5,0.15,Stratified-Resample,50,20260940,medium
0.06,0.47791749756552504,0.03,0.72,5,0.16,Stratified-Resample,51,20260940,medium
0.1,0.4821004148418385,0.06,0.74,5,0.18,Stratified-Resample,52,20260940,medium
0.18,0.5063950143815916,0.3,0.76,5,0.22,Stratified-Resample,53,20260940,medium
0.08,0.5175009817929629,0.11,0.77,5,0.22,Stratified-Resample,54,20260940,medium
0.45,0.5569517584467929,0.47,0.6499999999999999,5,0.5,SARD-Bridge,46,20260940,weak
0.27,0.5091773757269136,0.18,0.79,5,0.46,SARD-Bridge,47,20260940,weak
0.25,0.5007351500188588,0.12,0.66,5,0.36,SARD-Bridge,48,20260940,weak
0.46,0.5196403596403597,0.37,0.88,5,0.56,SARD-Bridge,49,20260940,weak
0.3,0.5061190095094624,0.17,0.63,5,0.39,SARD-Bridge,50,20260940,weak
0.38,0.48225784962472795,0.11,0.71,5,0.41,SARD-Bridge,51,20260940,weak
0.51,0.5058379931406859,0.35,0.74,5,0.62,SARD-Bridge,52,20260940,weak
0.62,0.5524122722914669,0.46,0.76,5,0.71,SARD-Bridge,53,20260940,weak
0.4,0.5465505644265076,0.18,0.76,5,0.5,SARD-Bridge,54,20260940,weak
0.3,0.5468388987927424,0.31,0.73,5,0.27,RAW,46,20260941,strong
0.43,0.578294794636258,0.35,0.85,5,0.5,RAW,47,20260941,strong
0.36,0.5233698175787728,0.21,0.66,5,0.4,RAW,48,20260941,strong
0.3,0.5302832244008715,0.19,0.82,5,0.41,RAW,49,20260941,strong
0.28,0.5254787871244768,0.09,0.5900000000000001,5,0.33,RAW,50,20260941,strong
0.23,0.517052995313865,0.18,0.6100000000000001,5,0.26,RAW,51,20260941,strong
0.37,0.5165429601694239,0.14,0.76,5,0.36,RAW,52,20260941,strong
0.4,0.5708853105906314,0.31,0.71,5,0.53,RAW,53,20260941,strong
0.25,0.49558242821715875,0.24,0.73,5,0.22,RAW,54,20260941,strong
0.16,0.5173314272370526,0.16,0.6599999999999999,5,0.15,LEACE,46,20260941,strong
0.25,0.5076623376623377,0.17,0.76,5,0.3,LEACE,47,20260941,strong
0.31,0.5326607985712464,0.14,0.64,5,0.24,LEACE,48,20260941,strong
0.14,0.5136222910216719,0.18,0.76,5,0.19,LEACE,49,20260941,strong
0.26,0.5060037027241471,0.15,0.58,5,0.24,LEACE,50,20260941,strong
0.12,0.49579502622980887,0.11,0.7,5,0.11,LEACE,51,20260941,strong
0.18,0.5162026511419099,0.11,0.68,5,0.27,LEACE,52,20260941,strong
0.16,0.5137683378946029,0.22,0.62,5,0.25,LEACE,53,20260941,strong
0.1,0.4964384002557655,0.12,0.6399999999999999,5,0.14,LEACE,54,20260941,strong
0.19,0.5413996897847289,0.23,0.73,5,0.25,OneStep-Bridge,46,20260941,weak
0.36,0.5599039172209903,0.32,0.8300000000000001,5,0.48,OneStep-Bridge,47,20260941,weak
0.36,0.5241352213292512,0.31,0.66,5,0.44,OneStep-Bridge,48,20260941,weak
0.27,0.5310046630738066,0.2,0.82,5,0.42,OneStep-Bridge,49,20260941,weak
0.26,0.5184446484227121,0.05,0.5900000000000001,5,0.3,OneStep-Bridge,50,20260941,weak
0.14,0.5227912184433924,0.22,0.6100000000000001,5,0.31,OneStep-Bridge,51,20260941,weak
0.27,0.5203834532906633,0.12,0.76,5,0.41,OneStep-Bridge,52,20260941,weak
0.22,0.5527860870672097,0.3,0.71,5,0.48,OneStep-Bridge,53,20260941,weak
0.27,0.489616006083072,0.22,0.73,5,0.15,OneStep-Bridge,54,20260941,weak
0.1,0.5363819482810012,0.15,0.76,5,0.15,Gaussian-Bridge,46,20260941,medium
0.24,0.5187203040861577,0.22,0.85,5,0.33,Gaussian-Bridge,47,20260941,medium
0.15,0.4963163668835311,0.17,0.67,5,0.14,Gaussian-Bridge,48,20260941,medium
0.08,0.4963985399227917,0.06,0.8,5,0.17,Gaussian-Bridge,49,20260941,medium
0.21,0.5019794535111055,0.1,0.6000000000000001,5,0.33,Gaussian-Bridge,50,20260941,medium
0.14,0.5014068057546318,0.17,0.63,5,0.23,Gaussian-Bridge,51,20260941,medium
0.23,0.5193115759864877,0.15,0.73,5,0.27,Gaussian-Bridge,52,20260941,medium
0.12,0.4993426600687373,0.26,0.72,5,0.18,Gaussian-Bridge,53,20260941,medium
0.12,0.4858767313857134,0.1,0.76,5,0.23,Gaussian-Bridge,54,20260941,medium
0.13,0.5128315022278924,0.06,0.73,5,0.1,Stratified-Resample,46,20260941,strong
0.16,0.5117162918382431,0.14,0.85,5,0.07,Stratified-Resample,47,20260941,strong
0.07,0.48257992090827917,0.13,0.66,5,0.13,Stratified-Resample,48,20260941,strong
0.09,0.49591312158391626,0.04,0.82,5,0.07,Stratified-Resample,49,20260941,strong
0.09,0.4854338773330015,0.03,0.5900000000000001,5,0.11,Stratified-Resample,50,20260941,strong
0.08,0.5045061218974263,0.03,0.6100000000000001,5,0.15,Stratified-Resample,51,20260941,strong
0.14,0.5333094283865796,0.12,0.76,5,0.11,Stratified-Resample,52,20260941,strong
0.13,0.5047679520430244,0.27,0.71,5,0.12,Stratified-Resample,53,20260941,strong
0.08,0.5094286535154798,0.08,0.73,5,0.08,Stratified-Resample,54,20260941,strong
0.54,0.5530526967275516,0.26,0.73,5,0.46,SARD-Bridge,46,20260941,weak
0.51,0.5867395206419597,0.41,0.8400000000000001,5,0.71,SARD-Bridge,47,20260941,weak
0.48,0.5313585916570991,0.3,0.66,5,0.57,SARD-Bridge,48,20260941,weak
0.48,0.5288833467110041,0.2,0.82,5,0.56,SARD-Bridge,49,20260941,weak
0.45,0.5211402730888706,0.09,0.5900000000000001,5,0.43,SARD-Bridge,50,20260941,weak
0.43,0.5418581418581419,0.39,0.6100000000000001,5,0.59,SARD-Bridge,51,20260941,weak
0.46,0.5509968458928833,0.3,0.75,5,0.68,SARD-Bridge,52,20260941,weak
0.26,0.547805817209776,0.22,0.71,5,0.47,SARD-Bridge,53,20260941,weak
0.35,0.5076859268476035,0.22,0.74,5,0.39,SARD-Bridge,54,20260941,weak
