erp_amplitude_relative_preservation,erp_latency_relative_preservation,method,motion_coherence_reduction,nonartifact_observation_preservation,output_input_RMS_ratio,participant,protocol,record_rows,reference_free_covariance_distortion,reference_free_psd_distortion,ssvep_phase_relative_preservation,ssvep_snr_relative_preservation
0.9903438664406329,1.0,ASR-LIKE,-0.00020726118236780167,0.8855948094278574,0.9853116422891617,sub-02,S0_STATIC_XSESSION,4,0.09880914912194398,0.09190149940372873,0.9998864629765325,0.9998731899770527
0.9635037298904476,1.0,DET-MATCH,0.029564465396106243,0.8345222994685173,0.9502077996730804,sub-02,S0_STATIC_XSESSION,4,0.1589488023160186,0.13550176425788302,0.9956999096691432,0.9959944913154062
0.9699370475035884,1.0,DET-NULL,0.03254091087728739,0.8253336809575558,0.9484655857086182,sub-02,S0_STATIC_XSESSION,4,0.16685802077886336,0.14041124121364823,0.995523071276015,0.9942103942941953
0.9556291534952137,1.0,DET-WRONG-1,0.021080337464809418,0.769571153447032,0.9570156186819077,sub-02,S0_STATIC_XSESSION,4,0.21656944758734922,0.17708772341587592,0.9988729742249769,0.9762979302045105
0.9575750627819923,1.0,DET-WRONG-2,0.027594013139605522,0.8411000594496727,0.9526017010211945,sub-02,S0_STATIC_XSESSION,4,0.14775244595604436,0.13066737551016117,0.9946190186054181,0.9951529681233523
0.9073101871125315,1.0,DET-WRONG-3,0.024716016836464405,0.8230265974998474,0.9507036656141281,sub-02,S0_STATIC_XSESSION,4,0.17753981090638443,0.1445254595572988,0.9949225177881017,0.9950994424765254
0.9245036069108022,1.0,ORACLE-QUERY-IMU,0.10990100796334445,0.6375490352511406,0.912792518734932,sub-02,S0_STATIC_XSESSION,4,0.2094985337166157,0.27129483638280644,0.9825562021479446,0.9957600594759468
1.0,1.0,RAW,0.0,1.0,1.0,sub-02,S0_STATIC_XSESSION,4,0.0,0.0,1.0,1.0
0.9171210444584634,1.0,STRONG-POP,0.03953662887215614,0.7664408273994923,0.9381861239671707,sub-02,S0_STATIC_XSESSION,4,0.22098267623084705,0.1829030498518887,0.9878852393337069,0.9745951545862024
0.9706977015650989,1.0,TEMPORAL-SHUFFLED,0.021471447311341763,0.8473795242607594,0.9545652568340302,sub-02,S0_STATIC_XSESSION,4,0.1485653033134232,0.12434513999164752,0.996609022916237,0.9978590231926632
0.9896924359088833,1.0,ASR-LIKE,-0.0003385581076145172,0.9266087524592876,0.9853400886058807,sub-02,S1_MOTION_WITHIN_SESSION,2,0.05188502252511482,0.05538374756264997,nan,nan
0.9850060913186138,1.0,DET-MATCH,0.027061467990279198,0.8439948633313179,0.9620663821697235,sub-02,S1_MOTION_WITHIN_SESSION,2,0.1251014994837331,0.1285467744205902,nan,nan
0.9802534280573657,1.0,DET-NULL,0.026766421273350716,0.8388903811573982,0.9649373292922974,sub-02,S1_MOTION_WITHIN_SESSION,2,0.1385735218028073,0.1280950017124053,nan,nan
0.9842778858622101,1.0,DET-WRONG-1,0.026497939601540565,0.8461950272321701,0.9616004824638367,sub-02,S1_MOTION_WITHIN_SESSION,2,0.12452347247125342,0.12742894717550896,nan,nan
0.9825298889172984,1.0,DET-WRONG-2,0.02653408795595169,0.8456889241933823,0.9616360366344452,sub-02,S1_MOTION_WITHIN_SESSION,2,0.12465933700014514,0.1275617815967078,nan,nan
0.9819562561286385,1.0,DET-WRONG-3,0.02676285244524479,0.8443482592701912,0.9628015160560608,sub-02,S1_MOTION_WITHIN_SESSION,2,0.12444968708442651,0.12832734008467034,nan,nan
0.9102213794856684,1.0,ORACLE-QUERY-IMU,0.11252821423113346,0.6846192479133606,0.9405876100063324,sub-02,S1_MOTION_WITHIN_SESSION,2,0.15899666344700217,0.23423862530040657,nan,nan
1.0,1.0,RAW,0.0,1.0,1.0,sub-02,S1_MOTION_WITHIN_SESSION,2,0.0,0.0,nan,nan
0.93029876331542,1.0,STRONG-POP,0.033444748260080814,0.789625845849514,0.9583929181098938,sub-02,S1_MOTION_WITHIN_SESSION,2,0.18097578782788915,0.16178250845890282,nan,nan
0.983831720487608,1.0,TEMPORAL-SHUFFLED,0.024744367226958275,0.8495193645358086,0.9621782004833221,sub-02,S1_MOTION_WITHIN_SESSION,2,0.12203104886790425,0.12398948315880262,nan,nan
0.9811281239699391,1.0,ASR-LIKE,-0.0003016442060470581,0.8406885974109173,0.9831335842609406,sub-02,S2_MOTION_XSPEED,2,0.147224311670013,0.1318380109582909,0.9998260876101166,0.9997817782965207
0.9792099002080025,1.0,DET-MATCH,0.033354125916957855,0.8201179355382919,0.9333206415176392,sub-02,S2_MOTION_XSPEED,2,0.17312499943823403,0.14843108794577614,0.9927574894620702,0.9926370860297922
0.977997684582182,1.0,DET-NULL,0.03902953118085861,0.8009490668773651,0.9288138151168823,sub-02,S2_MOTION_XSPEED,2,0.2011169500819619,0.16072291382872278,0.9910907710213132,0.9898711211886574
0.9854473084256552,1.0,DET-WRONG-1,0.041106633841991425,0.7533033862709999,0.9302586913108826,sub-02,S2_MOTION_XSPEED,2,0.2421496537001106,0.1908123638485947,0.9948778007705126,0.9825859546098067
0.9814003996356819,1.0,DET-WRONG-2,0.033741965889930725,0.8152897655963898,0.9322680234909058,sub-02,S2_MOTION_XSPEED,2,0.1783397728576065,0.15243243508939486,0.9925315110440486,0.9964965101083256
0.9850799469101139,1.0,DET-WRONG-3,0.03351768106222153,0.8200084045529366,0.9328293800354004,sub-02,S2_MOTION_XSPEED,2,0.17494487304797623,0.14896070278613882,0.9931384707524971,0.9890721602178807
0.8892642745267759,1.0,ORACLE-QUERY-IMU,0.17094892263412476,0.5672671943902969,0.8805457949638367,sub-02,S2_MOTION_XSPEED,2,0.2853661329924394,0.3283303674658269,0.9814858390930455,0.9920613163404365
1.0,1.0,RAW,0.0,1.0,1.0,sub-02,S2_MOTION_XSPEED,2,0.0,0.0,1.0,1.0
0.9765719126716425,1.0,STRONG-POP,0.044805675745010376,0.7393490895628929,0.916336864233017,sub-02,S2_MOTION_XSPEED,2,0.2737303964328273,0.20499197340531908,0.9832515173796349,0.9745303827587147
0.9702637488894471,1.0,TEMPORAL-SHUFFLED,0.03118753433227539,0.8241348192095757,0.9341570734977722,sub-02,S2_MOTION_XSPEED,2,0.17212975988289775,0.14476714790095913,0.9934071892462629,0.9917160086664265
0.9974025886722862,1.0,ASR-LIKE,-1.1567026376724243e-05,0.9639330578502268,0.9975506365299225,sub-03,S0_STATIC_XSESSION,4,0.013632443704750342,0.02599952148592527,0.9991039749273588,0.9984041128631116
0.028881929399082296,0.58984375,DET-MATCH,0.02006596326828003,0.74354362860322,0.900688111782074,sub-03,S0_STATIC_XSESSION,4,0.269845167973748,0.21646574465069868,0.992231201567042,0.9436803227679893
0.015882386538503268,0.58984375,DET-NULL,0.023419277742505074,0.7415418215095997,0.901825875043869,sub-03,S0_STATIC_XSESSION,4,0.26865311612793086,0.2161976100540841,0.9935755236160286,0.9319805538750073
0.8294540905521163,1.0,DET-WRONG-1,0.021057704463601112,0.7477121837437153,0.9018629640340805,sub-03,S0_STATIC_XSESSION,4,0.27295993589100465,0.21123927307160711,0.9903676456924237,0.9487308130780677
0.8240486234458761,1.0,DET-WRONG-2,0.017480699345469475,0.6863115653395653,0.8815838396549225,sub-03,S0_STATIC_XSESSION,4,0.34986581182687937,0.25755547596679385,0.9939310634178423,0.9414661437969694
0.8520344144407961,1.0,DET-WRONG-3,0.008697684854269028,0.7506540715694427,0.9140427559614182,sub-03,S0_STATIC_XSESSION,4,0.23653845862013373,0.19931033896913292,0.9941252513806058,0.9569146296265731
-0.9862218337308201,0.55078125,ORACLE-QUERY-IMU,0.10529929073527455,0.44521793723106384,0.8196919113397598,sub-03,S0_STATIC_XSESSION,4,0.45246341284343355,0.4292227711654364,0.9665214917607792,0.710912355358998
1.0,1.0,RAW,0.0,1.0,1.0,sub-03,S0_STATIC_XSESSION,4,0.0,0.0,1.0,1.0
0.8356845224160165,1.0,STRONG-POP,0.04177090711891651,0.6769805699586868,0.8668633997440338,sub-03,S0_STATIC_XSESSION,4,0.35540519260455844,0.2662396552755073,0.9835233274842763,0.9397344726919594
0.007105290672795583,0.58984375,TEMPORAL-SHUFFLED,0.02259366773068905,0.7391335964202881,0.9043988585472107,sub-03,S0_STATIC_XSESSION,4,0.26114310127231294,0.21806586597076957,0.9899883469135273,0.9513806626760188
0.994950706695219,1.0,ASR-LIKE,-6.370246410369873e-06,0.9572165012359619,0.996544748544693,sub-03,S1_MOTION_WITHIN_SESSION,2,0.01615987977494323,0.03134546726581218,nan,nan
0.8419117887422087,0.7509765625,DET-MATCH,0.01319517195224762,0.7355792373418808,0.8963240385055542,sub-03,S1_MOTION_WITHIN_SESSION,2,0.27312973203804897,0.22231167591542075,nan,nan
0.867328235939396,0.7509765625,DET-NULL,0.007417939603328705,0.7178277671337128,0.8879087865352631,sub-03,S1_MOTION_WITHIN_SESSION,2,0.2934058501287188,0.2426451990203511,nan,nan
0.8186111333358069,0.7509765625,DET-WRONG-1,0.010943233966827393,0.7325360476970673,0.8943765461444855,sub-03,S1_MOTION_WITHIN_SESSION,2,0.2699538893785044,0.22176066259640026,nan,nan
0.8419413315005808,0.7509765625,DET-WRONG-2,0.005386684089899063,0.732062578201294,0.8936643004417419,sub-03,S1_MOTION_WITHIN_SESSION,2,0.27819125674740164,0.22051815572447048,nan,nan
0.820017747349893,0.7509765625,DET-WRONG-3,0.005695682018995285,0.7335943505167961,0.8970272541046143,sub-03,S1_MOTION_WITHIN_SESSION,2,0.26484272412927456,0.21640382031889538,nan,nan
-0.006671152643504208,0.7119140625,ORACLE-QUERY-IMU,0.10037668142467737,0.4263404607772827,0.7942286133766174,sub-03,S1_MOTION_WITHIN_SESSION,2,0.46421828964426515,0.4530388374837633,nan,nan
1.0,1.0,RAW,0.0,1.0,1.0,sub-03,S1_MOTION_WITHIN_SESSION,2,0.0,0.0,nan,nan
0.8925095317886991,0.7509765625,STRONG-POP,0.02769135683774948,0.6807204484939575,0.8608206212520599,sub-03,S1_MOTION_WITHIN_SESSION,2,0.340871708227447,0.27177892369725665,nan,nan
0.845841900838978,0.7509765625,TEMPORAL-SHUFFLED,0.01368769258260727,0.7465440183877945,0.9024364948272705,sub-03,S1_MOTION_WITHIN_SESSION,2,0.2617777966153015,0.21337036504588788,nan,nan
0.9980392282264238,1.0,ASR-LIKE,-2.1986663341522217e-05,0.9590111374855042,0.9971308708190918,sub-03,S2_MOTION_XSPEED,2,0.017705189685436235,0.029430265668787432,0.9982113929529952,0.9971297365843005
0.7876685677473295,1.0,DET-MATCH,0.020330283790826797,0.7581714019179344,0.906104177236557,sub-03,S2_MOTION_XSPEED,2,0.2660420668564083,0.20389005689826292,0.9861320004971207,0.9360002009866341
-0.7896393387971004,0.1796875,DET-NULL,0.024960890412330627,0.7322100847959518,0.8924770653247833,sub-03,S2_MOTION_XSPEED,2,0.29651143449697587,0.22768946802648166,0.9910778056116816,0.8837408208526937
0.7963819471747883,1.0,DET-WRONG-1,0.018863655626773834,0.7594447582960129,0.9062226414680481,sub-03,S2_MOTION_XSPEED,2,0.26314407876920964,0.20122361196991123,0.9862634225508391,0.939652525308226
0.8180214467724316,1.0,DET-WRONG-2,0.020767096430063248,0.7640750780701637,0.9063312411308289,sub-03,S2_MOTION_XSPEED,2,0.2582634321286526,0.1953090210520363,0.9892867272478835,0.9296960589451029
0.8105409730239832,1.0,DET-WRONG-3,0.017084259539842606,0.764176718890667,0.9100997149944305,sub-03,S2_MOTION_XSPEED,2,0.2491952057946188,0.19553986948783397,0.9871968999214297,0.9506670197078204
-0.9232923545737248,0.1796875,ORACLE-QUERY-IMU,0.11459613405168056,0.40295177698135376,0.7742101848125458,sub-03,S2_MOTION_XSPEED,2,0.4900263282005197,0.46650524999188714,0.9684781614011768,0.5047255760182638
1.0,1.0,RAW,0.0,1.0,1.0,sub-03,S2_MOTION_XSPEED,2,0.0,0.0,1.0,1.0
0.7603081624649911,1.0,STRONG-POP,0.03110121190547943,0.6775234937667847,0.8608554899692535,sub-03,S2_MOTION_XSPEED,2,0.3738829616535161,0.26984572281409,0.977719285192188,0.8996619324384386
0.7964387958516302,0.892578125,TEMPORAL-SHUFFLED,0.02391231060028076,0.7679086104035378,0.9121953547000885,sub-03,S2_MOTION_XSPEED,2,0.25584264522514993,0.19589825343573608,0.9872287244107689,0.9355505778018434
0.9877879493805475,1.0,ASR-LIKE,8.943676948547363e-05,0.8673179651959799,0.9727679640054703,sub-05,S0_STATIC_XSESSION,4,0.18349563318253817,0.11837845893912102,0.9998604576472903,0.9994582745794123
0.8942602491595633,0.94140625,DET-MATCH,-0.0025082044303417206,0.7580612115561962,0.9044516235589981,sub-05,S0_STATIC_XSESSION,4,0.28099805761413715,0.2095480736650192,0.9972738540038979,0.9960682159956069
0.8646930513647253,0.873046875,DET-NULL,-0.003901395946741104,0.7243898846209049,0.8990895301103592,sub-05,S0_STATIC_XSESSION,4,0.29778276245198715,0.23585768484148523,0.9974139525000951,0.997380389234567
0.7859110309256094,0.94140625,DET-WRONG-1,0.0048951655626297,0.7289370372891426,0.8948461264371872,sub-05,S0_STATIC_XSESSION,4,0.28813698987782504,0.23152030391229206,0.9921921170608176,0.9895998713515597
0.8490577713728744,0.873046875,DET-WRONG-2,0.004914574325084686,0.7694129422307014,0.9160929918289185,sub-05,S0_STATIC_XSESSION,4,0.2320631476267862,0.1962594803751846,0.9927343602446626,0.9907329036096846
0.868287271799816,0.873046875,DET-WRONG-3,-0.0021873563528060913,0.7491637766361237,0.9169594347476959,sub-05,S0_STATIC_XSESSION,4,0.24991844349769698,0.21279364552169389,0.9980099933120237,0.9947725785456476
0.8264645290963539,1.0,ORACLE-QUERY-IMU,0.13476533070206642,0.41489657759666443,0.7866657823324203,sub-05,S0_STATIC_XSESSION,4,0.5135801578604893,0.47922869411767754,0.9980903930680276,0.9910738181239228
1.0,1.0,RAW,0.0,1.0,1.0,sub-05,S0_STATIC_XSESSION,4,0.0,0.0,1.0,1.0
0.8851101822994614,0.9462890625,STRONG-POP,0.022379407659173012,0.7268400639295578,0.8880645185709,sub-05,S0_STATIC_XSESSION,4,0.30110911866575363,0.23609876758436021,0.995206780093306,0.9946581090742554
0.8523348203031347,0.94140625,TEMPORAL-SHUFFLED,-0.0003499835729598999,0.7412451356649399,0.8960363417863846,sub-05,S0_STATIC_XSESSION,4,0.2994515493673958,0.2242754936014793,0.9978341522491602,0.998788234547111
0.9876763984381477,1.0,ASR-LIKE,-8.496642112731934e-05,0.972634403500706,0.9842134316762289,sub-05,S1_MOTION_WITHIN_SESSION,3,0.02506717418259016,0.022002267738555795,0.9996053639679343,0.9995104198147748
0.8132203907272901,0.873046875,DET-MATCH,0.007622589667638143,0.727412020166715,0.8912495573361715,sub-05,S1_MOTION_WITHIN_SESSION,3,0.3215396304819454,0.23605301228624265,0.9968538038252506,0.992661113042609
0.85634686192173,0.873046875,DET-NULL,-0.007271617650985718,0.7161579728126526,0.9028031627337137,sub-05,S1_MOTION_WITHIN_SESSION,3,0.32168020798348024,0.24128934555299028,0.9982200718462206,0.9945177721676548
0.7966241830018765,0.94140625,DET-WRONG-1,0.007514471809069316,0.7162590970595678,0.8852912783622742,sub-05,S1_MOTION_WITHIN_SESSION,3,0.3308950405058679,0.24662444684366314,0.9969315117679358,0.9928804149404417
0.8067442515142269,0.94140625,DET-WRONG-2,0.0022593637307484946,0.720109631617864,0.8897649049758911,sub-05,S1_MOTION_WITHIN_SESSION,3,0.3201636948754651,0.24242009771513717,0.996817795445814,0.993453366292353
0.7987095216039863,0.94140625,DET-WRONG-3,0.008312895894050598,0.7257522543271383,0.8899103800455729,sub-05,S1_MOTION_WITHIN_SESSION,3,0.32010654780450065,0.23755916985473766,0.996760182615132,0.9916371334708648
0.8045055673640897,1.0,ORACLE-QUERY-IMU,0.13578862138092518,0.36743833621342975,0.767370859781901,sub-05,S1_MOTION_WITHIN_SESSION,3,0.5838008617604235,0.5260941669830953,0.9965050325205905,0.9977837331908646
1.0,1.0,RAW,0.0,1.0,1.0,sub-05,S1_MOTION_WITHIN_SESSION,3,0.0,0.0,1.0,1.0
0.8771100802459715,0.9462890625,STRONG-POP,0.021509831150372822,0.7079808612664541,0.8848702708880106,sub-05,S1_MOTION_WITHIN_SESSION,3,0.33885885211919936,0.25145590735243856,0.9910701300965987,0.995046191044238
0.8138980571476648,0.94140625,TEMPORAL-SHUFFLED,0.004275818665822347,0.7259020706017812,0.8898972670237223,sub-05,S1_MOTION_WITHIN_SESSION,3,0.32076919789392244,0.237292032577369,0.9967940797162193,0.9923096007449906
0.9756156086487596,1.0,ASR-LIKE,-0.00017029047012329102,0.9597761565819383,0.97693732380867,sub-05,S2_MOTION_XSPEED,2,0.03776247272685085,0.031945366995238346,0.9999977205299007,0.9993045299139411
0.6982846441536599,0.8828125,DET-MATCH,-0.006988361477851868,0.6892228573560715,0.8796967566013336,sub-05,S2_MOTION_XSPEED,2,0.35706055863539704,0.2757016996875894,0.9972688199042526,0.9997575600895254
0.7532500433636546,0.74609375,DET-NULL,-0.006721571087837219,0.6699624508619308,0.8951900601387024,sub-05,S2_MOTION_XSPEED,2,0.36805910994664764,0.29076168799437907,0.9972908572896857,0.9980451842239297
0.694673628887061,0.8828125,DET-WRONG-1,-0.008668571710586548,0.6803223043680191,0.8778060376644135,sub-05,S2_MOTION_XSPEED,2,0.3607267506607197,0.2833504289890363,0.9970779292162968,0.9995603517040458
0.6916737140769728,0.8828125,DET-WRONG-2,-0.0060973092913627625,0.6916711628437042,0.8822354078292847,sub-05,S2_MOTION_XSPEED,2,0.35162758797287297,0.2732158324800555,0.9972364662734907,0.9999627885147292
0.6902817965316432,0.8828125,DET-WRONG-3,-0.009409934282302856,0.6823251396417618,0.8785642385482788,sub-05,S2_MOTION_XSPEED,2,0.358981731799769,0.28211237528929056,0.9972458356633713,0.9994696484500296
0.6856031641691593,1.0,ORACLE-QUERY-IMU,0.1462157890200615,0.33301955461502075,0.7365506589412689,sub-05,S2_MOTION_XSPEED,2,0.6396735055785873,0.5690568011046273,0.9970894245684059,0.9914444232467896
1.0,1.0,RAW,0.0,1.0,1.0,sub-05,S2_MOTION_XSPEED,2,0.0,0.0,1.0,1.0
0.8115272380725231,0.892578125,STRONG-POP,0.02348749339580536,0.7245414704084396,0.9075853824615479,sub-05,S2_MOTION_XSPEED,2,0.3061929825133296,0.24522902574674982,0.9954881588084452,0.9973840491555372
0.6964383201224661,0.8828125,TEMPORAL-SHUFFLED,-0.005509316921234131,0.6933984905481339,0.8822181224822998,sub-05,S2_MOTION_XSPEED,2,0.3522951135283431,0.2721236551739099,0.9977865279931256,0.9998211338945262
0.9989317932926969,1.0,ASR-LIKE,-0.00012752600014209747,0.9400571621372364,0.9967421889305115,sub-06,S0_STATIC_XSESSION,4,0.024696479297526136,0.044681197493753017,0.9992305598642627,0.9996456359394947
-0.04528106006276833,0.8876953125,DET-MATCH,0.031972513534128666,0.7631332166492939,0.8902840316295624,sub-06,S0_STATIC_XSESSION,4,0.29296730937213206,0.20989396687708056,0.982816673808871,0.9870843683942971
-0.05811639935077284,0.8876953125,DET-NULL,0.028087254613637924,0.7572267204523087,0.8819793462753296,sub-06,S0_STATIC_XSESSION,4,0.29761831860011734,0.2162780594739206,0.9830503728792652,0.9886826217936796
-0.06888226269531206,0.8876953125,DET-WRONG-1,0.030813570134341717,0.7484666146337986,0.8792232125997543,sub-06,S0_STATIC_XSESSION,4,0.30471913466275524,0.22367043417170354,0.9827507588764735,0.9830078343755575
-0.05260874859591963,0.8876953125,DET-WRONG-2,0.028368588536977768,0.7531179040670395,0.8805275708436966,sub-06,S0_STATIC_XSESSION,4,0.30014297842743776,0.22015500369944463,0.9800578853579939,0.9747842536308552
-0.030812477776675895,0.8876953125,DET-WRONG-3,0.032205505296587944,0.7653017342090607,0.8924973905086517,sub-06,S0_STATIC_XSESSION,4,0.288892938297001,0.20756157996033175,0.9815552164379167,0.9863932525676813
-0.14797956609662882,0.873046875,ORACLE-QUERY-IMU,0.14718061895109713,0.5584256276488304,0.8695802986621857,sub-06,S0_STATIC_XSESSION,4,0.32096928559589655,0.35416581422505655,0.9663383309498652,0.9825161437245453
1.0,1.0,RAW,0.0,1.0,1.0,sub-06,S0_STATIC_XSESSION,4,0.0,0.0,1.0,1.0
-0.06641190936364816,0.873046875,STRONG-POP,0.03529992885887623,0.7330256961286068,0.8827530145645142,sub-06,S0_STATIC_XSESSION,4,0.29764399534337377,0.23100402717811147,0.9673402898310564,0.9627803187086075
-0.059375877350118844,0.8876953125,TEMPORAL-SHUFFLED,0.02715415321290493,0.7598952911794186,0.8853980004787445,sub-06,S0_STATIC_XSESSION,4,0.29168774614381154,0.21402809049032978,0.9879455764791892,0.98133252161498
0.9989588915578986,1.0,ASR-LIKE,-7.954612374305725e-05,0.9457544013857841,0.9969282448291779,sub-06,S1_MOTION_WITHIN_SESSION,2,0.01950705589674496,0.040673422207963036,nan,nan
-0.09883907103153405,0.8876953125,DET-MATCH,0.019659146666526794,0.811220109462738,0.9220685362815857,sub-06,S1_MOTION_WITHIN_SESSION,2,0.1949874387977521,0.1620648448318869,nan,nan
-0.12566737347996665,0.8876953125,DET-NULL,0.022336352616548538,0.8078487738966942,0.9210683405399323,sub-06,S1_MOTION_WITHIN_SESSION,2,0.2019912928431056,0.16430109161503093,nan,nan
-0.08105078003596289,0.8876953125,DET-WRONG-1,0.01722688227891922,0.8153229355812073,0.92408287525177,sub-06,S1_MOTION_WITHIN_SESSION,2,0.18779729599387301,0.1577555695549187,nan,nan
-0.1028387163711536,0.8876953125,DET-WRONG-2,0.018803678452968597,0.8137490972876549,0.9231773316860199,sub-06,S1_MOTION_WITHIN_SESSION,2,0.1919098218323076,0.16023614087119642,nan,nan
-0.10448042941156777,0.8876953125,DET-WRONG-3,0.01946278288960457,0.8035311475396156,0.919745683670044,sub-06,S1_MOTION_WITHIN_SESSION,2,0.20053518848592816,0.16868004317523083,nan,nan
-0.19969857714272676,0.8876953125,ORACLE-QUERY-IMU,0.12748169293627143,0.6561287343502045,0.9302858412265778,sub-06,S1_MOTION_WITHIN_SESSION,2,0.18287356524688334,0.2559440812016085,nan,nan
1.0,1.0,RAW,0.0,1.0,1.0,sub-06,S1_MOTION_WITHIN_SESSION,2,0.0,0.0,nan,nan
-0.12860654568085106,0.8876953125,STRONG-POP,0.030451646074652672,0.7587861493229866,0.9127755165100098,sub-06,S1_MOTION_WITHIN_SESSION,2,0.23163175667742675,0.1982224611254616,nan,nan
-0.10926955913202036,0.8876953125,TEMPORAL-SHUFFLED,0.020049910992383957,0.8187388405203819,0.9263256788253784,sub-06,S1_MOTION_WITHIN_SESSION,2,0.1854942521696731,0.15624119657622926,nan,nan
1.0,1.0,ASR-LIKE,-0.00019461661577224731,0.9090940840542316,0.9958961308002472,sub-06,S2_MOTION_XSPEED,2,0.03904386821995073,0.06850148330185876,0.9998239930590125,0.9994419781703794
-1.0035097206747987,0.775390625,DET-MATCH,0.030429475009441376,0.7257789298892021,0.8495494723320007,sub-06,S2_MOTION_XSPEED,2,0.3809609761733906,0.24944619131793833,0.9760969514003358,0.9833423466629261
-1.0288447112786843,0.775390625,DET-NULL,0.034507595002651215,0.7131156101822853,0.8438257873058319,sub-06,S2_MOTION_XSPEED,2,0.40139726573736906,0.2604871739628557,0.9766266455869269,0.9879941997000361
-1.000257989685792,0.775390625,DET-WRONG-1,0.029477745294570923,0.7347664013504982,0.8557398915290833,sub-06,S2_MOTION_XSPEED,2,0.3662021835928266,0.24123764213913934,0.9769539592347863,0.983149694049629
-0.9975288876722024,0.599609375,DET-WRONG-2,0.02811398357152939,0.7504067495465279,0.8641184568405151,sub-06,S2_MOTION_XSPEED,2,0.3416781702854613,0.2282416725235789,0.979570908051907,0.9901278018928696
-1.006796492834566,0.775390625,DET-WRONG-3,0.031151272356510162,0.726339541375637,0.8501456379890442,sub-06,S2_MOTION_XSPEED,2,0.38289924338306597,0.24890690765740325,0.9760703455550354,0.9864422277127405
-1.2092834297251938,0.775390625,ORACLE-QUERY-IMU,0.2051211167126894,0.4392785280942917,0.792163759469986,sub-06,S2_MOTION_XSPEED,2,0.4998116363668159,0.47150085459725777,0.9631099900086264,0.9855577869664427
1.0,1.0,RAW,0.0,1.0,1.0,sub-06,S2_MOTION_XSPEED,2,0.0,0.0,1.0,1.0
-1.0096835416178531,0.775390625,STRONG-POP,0.042906664311885834,0.7011963576078415,0.8489887416362762,sub-06,S2_MOTION_XSPEED,2,0.39306213868740836,0.2632277352236093,0.9697473842054203,0.9668839390189272
-1.0128350055468154,0.775390625,TEMPORAL-SHUFFLED,0.03034830093383789,0.7282615900039673,0.8507036864757538,sub-06,S2_MOTION_XSPEED,2,0.3792036347063753,0.2481044986839155,0.9757405481229902,0.9836039820669684
0.9818567302083545,1.0,ASR-LIKE,-0.00404784269630909,0.8520074859261513,0.948931485414505,sub-07,S0_STATIC_XSESSION,4,0.16412779087536622,0.11883026174778936,0.9984353287775883,0.9983279733901826
-0.010972819970035796,0.9560546875,DET-MATCH,-0.010522311553359032,0.8020120859146118,0.942051962018013,sub-07,S0_STATIC_XSESSION,4,0.17026770813968267,0.15775462957112224,0.9825621002913806,0.9890193784864164
0.7991089273669769,0.9853515625,DET-NULL,-0.007039736956357956,0.7972246520221233,0.9347438663244247,sub-07,S0_STATIC_XSESSION,4,0.1773040675771864,0.16327353510669873,0.9787445092340111,0.9917247905047257
0.8361401097271717,1.0,DET-WRONG-1,0.0038414541631937027,0.8058810010552406,0.938432514667511,sub-07,S0_STATIC_XSESSION,4,0.1754685421645984,0.15566306671138963,0.9800703423770624,0.986175883145606
0.8348252412120916,1.0,DET-WRONG-2,-0.010023906826972961,0.8285868130624294,0.955388531088829,sub-07,S0_STATIC_XSESSION,4,0.1355936203042004,0.13800949024276565,0.9870164924280307,0.9907807847153178
0.8434470430318678,0.98046875,DET-WRONG-3,-0.0028055841103196144,0.826378520578146,0.9489573240280151,sub-07,S0_STATIC_XSESSION,4,0.14506698308236166,0.13887171860988612,0.9846401654003637,0.9888108508700388
0.0021113238511916155,0.9560546875,ORACLE-QUERY-IMU,0.057638987083919346,0.6728149279952049,0.950524777173996,sub-07,S0_STATIC_XSESSION,4,0.14808562153032795,0.23848437555267482,0.9828159879643457,0.9980578963174923
1.0,1.0,RAW,0.0,1.0,1.0,sub-07,S0_STATIC_XSESSION,4,0.0,0.0,1.0,1.0
0.8996166974416422,0.9658203125,STRONG-POP,0.0028659459203481674,0.7701567150652409,0.9309206753969193,sub-07,S0_STATIC_XSESSION,4,0.18091329797200678,0.17958015418477094,0.9798576692203387,0.9883769626657117
0.8346467063370677,1.0,TEMPORAL-SHUFFLED,-0.0032979492098093033,0.8119467385113239,0.9517511278390884,sub-07,S0_STATIC_XSESSION,4,0.1508273195552559,0.14751314963543388,0.9925425086246378,0.9907588523874902
0.9936140286121443,1.0,ASR-LIKE,-0.008154245093464851,0.692609041929245,0.9456673264503479,sub-07,S1_MOTION_WITHIN_SESSION,2,0.4119573805219126,0.24790955178642538,nan,nan
-0.030387763150612646,0.94140625,DET-MATCH,-0.016982808709144592,0.8474660515785217,0.958611935377121,sub-07,S1_MOTION_WITHIN_SESSION,2,0.10836321597514968,0.11982764235708179,nan,nan
-0.008053334525352451,0.94140625,DET-NULL,-0.002845700830221176,0.8331746831536293,0.9416025876998901,sub-07,S1_MOTION_WITHIN_SESSION,2,0.13750675288733838,0.1316724688543898,nan,nan
-0.013157292878050286,0.94140625,DET-WRONG-1,-0.013130009174346924,0.8607942312955856,0.9565181136131287,sub-07,S1_MOTION_WITHIN_SESSION,2,0.10822195460728232,0.11044319960130361,nan,nan
-0.009519527345118961,0.94140625,DET-WRONG-2,-0.014681890606880188,0.8584935665130615,0.9548877477645874,sub-07,S1_MOTION_WITHIN_SESSION,2,0.11221929565022117,0.11243873542371505,nan,nan
-0.030640201071006956,0.94140625,DET-WRONG-3,-0.010203883051872253,0.8629296347498894,0.9576370120048523,sub-07,S1_MOTION_WITHIN_SESSION,2,0.10786104005723779,0.10809695057358695,nan,nan
-0.02028784159210828,0.9365234375,ORACLE-QUERY-IMU,0.06698060827329755,0.7133772224187851,0.9446837902069092,sub-07,S1_MOTION_WITHIN_SESSION,2,0.14045268002012012,0.20724749349520866,nan,nan
1.0,1.0,RAW,0.0,1.0,1.0,sub-07,S1_MOTION_WITHIN_SESSION,2,0.0,0.0,nan,nan
0.8915811115283087,1.0,STRONG-POP,-0.002641664817929268,0.8149691969156265,0.9428839087486267,sub-07,S1_MOTION_WITHIN_SESSION,2,0.12818788476126858,0.14216517610419982,nan,nan
-0.03357007189227823,0.94140625,TEMPORAL-SHUFFLED,-0.012094996869564056,0.8437438383698463,0.9590637683868408,sub-07,S1_MOTION_WITHIN_SESSION,2,0.11028246217951308,0.12252576648679576,nan,nan
0.9787847249768316,1.0,ASR-LIKE,-0.007530692964792252,0.920080192387104,0.9285176992416382,sub-07,S2_MOTION_XSPEED,2,0.05759125734779785,0.059329391600983696,0.9975355342127948,0.997150133170733
0.8125950329314751,1.0,DET-MATCH,-0.014466028660535812,0.8209123089909554,0.9664320349693298,sub-07,S2_MOTION_XSPEED,2,0.1376692371023859,0.14340306932786656,0.9906472235701019,0.9881801305889806
0.8200026367397405,1.0,DET-NULL,-0.011316943913698196,0.7896899282932281,0.9505468308925629,sub-07,S2_MOTION_XSPEED,2,0.16685145029861204,0.16606133455570776,0.9720590484753342,0.9944944690552545
0.8120877015688497,1.0,DET-WRONG-1,-0.012617431581020355,0.8220875114202499,0.9668998718261719,sub-07,S2_MOTION_XSPEED,2,0.13985600635796794,0.14271890516557256,0.9827464675615962,0.9895346339375635
0.8223038104766809,1.0,DET-WRONG-2,-0.014255817979574203,0.8258564621210098,0.9663801193237305,sub-07,S2_MOTION_XSPEED,2,0.13517434184996682,0.14006654346336345,0.9869379303250594,0.9879695599420645
0.8171640543625309,1.0,DET-WRONG-3,-0.013790525496006012,0.8244072496891022,0.9658022522926331,sub-07,S2_MOTION_XSPEED,2,0.13726146855254404,0.14224064498456593,0.9828897161471004,0.9900275442876355
-0.9204007467129571,0.912109375,ORACLE-QUERY-IMU,0.0793747422285378,0.6400838792324066,0.9488593935966492,sub-07,S2_MOTION_XSPEED,2,0.18554677237256584,0.2674507804940921,0.9673922422198558,0.9975572426157154
1.0,1.0,RAW,0.0,1.0,1.0,sub-07,S2_MOTION_XSPEED,2,0.0,0.0,1.0,1.0
0.9939499608418997,0.9609375,STRONG-POP,0.008040465414524078,0.7704540640115738,0.952577531337738,sub-07,S2_MOTION_XSPEED,2,0.16325949914670643,0.17663736381518297,0.9760021725090401,0.9934149845655972
0.809402492347848,1.0,TEMPORAL-SHUFFLED,-0.015014462172985077,0.8265209496021271,0.9661595523357391,sub-07,S2_MOTION_XSPEED,2,0.13492073683033862,0.1394224171987434,0.985435654539915,0.9868657507080669
0.9997240062734847,1.0,ASR-LIKE,-0.002088031731545925,0.7464367188513279,0.9398309886455536,sub-09,S0_STATIC_XSESSION,4,0.2932794936738864,0.21237918369795622,0.9973322803296994,0.9955063689417615
0.0036625040361326633,0.90234375,DET-MATCH,0.027232877910137177,0.8126421198248863,0.9376685172319412,sub-09,S0_STATIC_XSESSION,4,0.15830618691816176,0.15495783603388,0.9843956288291471,0.9873615931478616
-0.056048127240696966,0.90234375,DET-NULL,0.035551401786506176,0.7912710718810558,0.9308803826570511,sub-09,S0_STATIC_XSESSION,4,0.1792340847043488,0.1714281895031549,0.9906812027038037,0.9681838991402858
-0.053379406756457415,0.90234375,DET-WRONG-1,0.03228931687772274,0.793546624481678,0.9381228536367416,sub-09,S0_STATIC_XSESSION,4,0.16585863821015145,0.16743181012700603,0.996212795461767,0.9781289636274679
0.0037588583666354203,0.90234375,DET-WRONG-2,0.0346163148060441,0.797322228550911,0.9325871616601944,sub-09,S0_STATIC_XSESSION,4,0.17462113918450367,0.16948389621615229,0.9838084745910483,0.9766597161788287
-0.019754166164565712,0.90234375,DET-WRONG-3,0.024688072502613068,0.786697618663311,0.9285705238580704,sub-09,S0_STATIC_XSESSION,4,0.17968162793347991,0.17653971044363845,0.9879614629957278,0.9694154703899445
-0.019476390671648525,0.833984375,ORACLE-QUERY-IMU,0.08520111080724746,0.7183951437473297,0.9491378515958786,sub-09,S0_STATIC_XSESSION,4,0.11710646162595073,0.20466959515697666,0.9995859471439797,0.9301721778490113
1.0,1.0,RAW,0.0,1.0,1.0,sub-09,S0_STATIC_XSESSION,4,0.0,0.0,1.0,1.0
-0.10247906560812664,0.90234375,STRONG-POP,0.07191750779747963,0.7177209295332432,0.9108614027500153,sub-09,S0_STATIC_XSESSION,4,0.21697929875998512,0.21927847932064348,0.9947632216115603,0.9158079638871836
-0.06539266584311243,0.90234375,TEMPORAL-SHUFFLED,0.03543129935860634,0.7873102687299252,0.9319754391908646,sub-09,S0_STATIC_XSESSION,4,0.18156909022438578,0.17651650767725574,0.9918806833240372,0.9686651814688895
0.9994997887776119,1.0,ASR-LIKE,-0.002904333174228668,0.6945322602987289,0.919617235660553,sub-09,S1_MOTION_WITHIN_SESSION,2,0.4074375242143627,0.2616431790902185,nan,nan
0.8981808008393989,0.7998046875,DET-MATCH,0.027364125475287437,0.7735103294253349,0.9240797758102417,sub-09,S1_MOTION_WITHIN_SESSION,2,0.18696932240085049,0.1863674292379945,nan,nan
0.9034205906819821,0.7998046875,DET-NULL,0.03266361728310585,0.7884116694331169,0.9282867908477783,sub-09,S1_MOTION_WITHIN_SESSION,2,0.17510170869988723,0.1677586486975524,nan,nan
0.8931653749649751,0.7998046875,DET-WRONG-1,0.03238828666508198,0.7700535282492638,0.9232326149940491,sub-09,S1_MOTION_WITHIN_SESSION,2,0.18918901020595352,0.18786859212178808,nan,nan
0.8970107358551958,0.7998046875,DET-WRONG-2,0.024569757282733917,0.7734929025173187,0.9226933121681213,sub-09,S1_MOTION_WITHIN_SESSION,2,0.18926637778180985,0.18764262546505345,nan,nan
0.897342351022816,0.7998046875,DET-WRONG-3,0.02758834883570671,0.7769196927547455,0.9246707260608673,sub-09,S1_MOTION_WITHIN_SESSION,2,0.18522605185191743,0.1832058169913938,nan,nan
0.9473478565224254,0.7998046875,ORACLE-QUERY-IMU,0.10211056098341942,0.7168395668268204,0.9475089013576508,sub-09,S1_MOTION_WITHIN_SESSION,2,0.11691096142323182,0.20510017908278605,nan,nan
1.0,1.0,RAW,0.0,1.0,1.0,sub-09,S1_MOTION_WITHIN_SESSION,2,0.0,0.0,nan,nan
0.8505610670961017,0.7998046875,STRONG-POP,0.08254334703087807,0.7083940953016281,0.9115124046802521,sub-09,S1_MOTION_WITHIN_SESSION,2,0.2220363181730263,0.22019308080904665,nan,nan
0.9017999231483873,0.7998046875,TEMPORAL-SHUFFLED,0.032509393990039825,0.7832653969526291,0.9283977746963501,sub-09,S1_MOTION_WITHIN_SESSION,2,0.17667334132298945,0.17562632704927383,nan,nan
0.9999355698860359,1.0,ASR-LIKE,-0.002354741096496582,0.7905717119574547,0.9730463624000549,sub-09,S2_MOTION_XSPEED,2,0.2359147161252671,0.17306957753101754,0.9987388482857662,0.9923083173468338
-0.9222341947393482,0.8046875,DET-MATCH,0.05509009212255478,0.7160324603319168,0.9101530015468597,sub-09,S2_MOTION_XSPEED,2,0.24269088861136848,0.23630929099034398,0.9961863220848771,0.9632920821270189
-0.9492328733627229,0.8046875,DET-NULL,0.048064593225717545,0.7316490411758423,0.9136145412921906,sub-09,S2_MOTION_XSPEED,2,0.23405915960886217,0.22037964212913896,0.994915546660483,0.9722202959922964
-0.9402032613494598,0.8046875,DET-WRONG-1,0.055495716631412506,0.7313241511583328,0.9125112295150757,sub-09,S2_MOTION_XSPEED,2,0.23545836151788258,0.22601411756040907,0.9956418983327217,0.9735502404191065
-0.9320819908994702,0.8046875,DET-WRONG-2,0.05866396427154541,0.7222383469343185,0.9110500514507294,sub-09,S2_MOTION_XSPEED,2,0.23864913269166133,0.2301760347274316,0.9965195039536965,0.968314311084233
-0.91193152868611,0.8046875,DET-WRONG-3,0.04941298067569733,0.7230241000652313,0.9099864363670349,sub-09,S2_MOTION_XSPEED,2,0.2403424542386649,0.23146408713068362,0.9958352064956203,0.9707777134317312
-1.0132811046722012,0.677734375,ORACLE-QUERY-IMU,0.11340806633234024,0.6449138969182968,0.9257571697235107,sub-09,S2_MOTION_XSPEED,2,0.17680941508494266,0.26409987860587925,0.9997449737882251,0.8727812491002271
1.0,1.0,RAW,0.0,1.0,1.0,sub-09,S2_MOTION_XSPEED,2,0.0,0.0,1.0,1.0
-0.966709318059817,0.8046875,STRONG-POP,0.09239772707223892,0.6450106352567673,0.8886753022670746,sub-09,S2_MOTION_XSPEED,2,0.27812243085350885,0.2740543909714324,0.992172621443737,0.8340279674117383
-0.9234304583743991,0.8046875,TEMPORAL-SHUFFLED,0.051266465336084366,0.7364770174026489,0.9172931909561157,sub-09,S2_MOTION_XSPEED,2,0.2308092627333056,0.21886465216758672,0.9955942289594675,0.9994016446560887
0.9851766342075958,1.0,ASR-LIKE,-0.003213796764612198,0.7015540273860097,0.8473552763462067,sub-11,S0_STATIC_XSESSION,4,0.32365701196080815,0.27451914690136475,0.9860270021765076,0.956014930619493
0.7577542099814989,0.9267578125,DET-MATCH,0.015565101057291031,0.823903001844883,0.9137067645788193,sub-11,S0_STATIC_XSESSION,4,0.19947874392240872,0.14299425344579117,0.9984289868229519,0.9869110824516625
0.7511296248634831,0.9267578125,DET-NULL,0.018676184117794037,0.7954262606799603,0.8983094841241837,sub-11,S0_STATIC_XSESSION,4,0.23607140740375998,0.1653909122372062,0.9847907154756822,0.9936695642946486
0.767786435683593,0.9267578125,DET-WRONG-1,0.014045460149645805,0.8245824221521616,0.9132145643234253,sub-11,S0_STATIC_XSESSION,4,0.2000336620096153,0.14084039858787,0.9885742979484281,0.9915288617704493
0.7356331137248522,0.9267578125,DET-WRONG-2,0.004998976364731789,0.816989041864872,0.9148652404546738,sub-11,S0_STATIC_XSESSION,4,0.20153536369835462,0.14927268517168102,0.9855224429011051,0.9844054730487786
0.7369127767495148,0.9267578125,DET-WRONG-3,0.011864172294735909,0.8273833654820919,0.916810929775238,sub-11,S0_STATIC_XSESSION,4,0.19484333817685184,0.1403292559473132,0.9848858176427535,0.977002436182838
0.9987938201336917,0.8681640625,ORACLE-QUERY-IMU,0.09863640135154128,0.6504145450890064,0.9340414702892303,sub-11,S0_STATIC_XSESSION,4,0.14966984170183475,0.2654911892705613,0.989066883283116,0.9967753887544457
1.0,1.0,RAW,0.0,1.0,1.0,sub-11,S0_STATIC_XSESSION,4,0.0,0.0,1.0,1.0
0.7229903334120324,0.794921875,STRONG-POP,0.028326953761279583,0.7684362754225731,0.9002722799777985,sub-11,S0_STATIC_XSESSION,4,0.26782885645049465,0.18589862035789206,0.9849828445745084,0.9511723801283353
0.7278401416964851,0.9267578125,TEMPORAL-SHUFFLED,0.012062902562320232,0.8369673117995262,0.9277465641498566,sub-11,S0_STATIC_XSESSION,4,0.16739722713988167,0.13108690638055426,0.9916765871983793,0.9701581928109604
0.9752059862801247,1.0,ASR-LIKE,-0.002374008297920227,0.89852308233579,0.9507419466972351,sub-11,S1_MOTION_WITHIN_SESSION,3,0.09511279427519966,0.08161577857091287,0.9831987684252035,0.9779618044226617
-0.03317619082430168,0.658203125,DET-MATCH,0.020104942222436268,0.7608921130498251,0.8886179725329081,sub-11,S1_MOTION_WITHIN_SESSION,3,0.27267824034955407,0.1924775305236575,0.9868322476095502,0.9747135708320416
-0.792139585235477,0.5654296875,DET-NULL,0.023733526468276978,0.7606680542230606,0.877500315507253,sub-11,S1_MOTION_WITHIN_SESSION,3,0.2984117843923283,0.1938480682822156,0.974179309211041,0.9944407827206243
0.796615277998252,0.8681640625,DET-WRONG-1,0.01682402193546295,0.7632626344760259,0.8912068406740824,sub-11,S1_MOTION_WITHIN_SESSION,3,0.2690395699949104,0.19113406329434338,0.9840935657659541,0.9757776141495157
0.8029939295523776,1.0,DET-WRONG-2,0.0145522008339564,0.7634413292010626,0.8907250761985779,sub-11,S1_MOTION_WITHIN_SESSION,3,0.2703271620394474,0.19143031494414856,0.9806740168236239,0.9809808095234448
0.03683235624015385,0.7900390625,DET-WRONG-3,0.015476529796918234,0.7617881546417872,0.8978628913561503,sub-11,S1_MOTION_WITHIN_SESSION,3,0.264618985694617,0.1908644806003604,0.9865663976389321,0.9699637635886312
0.8796196142657624,0.86328125,ORACLE-QUERY-IMU,0.10792673255006473,0.5956883728504181,0.924142599105835,sub-11,S1_MOTION_WITHIN_SESSION,3,0.1981167667847368,0.29703627522711235,0.9797568056145842,0.9785471964159517
1.0,1.0,RAW,0.0,1.0,1.0,sub-11,S1_MOTION_WITHIN_SESSION,3,0.0,0.0,1.0,1.0
0.034840446221016896,0.658203125,STRONG-POP,0.031462581207354866,0.7294073353211085,0.8798651099205017,sub-11,S1_MOTION_WITHIN_SESSION,3,0.3354910589521129,0.21791314875606158,0.9878904821683491,0.9122271204970193
-0.01861783265168221,0.658203125,TEMPORAL-SHUFFLED,0.018458592394987743,0.7645785162846247,0.8896787166595459,sub-11,S1_MOTION_WITHIN_SESSION,3,0.26913264849522517,0.189323205618717,0.9894627473112982,0.9733434559760389
0.9994761902169044,1.0,ASR-LIKE,-0.002708040177822113,0.8602843657135963,0.9529223442077637,sub-11,S2_MOTION_XSPEED,2,0.13636829329125555,0.11262388737617231,0.9923527565289093,0.9859033537818729
0.7837297216759339,0.853515625,DET-MATCH,0.02024565450847149,0.7836131826043129,0.9179530143737793,sub-11,S2_MOTION_XSPEED,2,0.18847637471016915,0.17523018193226514,0.9957509525966995,0.9977690445995687
0.7892271008945159,0.853515625,DET-NULL,0.025540009140968323,0.7544621750712395,0.8740295171737671,sub-11,S2_MOTION_XSPEED,2,0.29676071373968194,0.1938991565843733,0.98735604645926,0.9985728971734562
0.791695768585174,0.853515625,DET-WRONG-1,0.018330585211515427,0.7664413526654243,0.8875016272068024,sub-11,S2_MOTION_XSPEED,2,0.25982309750916077,0.18386327047845774,0.988253546605222,0.9843785669231269
0.7929699004900013,0.853515625,DET-WRONG-2,0.019898241385817528,0.767252191901207,0.8907658457756042,sub-11,S2_MOTION_XSPEED,2,0.24696586354304512,0.18169310266011177,0.99460263665365,0.9953735804084972
0.8069476818867845,0.853515625,DET-WRONG-3,0.011696543544530869,0.7725590988993645,0.8918780088424683,sub-11,S2_MOTION_XSPEED,2,0.24844426574038359,0.18023899009249167,0.9912561140135678,0.9858485815218837
0.9988633793007521,1.0,ORACLE-QUERY-IMU,0.1263451287522912,0.6258022040128708,0.9166102409362793,sub-11,S2_MOTION_XSPEED,2,0.14021539709887465,0.29094202853013296,0.9801358676930655,0.9939010153569492
1.0,1.0,RAW,0.0,1.0,1.0,sub-11,S2_MOTION_XSPEED,2,0.0,0.0,1.0,1.0
0.7025420268003301,0.853515625,STRONG-POP,0.027652937918901443,0.7548252791166306,0.8854127824306488,sub-11,S2_MOTION_XSPEED,2,0.2708670649612262,0.19303025440035304,0.9917769272758051,0.9458275138161573
0.7878583743482697,0.853515625,TEMPORAL-SHUFFLED,0.015056146308779716,0.7741299197077751,0.8994074761867523,sub-11,S2_MOTION_XSPEED,2,0.2281932527091421,0.17565001725881077,0.9989676546045605,0.9930827403491407
0.9939383554579165,1.0,ASR-LIKE,-0.003996372222900391,0.75037981569767,0.9402765234311422,sub-12,S0_STATIC_XSESSION,3,0.27593502610759685,0.2064758622784287,0.9887923438076958,0.9761568021537858
-0.022855285799311065,0.7509765625,DET-MATCH,0.000935092568397522,0.8306916480263075,0.9696065982182821,sub-12,S0_STATIC_XSESSION,3,0.16599101003428607,0.14077994209620887,0.9832083495584959,0.9812827924512503
0.007871350407926525,0.7509765625,DET-NULL,0.008336054782072702,0.7831250031789144,0.9642341136932373,sub-12,S0_STATIC_XSESSION,3,0.23729070443322745,0.17601322224976323,0.9964964769469915,0.9909152665501731
-0.011875207011983524,0.7509765625,DET-WRONG-1,-0.010245248675346375,0.8176527296503385,0.9701926708221436,sub-12,S0_STATIC_XSESSION,3,0.17599806988051392,0.14330993825018581,0.9931826202315935,0.9415945173623036
-0.021847443362512875,0.7509765625,DET-WRONG-2,-0.004032025734583537,0.8365039428075155,0.9638693928718567,sub-12,S0_STATIC_XSESSION,3,0.16191477429639692,0.13013098145967308,0.9974693313200047,0.9694452000237076
0.01794044018602281,0.7509765625,DET-WRONG-3,-0.0017001330852508545,0.838516965508461,0.9588743845621744,sub-12,S0_STATIC_XSESSION,3,0.17209594922049432,0.13432869678813933,0.9852460771806913,0.9885289767261839
-0.1231239896327267,0.7509765625,ORACLE-QUERY-IMU,0.15375126401583353,0.4701373875141144,0.8238208293914795,sub-12,S0_STATIC_XSESSION,3,0.3871585446309845,0.3986262260810867,0.9918591280496937,0.8636302546083496
1.0,1.0,RAW,0.0,1.0,1.0,sub-12,S0_STATIC_XSESSION,3,0.0,0.0,1.0,1.0
-0.057061592336065226,0.7509765625,STRONG-POP,0.013076792160669962,0.7918674051761627,0.9609628319740295,sub-12,S0_STATIC_XSESSION,3,0.18387691232897127,0.16332893815330293,0.9637575342985116,0.9714580099313692
0.003528087763113752,0.7509765625,TEMPORAL-SHUFFLED,-0.006192222237586975,0.8337198197841644,0.9678939779599508,sub-12,S0_STATIC_XSESSION,3,0.17781292012366542,0.134811967728985,0.9972748581793631,0.9647079647525214
0.9903067438208075,0.9951171875,ASR-LIKE,-0.00579456239938736,0.8524345830082893,0.9629926383495331,sub-12,S1_MOTION_WITHIN_SESSION,2,0.09143227418691299,0.11179066275112623,nan,nan
0.9936241919500326,0.9951171875,DET-MATCH,-0.0004057884216308594,0.8577219620347023,0.959242045879364,sub-12,S1_MOTION_WITHIN_SESSION,2,0.11150097741842444,0.11665284531028322,nan,nan
0.9775413358080353,0.9951171875,DET-NULL,0.0106351338326931,0.8238511458039284,0.9426775276660919,sub-12,S1_MOTION_WITHIN_SESSION,2,0.15309071419423023,0.1399025099871743,nan,nan
0.9870226250479649,0.9951171875,DET-WRONG-1,0.002000901848077774,0.8556125909090042,0.9570885896682739,sub-12,S1_MOTION_WITHIN_SESSION,2,0.11212564517907443,0.11831736058059947,nan,nan
0.9857634860447062,0.9951171875,DET-WRONG-2,0.0029307641088962555,0.8556263670325279,0.9557817876338959,sub-12,S1_MOTION_WITHIN_SESSION,2,0.11583058283522989,0.11732858474453059,nan,nan
0.9864507998389649,0.9951171875,DET-WRONG-3,-0.0013885162770748138,0.8603002652525902,0.9597661793231964,sub-12,S1_MOTION_WITHIN_SESSION,2,0.10690067687371314,0.11525541718749191,nan,nan
0.8574138504454154,1.0,ORACLE-QUERY-IMU,0.1341742007061839,0.4942207932472229,0.8368905484676361,sub-12,S1_MOTION_WITHIN_SESSION,2,0.29886057234793295,0.3549789236281732,nan,nan
1.0,1.0,RAW,0.0,1.0,1.0,sub-12,S1_MOTION_WITHIN_SESSION,2,0.0,0.0,nan,nan
0.933411110083343,1.0,STRONG-POP,0.024166233837604523,0.8047532364726067,0.9410401284694672,sub-12,S1_MOTION_WITHIN_SESSION,2,0.15404431983281067,0.1510300290553686,nan,nan
0.9897608620666466,0.9951171875,TEMPORAL-SHUFFLED,0.0033002905547618866,0.8551119938492775,0.9573674201965332,sub-12,S1_MOTION_WITHIN_SESSION,2,0.11105878396912738,0.11909942406636076,nan,nan
0.994701990119771,1.0,ASR-LIKE,-0.005754232406616211,0.841584786772728,0.9651230573654175,sub-12,S2_MOTION_XSPEED,1,0.10634376595230283,0.11920381869648271,nan,nan
-0.9731900600201304,0.501953125,DET-MATCH,-0.015507504343986511,0.8529367297887802,0.9745053648948669,sub-12,S2_MOTION_XSPEED,1,0.09481087235650956,0.12136961038091049,nan,nan
-0.9746291611560569,0.501953125,DET-NULL,0.0013404786586761475,0.8064259588718414,0.9621314406394958,sub-12,S2_MOTION_XSPEED,1,0.1493758044825672,0.15463312654948058,nan,nan
-0.9804026373697841,0.501953125,DET-WRONG-1,-0.023259878158569336,0.8474682569503784,0.9788613319396973,sub-12,S2_MOTION_XSPEED,1,0.09740303287715918,0.12640414870438918,nan,nan
-0.9714090173983689,0.501953125,DET-WRONG-2,-0.015121892094612122,0.8396560102701187,0.9745689630508423,sub-12,S2_MOTION_XSPEED,1,0.10389114601879308,0.13129996168926694,nan,nan
-0.9699350616028164,0.501953125,DET-WRONG-3,-0.015116363763809204,0.8439507186412811,0.972926676273346,sub-12,S2_MOTION_XSPEED,1,0.10126536465797574,0.12827030041703177,nan,nan
-1.0281784172427932,0.501953125,ORACLE-QUERY-IMU,0.1600179299712181,0.49671876430511475,0.8085410594940186,sub-12,S2_MOTION_XSPEED,1,0.28620412416984875,0.3640636018281827,nan,nan
1.0,1.0,RAW,0.0,1.0,1.0,sub-12,S2_MOTION_XSPEED,1,0.0,0.0,nan,nan
-1.008096442741568,0.501953125,STRONG-POP,0.010834336280822754,0.8133790343999863,0.9646444320678711,sub-12,S2_MOTION_XSPEED,1,0.12674550389431746,0.1433747247006697,nan,nan
-0.986527810309358,0.501953125,TEMPORAL-SHUFFLED,-0.010752931237220764,0.8336155861616135,0.9748872518539429,sub-12,S2_MOTION_XSPEED,1,0.1121640050670009,0.13664602322572342,nan,nan
0.9918852141104024,1.0,ASR-LIKE,-0.0026867296546697617,0.8502693064510822,0.9787938147783279,sub-14,S0_STATIC_XSESSION,4,0.14179319729577294,0.12059569412748834,0.9948898443661249,0.9958234699847219
0.9356581077926309,1.0,DET-MATCH,0.01576998084783554,0.805548407137394,0.9064909815788269,sub-14,S0_STATIC_XSESSION,4,0.2302945950489531,0.16372598287184362,0.9960441614431977,0.977306130295905
0.9121278140542043,1.0,DET-NULL,0.021627169102430344,0.7638743557035923,0.8794057816267014,sub-14,S0_STATIC_XSESSION,4,0.2918651132769332,0.20127709558602835,0.9915609398501966,0.9684076632038969
0.9338129447733692,1.0,DET-WRONG-1,0.006756240501999855,0.7935667112469673,0.8988922983407974,sub-14,S0_STATIC_XSESSION,4,0.2624742600007911,0.17696759134994267,0.9858521343507068,0.9717565921365572
0.9169130468180029,1.0,DET-WRONG-2,0.012553341686725616,0.8005707636475563,0.8976114839315414,sub-14,S0_STATIC_XSESSION,4,0.2414651836624379,0.17022578294926985,0.9974642700220285,0.9917864068091764
0.9372283151330698,1.0,DET-WRONG-3,0.015235336497426033,0.7988656237721443,0.9062077701091766,sub-14,S0_STATIC_XSESSION,4,0.23442797669177307,0.16886004387537423,0.9977132374931398,0.9616563128725129
0.23908019504418426,0.82421875,ORACLE-QUERY-IMU,0.1422714372165501,0.42805730551481247,0.7705715894699097,sub-14,S0_STATIC_XSESSION,4,0.49872553006008824,0.4799213445066446,0.9533797889985607,0.8101721210917636
1.0,1.0,RAW,0.0,1.0,1.0,sub-14,S0_STATIC_XSESSION,4,0.0,0.0,1.0,1.0
0.09208173919026719,0.7998046875,STRONG-POP,0.03552363067865372,0.7441082447767258,0.8731565773487091,sub-14,S0_STATIC_XSESSION,4,0.29534522930801665,0.2151103982014505,0.9843197819955404,0.9381443486100578
0.9378549874268163,1.0,TEMPORAL-SHUFFLED,0.017232075333595276,0.7991002164781094,0.9062685370445251,sub-14,S0_STATIC_XSESSION,4,0.23586246668210617,0.1710631799164905,0.9986826058292437,0.9397629325017274
0.991269018935832,1.0,ASR-LIKE,-0.00019840151071548462,0.8979148529469967,0.9898998737335205,sub-14,S1_MOTION_WITHIN_SESSION,2,0.05447276270206069,0.07616540207927722,nan,nan
0.9089554962853441,1.0,DET-MATCH,0.0001567266881465912,0.8235383182764053,0.9101572930812836,sub-14,S1_MOTION_WITHIN_SESSION,2,0.23315936068724072,0.15485211571096433,nan,nan
0.9010688412044952,1.0,DET-NULL,0.004090424627065659,0.784727469086647,0.8860354125499725,sub-14,S1_MOTION_WITHIN_SESSION,2,0.28529171480767795,0.18642588042904373,nan,nan
0.9121376217480621,1.0,DET-WRONG-1,0.0033852197229862213,0.842745266854763,0.9239693284034729,sub-14,S1_MOTION_WITHIN_SESSION,2,0.19110318189576103,0.13710922371356934,nan,nan
0.9055331228280474,1.0,DET-WRONG-2,0.0006197988986968994,0.8320973739027977,0.9171414375305176,sub-14,S1_MOTION_WITHIN_SESSION,2,0.21547020268579642,0.14685934005662862,nan,nan
0.9162921824982209,1.0,DET-WRONG-3,-0.002473205327987671,0.8327548205852509,0.915399819612503,sub-14,S1_MOTION_WITHIN_SESSION,2,0.21599906299881838,0.14554608263101004,nan,nan
0.23277840428690127,0.82421875,ORACLE-QUERY-IMU,0.15025905519723892,0.3881918638944626,0.7433823049068451,sub-14,S1_MOTION_WITHIN_SESSION,2,0.551368654225763,0.5297611790457901,nan,nan
1.0,1.0,RAW,0.0,1.0,1.0,sub-14,S1_MOTION_WITHIN_SESSION,2,0.0,0.0,nan,nan
0.03799114413964544,0.7998046875,STRONG-POP,0.028610866516828537,0.7594052329659462,0.8726308941841125,sub-14,S1_MOTION_WITHIN_SESSION,2,0.30151123183084777,0.20389815591605817,nan,nan
0.922254213723041,1.0,TEMPORAL-SHUFFLED,-0.0013438798487186432,0.8376173228025436,0.9248009920120239,sub-14,S1_MOTION_WITHIN_SESSION,2,0.20078635001579082,0.14140477993354328,nan,nan
0.9884931752907948,1.0,ASR-LIKE,-0.0011205747723579407,0.9331274218857288,0.9914754331111908,sub-14,S2_MOTION_XSPEED,2,0.03196933929526028,0.04990460457109282,0.9902663240131939,0.9945618460694363
0.9050819676981807,1.0,DET-MATCH,0.01182498037815094,0.7762488201260567,0.8867865800857544,sub-14,S2_MOTION_XSPEED,2,0.2947701981280309,0.19355306391412122,0.9917191388766309,0.9594589842426793
0.8730294795481512,1.0,DET-NULL,0.023696452379226685,0.7054084613919258,0.8436312973499298,sub-14,S2_MOTION_XSPEED,2,0.39279840688324064,0.2533955986913834,0.9912142301691619,0.9439461639747366
0.9010327963040867,1.0,DET-WRONG-1,0.012967295944690704,0.7711537703871727,0.8843168020248413,sub-14,S2_MOTION_XSPEED,2,0.30216170477345755,0.19870516082819997,0.998089382555097,0.932365389384061
0.9015363319317997,1.0,DET-WRONG-2,0.014577388763427734,0.7657716944813728,0.8839986324310303,sub-14,S2_MOTION_XSPEED,2,0.30305804482339854,0.20196049408691477,0.998203939855228,0.9362635099765624
0.8985164235637965,1.0,DET-WRONG-3,0.016598008573055267,0.7679644227027893,0.8859968781471252,sub-14,S2_MOTION_XSPEED,2,0.29553287188707333,0.1992291487781146,0.9990054050312612,0.9473295096001257
-0.48588581629077865,0.6484375,ORACLE-QUERY-IMU,0.20058157201856375,0.3104786276817322,0.6858938038349152,sub-14,S2_MOTION_XSPEED,2,0.6545027687721736,0.6010564385812867,0.9590034039649922,0.6607695947249616
1.0,1.0,RAW,0.0,1.0,1.0,sub-14,S2_MOTION_XSPEED,2,0.0,0.0,1.0,1.0
-0.6762186284511031,0.599609375,STRONG-POP,0.042397163808345795,0.708214171230793,0.838402509689331,sub-14,S2_MOTION_XSPEED,2,0.38217854160710873,0.2526748213765613,0.975733924092357,0.8830843385649333
0.9102012175710785,1.0,TEMPORAL-SHUFFLED,0.008108988404273987,0.7707277238368988,0.8850740194320679,sub-14,S2_MOTION_XSPEED,2,0.3017581555117255,0.19851599131233555,0.9978334962986616,0.9331770878836613
0.9993365582060303,1.0,ASR-LIKE,-6.627477705478668e-05,0.6666797504294664,0.9216977804899216,sub-15,S0_STATIC_XSESSION,4,0.3822505152771264,0.3106011805972168,0.999611193785916,0.9998894281995476
0.8207537543597965,1.0,DET-MATCH,0.02615385316312313,0.8499859888106585,0.9358663260936737,sub-15,S0_STATIC_XSESSION,4,0.13917718681725388,0.12288621248614548,0.9992256337429022,0.9898017691634126
0.8483080645139691,1.0,DET-NULL,0.023660600185394287,0.8366056960076094,0.9259667545557022,sub-15,S0_STATIC_XSESSION,4,0.15919319236467178,0.13386169182334587,0.9991002897093773,0.9824558454311798
0.868415306577184,1.0,DET-WRONG-1,0.024752888828516006,0.8276746179908514,0.9294313341379166,sub-15,S0_STATIC_XSESSION,4,0.16169044588855414,0.1423924654832296,0.9988213326660837,0.9844867169198912
0.8264320091020876,1.0,DET-WRONG-2,0.02789872232824564,0.8185155466198921,0.9211731255054474,sub-15,S0_STATIC_XSESSION,4,0.17037348652434667,0.1480767888172666,0.9964553617922235,0.9727700164050574
0.8643261838139019,1.0,DET-WRONG-3,0.024908007122576237,0.8677408508956432,0.9470627754926682,sub-15,S0_STATIC_XSESSION,4,0.11109339829090174,0.1069607320169402,0.9985749837833945,0.9898569455274999
0.8798034364546135,1.0,ORACLE-QUERY-IMU,0.0772629827260971,0.7128729075193405,0.9531214535236359,sub-15,S0_STATIC_XSESSION,4,0.11137696898467056,0.21674074938747231,0.9752814563691233,0.9205529536007215
1.0,1.0,RAW,0.0,1.0,1.0,sub-15,S0_STATIC_XSESSION,4,0.0,0.0,1.0,1.0
0.7757490815114881,0.6728515625,STRONG-POP,0.032144642900675535,0.76396095007658,0.9135409444570541,sub-15,S0_STATIC_XSESSION,4,0.27009804267410165,0.18600289460964398,0.9890015372028123,0.9234384291777618
0.8399775219732666,1.0,TEMPORAL-SHUFFLED,0.022807741537690163,0.8510877024382353,0.9345459640026093,sub-15,S0_STATIC_XSESSION,4,0.14168836104127036,0.12210260611671223,0.9978125039718242,0.9899620191646691
0.9991473572461416,1.0,ASR-LIKE,-0.00014510502417882284,0.555503531669577,0.8925906419754028,sub-15,S1_MOTION_WITHIN_SESSION,3,0.5293884967829671,0.41592702139800525,0.9990230246513707,0.9993402098132996
0.8447364663404426,0.7900390625,DET-MATCH,0.021993788580099743,0.8453495850165685,0.9379720886548361,sub-15,S1_MOTION_WITHIN_SESSION,3,0.12270639800578659,0.1252748420727027,0.9856370078524477,0.9876274814458347
0.8177882088854889,0.7900390625,DET-NULL,0.025121199587980907,0.8528647695978483,0.9363618691762289,sub-15,S1_MOTION_WITHIN_SESSION,3,0.11889378349345907,0.11834174781852384,0.9793609939457337,0.9837078541608273
0.8495639932865875,0.7900390625,DET-WRONG-1,0.021258546660343807,0.8407017787297567,0.9371189872423807,sub-15,S1_MOTION_WITHIN_SESSION,3,0.12496828313802089,0.128804478928755,0.987727124879302,0.9823622072269447
0.8439360482178713,0.7900390625,DET-WRONG-2,0.021728970110416412,0.8430638412634531,0.9365118344624838,sub-15,S1_MOTION_WITHIN_SESSION,3,0.12470006165324365,0.12686993866207708,0.9869498744930916,0.9841846439275808
0.8351207312434379,0.7900390625,DET-WRONG-3,0.024179019033908844,0.8379149660468102,0.9355040788650513,sub-15,S1_MOTION_WITHIN_SESSION,3,0.12855828364129204,0.13118906278423,0.9844933781863179,0.9861964017463307
0.8688425026680919,0.7900390625,ORACLE-QUERY-IMU,0.08236706132690112,0.7160321970780691,0.9546948671340942,sub-15,S1_MOTION_WITHIN_SESSION,3,0.11117139857422549,0.2181487516428563,0.9565883984429068,0.8359781590548947
1.0,1.0,RAW,0.0,1.0,1.0,sub-15,S1_MOTION_WITHIN_SESSION,3,0.0,0.0,1.0,1.0
0.7677209315318799,1.0,STRONG-POP,0.0340094119310379,0.7847264955441157,0.9271690448125204,sub-15,S1_MOTION_WITHIN_SESSION,3,0.21904715850117076,0.1639403748580207,0.9978159734940198,0.8881890011546153
0.8356042092819846,0.7900390625,TEMPORAL-SHUFFLED,0.02194736401240031,0.8450604602694511,0.9378595153490702,sub-15,S1_MOTION_WITHIN_SESSION,3,0.12313762961771225,0.12546690377127312,0.9872790861999182,0.9914338454757806
0.9992249220143186,1.0,ASR-LIKE,-0.00018342211842536926,0.35061685740947723,0.8484078049659729,sub-15,S2_MOTION_XSPEED,2,0.7562592067698217,0.6087572685726405,0.999371067949149,0.9997967947801424
0.8679836513861967,1.0,DET-MATCH,0.02096734195947647,0.8758493922650814,0.9427680969238281,sub-15,S2_MOTION_XSPEED,2,0.09464616732973041,0.1005415667639247,0.9975300888910127,0.9730744081450535
0.8541248341159043,1.0,DET-NULL,0.022985532879829407,0.8818966448307037,0.9407543241977692,sub-15,S2_MOTION_XSPEED,2,0.09743582061715791,0.09554053886127556,0.9996175173402313,0.972389227455598
0.8794173331486588,1.0,DET-WRONG-1,0.02227172814309597,0.8703178726136684,0.9435850977897644,sub-15,S2_MOTION_XSPEED,2,0.09402777764220843,0.10475822640148794,0.9958515810672509,0.97304935638432
0.879473130647628,1.0,DET-WRONG-2,0.020508529618382454,0.8797413557767868,0.945372462272644,sub-15,S2_MOTION_XSPEED,2,0.09100244278275528,0.09734005972315729,0.9993169812575221,0.9821976927131143
0.8767517611452701,1.0,DET-WRONG-3,0.02159055881202221,0.8788645416498184,0.9435883462429047,sub-15,S2_MOTION_XSPEED,2,0.09344616044228753,0.09808046147500668,0.9972735916112012,0.9800506395116038
0.8233658354209785,1.0,ORACLE-QUERY-IMU,0.09051513345912099,0.7367306649684906,0.9527556300163269,sub-15,S2_MOTION_XSPEED,2,0.10370869412571218,0.20367195923420722,0.967949098445519,0.8454233705038192
1.0,1.0,RAW,0.0,1.0,1.0,sub-15,S2_MOTION_XSPEED,2,0.0,0.0,1.0,1.0
0.8298760419849216,1.0,STRONG-POP,0.03143056482076645,0.794480487704277,0.9300553500652313,sub-15,S2_MOTION_XSPEED,2,0.236779048304622,0.1547253137819041,0.9977627033318379,0.8821135032075331
0.8674662030010191,1.0,TEMPORAL-SHUFFLED,0.019594965502619743,0.8762483038008213,0.9434390664100647,sub-15,S2_MOTION_XSPEED,2,0.09301565523631085,0.09998421745913941,0.9995644043353342,0.9751365723959269
0.9985245807961087,1.0,ASR-LIKE,-2.7781352400779724e-05,0.7358070453628898,0.7675840798765421,sub-17,S0_STATIC_XSESSION,4,0.2545110617732239,0.25825828304101767,0.9896147351535023,0.9519894684484886
0.919790084002321,1.0,DET-MATCH,0.030291683040559292,0.8064470998942852,0.9239455759525299,sub-17,S0_STATIC_XSESSION,4,0.19709882954722802,0.16399467892041414,0.9908365540380313,0.8478757263453337
0.9015598716244699,1.0,DET-NULL,0.04327589552849531,0.7680213574785739,0.9120600074529648,sub-17,S0_STATIC_XSESSION,4,0.22903232046593247,0.19807565338463368,0.9692734117227815,0.8584037255850768
0.8496488441886967,1.0,DET-WRONG-1,0.04282348696142435,0.7832765644416213,0.916961058974266,sub-17,S0_STATIC_XSESSION,4,0.22740192304517773,0.1865817448733409,0.9725668897563937,0.8434631261590037
0.9418215637103174,1.0,DET-WRONG-2,0.03498292341828346,0.8015072604175657,0.9173215627670288,sub-17,S0_STATIC_XSESSION,4,0.20758345199439318,0.1717047092459391,0.9781220498481755,0.8517803030593543
0.8728643682290531,1.0,DET-WRONG-3,0.04192615021020174,0.787132550496608,0.9180358946323395,sub-17,S0_STATIC_XSESSION,4,0.22266269335072486,0.18471068326790463,0.9640654022211117,0.8494625541101342
0.7477321804508925,0.716796875,ORACLE-QUERY-IMU,0.10457161907106638,0.643706951290369,0.9021582007408142,sub-17,S0_STATIC_XSESSION,4,0.24874193133242722,0.2824633825843779,0.9853744185529756,0.10031770219493602
1.0,1.0,RAW,0.0,1.0,1.0,sub-17,S0_STATIC_XSESSION,4,0.0,0.0,1.0,1.0
0.8067209038661047,1.0,STRONG-POP,0.056389326229691505,0.7532175183296204,0.895521268248558,sub-17,S0_STATIC_XSESSION,4,0.27015089696717853,0.21288579208184683,0.9859053272012392,0.90046438989544
0.9567411299733359,1.0,TEMPORAL-SHUFFLED,0.03593079652637243,0.804888604208827,0.9201920628547668,sub-17,S0_STATIC_XSESSION,4,0.2034663754425344,0.16906502791892955,0.9687804771697164,0.8650455506059964
0.9984454198930177,1.0,ASR-LIKE,-3.992021083831787e-05,0.9785409714095294,0.9974310100078583,sub-17,S1_MOTION_WITHIN_SESSION,2,0.007080610972498316,0.01556715917814866,nan,nan
0.923726715946304,1.0,DET-MATCH,0.03789455629885197,0.7532724142074585,0.9096836149692535,sub-17,S1_MOTION_WITHIN_SESSION,2,0.23311565737618067,0.21321240323614887,nan,nan
0.9071704719125799,1.0,DET-NULL,0.03600481804460287,0.7293194010853767,0.9078095555305481,sub-17,S1_MOTION_WITHIN_SESSION,2,0.24067749964854224,0.22601731536767405,nan,nan
0.9506735020515987,1.0,DET-WRONG-1,0.03503544442355633,0.7635817676782608,0.9092222154140472,sub-17,S1_MOTION_WITHIN_SESSION,2,0.22589887648685492,0.20494190523738628,nan,nan
0.9115921607964608,1.0,DET-WRONG-2,0.03607820346951485,0.7548612728714943,0.910167396068573,sub-17,S1_MOTION_WITHIN_SESSION,2,0.23356841298394776,0.21213257072585995,nan,nan
0.9518740929651589,1.0,DET-WRONG-3,0.03289956785738468,0.7668661922216415,0.9120290279388428,sub-17,S1_MOTION_WITHIN_SESSION,2,0.21920494507896643,0.19994669834125253,nan,nan
0.7734725179849847,1.0,ORACLE-QUERY-IMU,0.08737585879862309,0.5845722407102585,0.8929150700569153,sub-17,S1_MOTION_WITHIN_SESSION,2,0.2559487228400052,0.3267808913399436,nan,nan
1.0,1.0,RAW,0.0,1.0,1.0,sub-17,S1_MOTION_WITHIN_SESSION,2,0.0,0.0,nan,nan
0.8146448660682878,1.0,STRONG-POP,0.03973410837352276,0.7462982535362244,0.9031647443771362,sub-17,S1_MOTION_WITHIN_SESSION,2,0.2579473928769646,0.21223398561963097,nan,nan
0.9251073175014186,1.0,TEMPORAL-SHUFFLED,0.03386140428483486,0.7570781037211418,0.9116518795490265,sub-17,S1_MOTION_WITHIN_SESSION,2,0.22953044613739595,0.20959035543101318,nan,nan
0.9972292026973253,1.0,ASR-LIKE,9.034574031829834e-05,0.4828810263425112,0.5385952778160572,sub-17,S2_MOTION_XSPEED,2,0.5065214545817022,0.508429386980075,0.9797248171593264,0.9046176984440351
0.8936261515368046,1.0,DET-MATCH,0.046726375818252563,0.8430846869014204,0.9506686329841614,sub-17,S2_MOTION_XSPEED,2,0.13023489061889473,0.13407045290591982,0.9725523869971894,0.958018648391009
0.9005264546386481,1.0,DET-NULL,0.03839718550443649,0.8252496966160834,0.9486671984195709,sub-17,S2_MOTION_XSPEED,2,0.13852925147369108,0.1451563638161034,0.9644358690147963,0.862620754764684
0.8885844537631353,1.0,DET-WRONG-1,0.04527631402015686,0.8437380120158195,0.9505158960819244,sub-17,S2_MOTION_XSPEED,2,0.1309676625027371,0.13313869892564445,0.9712127374314675,0.9485328720220532
0.8963589460924416,1.0,DET-WRONG-2,0.04564087837934494,0.8450282677076757,0.9503079652786255,sub-17,S2_MOTION_XSPEED,2,0.13015019844607606,0.13244173688820832,0.9703951755775273,0.9604370741137317
0.9046596157600858,1.0,DET-WRONG-3,0.04521740972995758,0.8457566481083632,0.9505111277103424,sub-17,S2_MOTION_XSPEED,2,0.12867519104189756,0.1317396083654955,0.9703894734476715,0.9487584780160346
0.6490038553566291,1.0,ORACLE-QUERY-IMU,0.13534017093479633,0.7398061975836754,0.9319899082183838,sub-17,S2_MOTION_XSPEED,2,0.16356383594074841,0.20353506704717192,0.9977121669298756,-0.738646132819818
1.0,1.0,RAW,0.0,1.0,1.0,sub-17,S2_MOTION_XSPEED,2,0.0,0.0,1.0,1.0
0.7953378129097664,1.0,STRONG-POP,0.06279967725276947,0.8233119547367096,0.938869446516037,sub-17,S2_MOTION_XSPEED,2,0.1596144515584493,0.15261793492996678,0.980805056108322,0.9006939687557243
0.912302327419316,1.0,TEMPORAL-SHUFFLED,0.04430089890956879,0.8470270619727671,0.9499225318431854,sub-17,S2_MOTION_XSPEED,2,0.1287830511580165,0.13120437256671802,0.9704590053300413,0.9500805101246518
0.9926700405698378,0.58984375,ASR-LIKE,-0.002265864983201027,0.8586542177945375,0.9604640901088715,sub-18,S0_STATIC_XSESSION,4,0.11101431924808573,0.1125253028863328,0.9811593533528334,0.9911391219351819
0.9273896187269699,1.0,DET-MATCH,0.014266636222600937,0.7832886315882206,0.9347250163555145,sub-18,S0_STATIC_XSESSION,4,0.18387956270778028,0.17781634047600622,0.9887454655860095,0.9542062103523803
0.9113767746262397,1.0,DET-NULL,0.012981735169887543,0.765493281185627,0.9258888810873032,sub-18,S0_STATIC_XSESSION,4,0.1970131285655392,0.18942382803253233,0.9818065602620194,0.9710232937779146
0.9162884066395867,1.0,DET-WRONG-1,0.013719489797949791,0.7917600050568581,0.9299571216106415,sub-18,S0_STATIC_XSESSION,4,0.18654031837023546,0.17247406508077728,0.981779601347329,0.9665329978119919
0.8997234936919546,1.0,DET-WRONG-2,0.014878159388899803,0.7755624353885651,0.9398836642503738,sub-18,S0_STATIC_XSESSION,4,0.1710154912016853,0.1806735503208227,0.987717602156795,0.9371554807682203
0.9313004512627431,1.0,DET-WRONG-3,0.009332066401839256,0.7904032003134489,0.9288652986288071,sub-18,S0_STATIC_XSESSION,4,0.18374877129146783,0.17273711300710823,0.9783204243805228,0.9562091534999552
-0.8992831562394725,0.7509765625,ORACLE-QUERY-IMU,0.11655623326078057,0.5262909159064293,0.8586248904466629,sub-18,S0_STATIC_XSESSION,4,0.3418651390114219,0.3686445571105893,0.9782298568259726,0.6833539199525717
1.0,1.0,RAW,0.0,1.0,1.0,sub-18,S0_STATIC_XSESSION,4,0.0,0.0,1.0,1.0
0.9203116959947373,1.0,STRONG-POP,0.01483314111828804,0.7615268602967262,0.9167952835559845,sub-18,S0_STATIC_XSESSION,4,0.22437453115854836,0.1941991889871337,0.97082700580915,0.9588062778163011
0.9077352509620031,1.0,TEMPORAL-SHUFFLED,0.009777449071407318,0.7859334014356136,0.9376495629549026,sub-18,S0_STATIC_XSESSION,4,0.17293337024021083,0.17460630965691112,0.9902648784568195,0.9276601738441805
0.9957926025116516,1.0,ASR-LIKE,-0.0021070949733257294,0.9138611797243357,0.989205926656723,sub-18,S1_MOTION_WITHIN_SESSION,2,0.052082240858998756,0.06686214962953889,nan,nan
0.9195654424042015,1.0,DET-MATCH,0.028757359832525253,0.8171366155147552,0.955994576215744,sub-18,S1_MOTION_WITHIN_SESSION,2,0.14202648485001296,0.14936263415361073,nan,nan
0.9319553814153677,1.0,DET-NULL,0.03721889108419418,0.812108650803566,0.9590684473514557,sub-18,S1_MOTION_WITHIN_SESSION,2,0.13027601267097716,0.14936901013600623,nan,nan
0.9211280911889949,1.0,DET-WRONG-1,0.0282442606985569,0.8136257529258728,0.9550380408763885,sub-18,S1_MOTION_WITHIN_SESSION,2,0.14584414214528457,0.15268656969511185,nan,nan
0.9365839718254794,1.0,DET-WRONG-2,0.026575401425361633,0.8247599713504314,0.9602231383323669,sub-18,S1_MOTION_WITHIN_SESSION,2,0.13046871432759063,0.14238142248877267,nan,nan
0.9242290863160088,1.0,DET-WRONG-3,0.027572963386774063,0.8137470930814743,0.9555894732475281,sub-18,S1_MOTION_WITHIN_SESSION,2,0.14494459547901967,0.15261785480555265,nan,nan
-0.9279713950230164,0.7509765625,ORACLE-QUERY-IMU,0.10150573961436749,0.6385567486286163,0.9380318224430084,sub-18,S1_MOTION_WITHIN_SESSION,2,0.15292319135683752,0.2439563840817765,nan,nan
1.0,1.0,RAW,0.0,1.0,1.0,sub-18,S1_MOTION_WITHIN_SESSION,2,0.0,0.0,nan,nan
0.9390135420176012,1.0,STRONG-POP,0.043712079524993896,0.7786256074905396,0.9430466890335083,sub-18,S1_MOTION_WITHIN_SESSION,2,0.17710333004897683,0.17854146725813833,nan,nan
0.9212063177268421,1.0,TEMPORAL-SHUFFLED,0.030123665928840637,0.8150122091174126,0.9558845460414886,sub-18,S1_MOTION_WITHIN_SESSION,2,0.14221047785081647,0.15107037635156845,nan,nan
0.9921686181452443,1.0,ASR-LIKE,-0.003952920436859131,0.8972689844667912,0.9904751777648926,sub-18,S2_MOTION_XSPEED,2,0.0551174615244557,0.07680756831843998,0.9939565378030477,0.9870892236585309
0.8361173616132114,1.0,DET-MATCH,0.020555153489112854,0.7040301114320755,0.8904579281806946,sub-18,S2_MOTION_XSPEED,2,0.2929969196893051,0.24746440877779668,0.9977932549910078,0.9886737006638728
0.85476968639296,1.0,DET-NULL,0.015302829444408417,0.699130579829216,0.8974705636501312,sub-18,S2_MOTION_XSPEED,2,0.2616207445016802,0.2470259850787273,0.9843022131989215,0.9536465966349305
0.8396618500146869,1.0,DET-WRONG-1,0.021259218454360962,0.7014592960476875,0.8887602388858795,sub-18,S2_MOTION_XSPEED,2,0.2983316562566119,0.24971588944028722,0.998207986660835,0.98455748689972
0.8430390816269145,1.0,DET-WRONG-2,0.020495790988206863,0.7075974270701408,0.8915606439113617,sub-18,S2_MOTION_XSPEED,2,0.28936013170728797,0.24434945204478642,0.9980206095114696,0.9908817853865808
0.8382992057038934,1.0,DET-WRONG-3,0.019791409373283386,0.7006082534790039,0.8904924988746643,sub-18,S2_MOTION_XSPEED,2,0.2940308768719152,0.2503049563480761,0.9974813627469166,0.9876372815788635
-1.015033954360518,0.765625,ORACLE-QUERY-IMU,0.13243975304067135,0.45689693093299866,0.8026605546474457,sub-18,S2_MOTION_XSPEED,2,0.4430494293978287,0.4395211363960436,0.9573379236926676,0.687826912285874
1.0,1.0,RAW,0.0,1.0,1.0,sub-18,S2_MOTION_XSPEED,2,0.0,0.0,1.0,1.0
0.8951545831384992,1.0,STRONG-POP,0.0104474276304245,0.7337551042437553,0.8985495567321777,sub-18,S2_MOTION_XSPEED,2,0.266413389006422,0.2188407511273891,0.9800188228136961,0.9589661787168482
0.8345197399980329,1.0,TEMPORAL-SHUFFLED,0.019990097731351852,0.7058092057704926,0.8907334804534912,sub-18,S2_MOTION_XSPEED,2,0.2907719870711015,0.24615008013153922,0.996958587336645,0.9856922301824829
0.8175141299646113,1.0,ASR-LIKE,-0.00209680013358593,0.49804115295410156,0.5878911186009645,sub-19,S0_STATIC_XSESSION,4,0.5673892562933205,0.473733918402087,0.9964943262649101,0.9973096830224405
0.9210583457505921,0.9365234375,DET-MATCH,0.02215613005682826,0.830845583230257,0.9475436508655548,sub-19,S0_STATIC_XSESSION,4,0.1400124086777757,0.14183285746166505,0.9884865761877994,0.9303744653593773
0.9058523216361725,0.9365234375,DET-NULL,0.022882007528096437,0.8285060729831457,0.946400374174118,sub-19,S0_STATIC_XSESSION,4,0.1419027851082201,0.1434645301983866,0.9958381628982715,0.956751257033061
0.8803400085817735,0.9365234375,DET-WRONG-1,0.022867249324917793,0.8300827499479055,0.9464755207300186,sub-19,S0_STATIC_XSESSION,4,0.13426130494796115,0.14156268664502322,0.994018226042632,0.9648480045584333
0.9259773021199342,0.9365234375,DET-WRONG-2,0.015091484878212214,0.8367131389677525,0.9472865015268326,sub-19,S0_STATIC_XSESSION,4,0.14315410345609736,0.13728513800800302,0.9885054212908508,0.9370221540954745
0.9040975109452638,0.9365234375,DET-WRONG-3,0.023837359622120857,0.8279730044305325,0.9441135823726654,sub-19,S0_STATIC_XSESSION,4,0.14268385075294815,0.14444784714277245,0.9943023673244116,0.9503574092038429
0.829984269535525,1.0,ORACLE-QUERY-IMU,0.06503717228770256,0.679993599653244,0.9639104753732681,sub-19,S0_STATIC_XSESSION,4,0.21099874258745735,0.2550460901030523,0.9716003631319827,0.8204282092719994
1.0,1.0,RAW,0.0,1.0,1.0,sub-19,S0_STATIC_XSESSION,4,0.0,0.0,1.0,1.0
0.9259794387944422,0.9365234375,STRONG-POP,0.0399360426235944,0.7769633401185274,0.9304982423782349,sub-19,S0_STATIC_XSESSION,4,0.1916968345498272,0.18324459049535008,0.9897054765655079,0.9285769174145886
0.8920211252860721,0.9365234375,TEMPORAL-SHUFFLED,0.025909494142979383,0.8081584740430117,0.9459911286830902,sub-19,S0_STATIC_XSESSION,4,0.1578222874618404,0.1603055508839601,0.9884112448793518,0.925423935037113
0.8145301603791713,1.0,ASR-LIKE,-0.0011432832106947899,0.8476105211302638,0.71464604139328,sub-19,S1_MOTION_WITHIN_SESSION,4,0.11593730702675982,0.12573103157606377,0.9967475477233781,0.9881043257773758
0.9144958028649544,0.931640625,DET-MATCH,0.022416772320866585,0.7336700186133385,0.9264284074306488,sub-19,S1_MOTION_WITHIN_SESSION,4,0.2641815668008842,0.2257505806935975,0.9541256610556166,0.9425234538294776
0.9477151184225607,0.931640625,DET-NULL,0.023132369853556156,0.7462365627288818,0.9268008321523666,sub-19,S1_MOTION_WITHIN_SESSION,4,0.2555833336600786,0.2145911401194711,0.9736997110929642,0.9656295510095114
0.8940103361496139,0.9365234375,DET-WRONG-1,0.020639469847083092,0.7367118261754513,0.922250360250473,sub-19,S1_MOTION_WITHIN_SESSION,4,0.2747901276520832,0.22490239957293162,0.9804768940392451,0.9750935395648199
0.8974253610384968,0.9365234375,DET-WRONG-2,0.020316658541560173,0.7356720194220543,0.9219960123300552,sub-19,S1_MOTION_WITHIN_SESSION,4,0.27854019409655595,0.22664369091260433,0.9846990736230921,0.9712365978565911
0.9077948423652039,0.931640625,DET-WRONG-3,0.02135594468563795,0.7355417832732201,0.9220217019319534,sub-19,S1_MOTION_WITHIN_SESSION,4,0.27634689662893186,0.22650409924520626,0.982205661249639,0.9762480528076569
0.8620975315537697,1.0,ORACLE-QUERY-IMU,0.06916413514409214,0.5672720894217491,0.9475642144680023,sub-19,S1_MOTION_WITHIN_SESSION,4,0.3304462794239522,0.3476255203116684,0.8705669980081688,0.7753930777578745
1.0,1.0,RAW,0.0,1.0,1.0,sub-19,S1_MOTION_WITHIN_SESSION,4,0.0,0.0,1.0,1.0
0.9159534641156364,1.0,STRONG-POP,0.03817257983610034,0.6817829012870789,0.9107699990272522,sub-19,S1_MOTION_WITHIN_SESSION,4,0.31587428243135357,0.2642337904692089,0.9644264587166456,0.8864468973579062
0.9178335449581019,0.931640625,TEMPORAL-SHUFFLED,0.021491399966180325,0.7530804835259914,0.9288446754217148,sub-19,S1_MOTION_WITHIN_SESSION,4,0.25921005190412516,0.21317095842238967,0.9776747372510192,0.9553127364830314
0.9781245561862791,1.0,ASR-LIKE,-0.000641901046037674,0.19404444098472595,0.660454511642456,sub-19,S2_MOTION_XSPEED,2,0.94613216491291,0.7857125925771385,0.9929896826810832,0.9946859721054808
0.9138394958315255,0.873046875,DET-MATCH,0.02604737877845764,0.8473089300096035,0.9317056834697723,sub-19,S2_MOTION_XSPEED,2,0.0750818518233762,0.13042485598964862,0.9935259626219304,0.9287545325303714
0.9081768728987927,0.873046875,DET-NULL,0.023150380700826645,0.8508311174809933,0.9333572685718536,sub-19,S2_MOTION_XSPEED,2,0.07433903865419146,0.12720184770275467,0.9962795976761097,0.9679342829258009
0.9128442771846785,0.873046875,DET-WRONG-1,0.02458372712135315,0.8502836413681507,0.9318011105060577,sub-19,S2_MOTION_XSPEED,2,0.07448131082699462,0.1284078473772429,0.9923461784475608,0.9273528494266406
0.9906152104229664,0.873046875,DET-WRONG-2,0.018326230347156525,0.8549447879195213,0.9316030144691467,sub-19,S2_MOTION_XSPEED,2,0.07334303464955093,0.12382769581295533,0.9923436178273035,0.9302150648450812
0.9463514061779261,0.873046875,DET-WRONG-3,0.02339782938361168,0.8491976335644722,0.9302015006542206,sub-19,S2_MOTION_XSPEED,2,0.07589681033082066,0.1288756844326772,0.9955865987242152,0.9524492483331031
0.7085222211050126,1.0,ORACLE-QUERY-IMU,0.08445515111088753,0.7741930037736893,0.9430880546569824,sub-19,S2_MOTION_XSPEED,2,0.06635147681751284,0.17965344767108413,0.9485174697140676,0.7742247259615309
1.0,1.0,RAW,0.0,1.0,1.0,sub-19,S2_MOTION_XSPEED,2,0.0,0.0,1.0,1.0
0.9922576390733697,0.873046875,STRONG-POP,0.042401816695928574,0.8105508573353291,0.9184814393520355,sub-19,S2_MOTION_XSPEED,2,0.10988416192605645,0.15864601110256762,0.9853937001250036,0.9283883093660779
0.927327520539161,0.873046875,TEMPORAL-SHUFFLED,0.023430150002241135,0.852842167019844,0.9327118098735809,sub-19,S2_MOTION_XSPEED,2,0.07373956478656374,0.12646237774932337,0.9937601745444155,0.9268626300793947
nan,nan,ASR-LIKE,-0.0011768676340579987,0.9774775747209787,0.9961709976196289,sub-21,S0_STATIC_XSESSION,2,0.01147193683815077,0.017007811812807323,0.999465632681644,0.9993254111279748
nan,nan,DET-MATCH,0.02296815812587738,0.7799740508198738,0.957226037979126,sub-21,S0_STATIC_XSESSION,2,0.18460272948009288,0.1664005148666843,0.9872830232059706,0.9828449529307025
nan,nan,DET-NULL,0.015114352107048035,0.7424973398447037,0.9373214542865753,sub-21,S0_STATIC_XSESSION,2,0.19869387781935544,0.19923297671774387,0.9880542246710923,0.975029815250435
nan,nan,DET-WRONG-1,0.012782709673047066,0.6267421394586563,0.9717953503131866,sub-21,S0_STATIC_XSESSION,2,0.24285651219883614,0.27767934259504634,0.9737187074369755,0.9803919008352705
nan,nan,DET-WRONG-2,0.018756534904241562,0.7484697476029396,0.9411109387874603,sub-21,S0_STATIC_XSESSION,2,0.18943134594275052,0.1986749657733966,0.9881453429778059,0.9832418857854657
nan,nan,DET-WRONG-3,0.015754491090774536,0.7575616985559464,0.9398318529129028,sub-21,S0_STATIC_XSESSION,2,0.18844255850624111,0.1907356817960481,0.9868892562847464,0.992422756509279
nan,nan,ORACLE-QUERY-IMU,0.09814612660557032,0.6119691133499146,0.9190673232078552,sub-21,S0_STATIC_XSESSION,2,0.226678730054334,0.3050896603331401,0.99855620006235,0.9720874951474614
nan,nan,RAW,0.0,1.0,1.0,sub-21,S0_STATIC_XSESSION,2,0.0,0.0,1.0,1.0
nan,nan,STRONG-POP,0.03621288016438484,0.7202525958418846,0.9387101829051971,sub-21,S0_STATIC_XSESSION,2,0.20223903158544573,0.21271364114162,0.9772808255570139,0.9842263818114536
nan,nan,TEMPORAL-SHUFFLED,0.012069053947925568,0.7868506088852882,0.9560006260871887,sub-21,S0_STATIC_XSESSION,2,0.1629897888956861,0.16204335696002037,0.9859370907158425,0.9836921341943857
0.9984914717250006,1.0,ASR-LIKE,-0.0035803988575935364,0.6986962743103504,0.9586882293224335,sub-21,S1_MOTION_WITHIN_SESSION,2,0.34667224457537016,0.26691173252174516,nan,nan
0.8922907330289781,1.0,DET-MATCH,0.03877554275095463,0.8639148399233818,0.9410685002803802,sub-21,S1_MOTION_WITHIN_SESSION,2,0.11832529741897396,0.11133289615566334,nan,nan
0.8664842443049161,1.0,DET-NULL,0.04429858736693859,0.8300823718309402,0.9257706701755524,sub-21,S1_MOTION_WITHIN_SESSION,2,0.14417354720179706,0.13431063942108887,nan,nan
0.9211945767967177,1.0,DET-WRONG-1,0.03882378339767456,0.8653059229254723,0.9412769675254822,sub-21,S1_MOTION_WITHIN_SESSION,2,0.11938091525828645,0.1107654060910503,nan,nan
0.8947659511903963,1.0,DET-WRONG-2,0.03678494691848755,0.8592488393187523,0.9403300881385803,sub-21,S1_MOTION_WITHIN_SESSION,2,0.11859526000495793,0.11527319282743997,nan,nan
0.9130069762273565,1.0,DET-WRONG-3,0.03865829296410084,0.868053425103426,0.9420912861824036,sub-21,S1_MOTION_WITHIN_SESSION,2,0.11849122865297176,0.10892470424720145,nan,nan
0.8503573091620867,1.0,ORACLE-QUERY-IMU,0.10116039123386145,0.7252608351409435,0.9255224168300629,sub-21,S1_MOTION_WITHIN_SESSION,2,0.20924821964931145,0.202369963711101,nan,nan
1.0,1.0,RAW,0.0,1.0,1.0,sub-21,S1_MOTION_WITHIN_SESSION,2,0.0,0.0,nan,nan
0.8894552165749765,1.0,STRONG-POP,0.05650097504258156,0.7333409488201141,0.9183334112167358,sub-21,S1_MOTION_WITHIN_SESSION,2,0.20434303342300308,0.20104049278023542,nan,nan
0.9122391111344325,1.0,TEMPORAL-SHUFFLED,0.03734537400305271,0.864790640771389,0.9410609304904938,sub-21,S1_MOTION_WITHIN_SESSION,2,0.11844679430527152,0.11126806382963877,nan,nan
0.9985668102939149,1.0,ASR-LIKE,-0.004272241145372391,0.7907368261367083,0.9603305459022522,sub-21,S2_MOTION_XSPEED,2,0.26464869157131793,0.18765061884007334,0.9989474751281142,0.9987198457980284
0.8805820336496497,1.0,DET-MATCH,0.02409997768700123,0.8162810653448105,0.9481281340122223,sub-21,S2_MOTION_XSPEED,2,0.16276344594804804,0.1456261885959199,0.9924953737033693,0.9690555388804769
0.841120813258005,1.0,DET-NULL,0.017787640914320946,0.7698450237512589,0.9314858019351959,sub-21,S2_MOTION_XSPEED,2,0.20581934294933452,0.17532315982015387,0.9962415455143205,0.9542441604189182
0.9140581766252258,1.0,DET-WRONG-1,0.012090848758816719,0.7793043702840805,0.953344851732254,sub-21,S2_MOTION_XSPEED,2,0.19346234018685443,0.16733438849336596,0.9866180056366896,0.9783090470383948
0.8787554883063401,1.0,DET-WRONG-2,0.023721016943454742,0.8149560913443565,0.948866456747055,sub-21,S2_MOTION_XSPEED,2,0.16863931501566942,0.14465360647064507,0.9913083548694533,0.963625061646825
0.9052508504192057,1.0,DET-WRONG-3,0.01779676042497158,0.8151576146483421,0.9473167657852173,sub-21,S2_MOTION_XSPEED,2,0.16674992539054012,0.14659194684229054,0.9887983712258988,0.9529050414250109
0.7603498120829644,1.0,ORACLE-QUERY-IMU,0.09724615421146154,0.7125672772526741,0.9200653731822968,sub-21,S2_MOTION_XSPEED,2,0.17621831487317546,0.23241928707684384,0.9975774893850297,0.9451969634641547
1.0,1.0,RAW,0.0,1.0,1.0,sub-21,S2_MOTION_XSPEED,2,0.0,0.0,1.0,1.0
0.8517968049228463,1.0,STRONG-POP,0.03211754374206066,0.7497706040740013,0.9262532591819763,sub-21,S2_MOTION_XSPEED,2,0.20656532437908753,0.1872474329728716,0.9920644911879256,0.9711259878859189
0.9112808626601758,1.0,TEMPORAL-SHUFFLED,0.022962601855397224,0.811580166220665,0.9493540525436401,sub-21,S2_MOTION_XSPEED,2,0.1664313729260849,0.14869578602278866,0.9914858347370072,0.9708062858756235
0.9468909746358145,0.9658203125,ASR-LIKE,-0.004347412381321192,0.6816278994083405,0.9073368608951569,sub-23,S0_STATIC_XSESSION,4,0.3451747170445884,0.2686270093838304,0.9800582017466062,0.9670317372196765
0.7199808375779544,1.0,DET-MATCH,0.013024783227592707,0.8308715708553791,0.9367771744728088,sub-23,S0_STATIC_XSESSION,4,0.14574794720868886,0.13669065450816892,0.9849947221271929,0.957476890498063
0.6985397383626263,0.8876953125,DET-NULL,0.01689121313393116,0.8164925277233124,0.9380730390548706,sub-23,S0_STATIC_XSESSION,4,0.14595796709447414,0.14645034480566782,0.9803788562711483,0.9303917963986915
0.7601114523807804,1.0,DET-WRONG-1,0.008162185084074736,0.808418832719326,0.9293283671140671,sub-23,S0_STATIC_XSESSION,4,0.16788035649130142,0.1528458401484753,0.9881355550843549,0.9307341189107436
0.7189671588095201,0.8876953125,DET-WRONG-2,0.012587850447744131,0.8228985890746117,0.9416572153568268,sub-23,S0_STATIC_XSESSION,4,0.14847888484364302,0.1439290774464273,0.9937953371017032,0.9850223715282743
0.7081108504663349,0.8876953125,DET-WRONG-3,0.01770420139655471,0.8095913119614124,0.9412618577480316,sub-23,S0_STATIC_XSESSION,4,0.146471097718971,0.1515249476562569,0.9933147710346232,0.9457814839924181
-0.04041375700840294,0.775390625,ORACLE-QUERY-IMU,0.04170325648738071,0.6822866052389145,0.9279316812753677,sub-23,S0_STATIC_XSESSION,4,0.18565894826922336,0.24491050511547607,0.9974834407529325,0.8960726359053436
1.0,1.0,RAW,0.0,1.0,1.0,sub-23,S0_STATIC_XSESSION,4,0.0,0.0,1.0,1.0
0.6449337621875852,0.8876953125,STRONG-POP,0.020567716099321842,0.7706594988703728,0.923782080411911,sub-23,S0_STATIC_XSESSION,4,0.1835861894520653,0.1807369887381353,0.9533220037909725,0.9026653386511365
0.7451104955460781,1.0,TEMPORAL-SHUFFLED,0.016062723472714424,0.8318003863096237,0.9435913860797882,sub-23,S0_STATIC_XSESSION,4,0.1402611912882107,0.1355893377020143,0.9766935526957621,0.9581998706473739
0.9663967860066018,1.0,ASR-LIKE,-0.004544667899608612,0.6711089462041855,0.9082306623458862,sub-23,S1_MOTION_WITHIN_SESSION,2,0.3894047978603542,0.27779275163375583,nan,nan
0.7033535291032798,0.8876953125,DET-MATCH,0.021679911762475967,0.8127168044447899,0.9230548441410065,sub-23,S1_MOTION_WITHIN_SESSION,2,0.16622353055774913,0.14957512787580707,nan,nan
0.6980711609638024,0.8876953125,DET-NULL,0.030049342662096024,0.808317519724369,0.9207282364368439,sub-23,S1_MOTION_WITHIN_SESSION,2,0.16718059350855696,0.15396403384085225,nan,nan
0.6957295239829113,0.8876953125,DET-WRONG-1,0.023908467963337898,0.8090616390109062,0.9236743450164795,sub-23,S1_MOTION_WITHIN_SESSION,2,0.16799120316514166,0.15240820323573434,nan,nan
0.6996111170353949,0.8876953125,DET-WRONG-2,0.023177437484264374,0.8128464594483376,0.9247561693191528,sub-23,S1_MOTION_WITHIN_SESSION,2,0.1652197097568494,0.14932311103493895,nan,nan
0.697742521502067,0.8876953125,DET-WRONG-3,0.023923350498080254,0.8197309598326683,0.9250069260597229,sub-23,S1_MOTION_WITHIN_SESSION,2,0.16139682535414485,0.14483560664854103,nan,nan
-0.038855945337194,0.8095703125,ORACLE-QUERY-IMU,0.05457216454669833,0.6614476591348648,0.907922774553299,sub-23,S1_MOTION_WITHIN_SESSION,2,0.198886977403093,0.259628110608503,nan,nan
1.0,1.0,RAW,0.0,1.0,1.0,sub-23,S1_MOTION_WITHIN_SESSION,2,0.0,0.0,nan,nan
0.6562823593295795,0.8828125,STRONG-POP,0.03624509181827307,0.7508673742413521,0.903521865606308,sub-23,S1_MOTION_WITHIN_SESSION,2,0.2090060056991554,0.1948705388119687,nan,nan
0.7076161791370973,0.8876953125,TEMPORAL-SHUFFLED,0.021441388875246048,0.8206236287951469,0.9264608025550842,sub-23,S1_MOTION_WITHIN_SESSION,2,0.1589262811428787,0.1434728957757596,nan,nan
0.9790778565164477,1.0,ASR-LIKE,-0.0020494386553764343,0.7072690278291702,0.9303719401359558,sub-23,S2_MOTION_XSPEED,2,0.30539016803258573,0.24530686855476247,0.9951656628748011,0.9597721491826827
0.5905476520343029,0.775390625,DET-MATCH,0.009771686047315598,0.7991659492254257,0.9294528365135193,sub-23,S2_MOTION_XSPEED,2,0.17425634342502863,0.15886186885273657,0.9720828238361297,0.9996495589666015
0.599241789710441,0.775390625,DET-NULL,0.022364124655723572,0.7841825783252716,0.9262223243713379,sub-23,S2_MOTION_XSPEED,2,0.18572018115288053,0.17151285555564055,0.9662763865082957,0.9736468999026839
0.6008981625427104,0.775390625,DET-WRONG-1,0.014932241290807724,0.802595280110836,0.931838721036911,sub-23,S2_MOTION_XSPEED,2,0.17094570557599015,0.1560516865157684,0.9445644095146024,0.9780911401022525
0.5990174798071135,0.775390625,DET-WRONG-2,0.010782497003674507,0.7957408204674721,0.9303291440010071,sub-23,S2_MOTION_XSPEED,2,0.1747205997293707,0.1611187679056145,0.9751954350552513,0.9928526305720542
0.600550065922849,0.775390625,DET-WRONG-3,0.01711837761104107,0.7946842834353447,0.9278372228145599,sub-23,S2_MOTION_XSPEED,2,0.1806002899749133,0.16330677698126672,0.9684751466706534,0.9939451542361515
-1.0567763331976847,0.619140625,ORACLE-QUERY-IMU,0.046597587410360575,0.6178696900606155,0.8981437981128693,sub-23,S2_MOTION_XSPEED,2,0.2827054481297724,0.30454917308915197,0.9978857201227376,0.8060963726941535
1.0,1.0,RAW,0.0,1.0,1.0,sub-23,S2_MOTION_XSPEED,2,0.0,0.0,1.0,1.0
0.6203901936182191,0.775390625,STRONG-POP,0.021731654182076454,0.7468945309519768,0.9122692346572876,sub-23,S2_MOTION_XSPEED,2,0.22458392888046455,0.19916324812302405,0.9708812402981363,0.9874673599733682
0.5957032117847999,0.775390625,TEMPORAL-SHUFFLED,0.013643361628055573,0.8130668550729752,0.9322687983512878,sub-23,S2_MOTION_XSPEED,2,0.16703014612047407,0.14885991927238118,0.936376606286886,0.9975439998561649
0.9867247382791902,1.0,ASR-LIKE,-6.651878356933594e-05,0.8672896679490805,0.9634196758270264,sub-24,S0_STATIC_XSESSION,2,0.11974116647006446,0.10434456297956451,nan,nan
0.851374167119251,0.8779296875,DET-MATCH,-0.007497683167457581,0.8375597298145294,0.9369114935398102,sub-24,S0_STATIC_XSESSION,2,0.15289395435564931,0.13444325267475898,nan,nan
0.8620555584296891,0.8779296875,DET-NULL,-0.005785092711448669,0.8448772579431534,0.9399838149547577,sub-24,S0_STATIC_XSESSION,2,0.14249635422859927,0.12915018731523664,nan,nan
0.9200609853854915,0.8779296875,DET-WRONG-1,0.0032968372106552124,0.7984140664339066,0.9330513179302216,sub-24,S0_STATIC_XSESSION,2,0.16809211503394347,0.1677478581662723,nan,nan
0.8635565969287772,0.8779296875,DET-WRONG-2,-0.0077653005719184875,0.8179260343313217,0.9335498809814453,sub-24,S0_STATIC_XSESSION,2,0.16012243016875732,0.15195005504287257,nan,nan
0.8814893440456943,0.8779296875,DET-WRONG-3,-0.006546802818775177,0.832897812128067,0.9360460638999939,sub-24,S0_STATIC_XSESSION,2,0.15298040885394498,0.1401602788422561,nan,nan
0.9852893136324765,0.765625,ORACLE-QUERY-IMU,0.08300291700288653,0.6388069689273834,0.9332669377326965,sub-24,S0_STATIC_XSESSION,2,0.1595194356573725,0.26171376187855755,nan,nan
1.0,1.0,RAW,0.0,1.0,1.0,sub-24,S0_STATIC_XSESSION,2,0.0,0.0,nan,nan
0.7715703650589701,0.6435546875,STRONG-POP,-0.011112712323665619,0.8196330443024635,0.94148850440979,sub-24,S0_STATIC_XSESSION,2,0.1466465893309188,0.1465541375503607,nan,nan
0.06007503458211971,0.6630859375,TEMPORAL-SHUFFLED,-0.010205835103988647,0.8256786316633224,0.9352766871452332,sub-24,S0_STATIC_XSESSION,2,0.159491218752139,0.14254932501040934,nan,nan
0.9867102147876621,1.0,ASR-LIKE,5.3651630878448486e-05,0.8542394563555717,0.9625480771064758,sub-24,S1_MOTION_WITHIN_SESSION,2,0.13117446054877682,0.11445885960961363,nan,nan
0.8672060049471899,0.8779296875,DET-MATCH,-0.0017038993537425995,0.8303781300783157,0.9373883605003357,sub-24,S1_MOTION_WITHIN_SESSION,2,0.15243933679145572,0.14214620733717676,nan,nan
0.8365645721021904,0.8779296875,DET-NULL,-0.005606271326541901,0.8436903208494186,0.9403984248638153,sub-24,S1_MOTION_WITHIN_SESSION,2,0.1422422343522995,0.1300192761691103,nan,nan
0.8683823752356898,0.8779296875,DET-WRONG-1,0.004441853612661362,0.8233176916837692,0.9363322854042053,sub-24,S1_MOTION_WITHIN_SESSION,2,0.15575568978198745,0.14778246566231268,nan,nan
0.8623249734763525,0.8779296875,DET-WRONG-2,-4.7907233238220215e-06,0.827515684068203,0.9369979798793793,sub-24,S1_MOTION_WITHIN_SESSION,2,0.15323849376193532,0.14467190789127599,nan,nan
0.8682080084992835,0.8779296875,DET-WRONG-3,-0.00012230128049850464,0.8176489546895027,0.934583306312561,sub-24,S1_MOTION_WITHIN_SESSION,2,0.15838242335593838,0.15284486369114225,nan,nan
0.9534725047016004,0.765625,ORACLE-QUERY-IMU,0.08361311303451657,0.6363500952720642,0.9331781268119812,sub-24,S1_MOTION_WITHIN_SESSION,2,0.1590344400859906,0.26584490506209824,nan,nan
1.0,1.0,RAW,0.0,1.0,1.0,sub-24,S1_MOTION_WITHIN_SESSION,2,0.0,0.0,nan,nan
0.7275817721488618,0.6435546875,STRONG-POP,-0.010434770956635475,0.8181832805275917,0.9418782591819763,sub-24,S1_MOTION_WITHIN_SESSION,2,0.1467680844970578,0.14694317485209485,nan,nan
0.860394789869285,0.8779296875,TEMPORAL-SHUFFLED,-0.0013450086116790771,0.8362709432840347,0.939374566078186,sub-24,S1_MOTION_WITHIN_SESSION,2,0.14558893922270896,0.13738036317822955,nan,nan
0.9902556202725373,1.0,ASR-LIKE,-0.0006118267774581909,0.7930543571710587,0.9630060195922852,sub-24,S2_MOTION_XSPEED,1,0.1955426665589331,0.16348554466722118,nan,nan
0.9136153251722954,0.755859375,DET-MATCH,-0.009442836046218872,0.8622956275939941,0.94431471824646,sub-24,S2_MOTION_XSPEED,1,0.1257769824559667,0.11472043957193132,nan,nan
0.9038225928063943,0.755859375,DET-NULL,-0.015317380428314209,0.8695287704467773,0.9450807571411133,sub-24,S2_MOTION_XSPEED,1,0.1202226495225374,0.10776462111713803,nan,nan
0.9170473200730566,0.755859375,DET-WRONG-1,-0.008185893297195435,0.8421942293643951,0.9398024678230286,sub-24,S2_MOTION_XSPEED,1,0.14305617201009746,0.1314229031457482,nan,nan
0.9116159475822118,0.755859375,DET-WRONG-2,-0.010171696543693542,0.8599962741136551,0.9436736702919006,sub-24,S2_MOTION_XSPEED,1,0.12833921405793286,0.11672670217993225,nan,nan
0.9159777083912516,0.755859375,DET-WRONG-3,-0.008038938045501709,0.8497304916381836,0.941116452217102,sub-24,S2_MOTION_XSPEED,1,0.1374074847760028,0.1250590907169288,nan,nan
0.9941289633025927,1.0,ORACLE-QUERY-IMU,0.11256880033761263,0.6767796277999878,0.9299939274787903,sub-24,S2_MOTION_XSPEED,1,0.13281233493920033,0.23237151959436142,nan,nan
1.0,1.0,RAW,0.0,1.0,1.0,sub-24,S2_MOTION_XSPEED,1,0.0,0.0,nan,nan
0.7435829914502432,0.755859375,STRONG-POP,-0.03651668131351471,0.8282088488340378,0.9434030652046204,sub-24,S2_MOTION_XSPEED,1,0.1442482149838425,0.13870697569480392,nan,nan
0.9119876935719297,0.755859375,TEMPORAL-SHUFFLED,-0.010116443037986755,0.8597174733877182,0.9434043169021606,sub-24,S2_MOTION_XSPEED,1,0.12852947615220123,0.11669070280600988,nan,nan
