absolute_path,accepted,best_criterion,config,fold,model,parameters,seed,sha256,size_bytes,training_job,updates
/projects/EEG-foundation-model/derived/denoiseNet/of_scad_v23/checkpoints/of_det/fold_0/seed_20260808/best_artifact.pt,yes,best_artifact,/home/infres/yinwang/denoiseNet_of_scad_v23/configs/of_scad_v23/of_det.yaml,0,of_det,329720,20260808,de892024c9a45d04652d2cf3ebb97d44488356fc3180f3e8d96cf0e2c86214d7,2677299,935676,20000
/projects/EEG-foundation-model/derived/denoiseNet/of_scad_v23/checkpoints/of_det/fold_0/seed_20260808/best_coefficient.pt,yes,best_coefficient,/home/infres/yinwang/denoiseNet_of_scad_v23/configs/of_scad_v23/of_det.yaml,0,of_det,329720,20260808,b8b4b18e504240daf3d786505a7790698687661242f1656f6c7c9c89bab89f78,2677665,935676,20000
/projects/EEG-foundation-model/derived/denoiseNet/of_scad_v23/checkpoints/of_det/fold_0/seed_20260808/last.pt,yes,last,/home/infres/yinwang/denoiseNet_of_scad_v23/configs/of_scad_v23/of_det.yaml,0,of_det,329720,20260808,65b89739e08730317985c2f63ac61c34e1273934b09b306f833118924274ac97,5360067,935676,20000
/projects/EEG-foundation-model/derived/denoiseNet/of_scad_v23/checkpoints/of_det/fold_0/seed_20260810/best_artifact.pt,yes,best_artifact,/home/infres/yinwang/denoiseNet_of_scad_v23/configs/of_scad_v23/of_det.yaml,0,of_det,329720,20260810,7289e2b1d1401d328dd193100e11f6b96152ca32264d515901e4519d4e19130d,2677299,936280,5000
/projects/EEG-foundation-model/derived/denoiseNet/of_scad_v23/checkpoints/of_det/fold_0/seed_20260810/best_coefficient.pt,yes,best_coefficient,/home/infres/yinwang/denoiseNet_of_scad_v23/configs/of_scad_v23/of_det.yaml,0,of_det,329720,20260810,2435e5594eab18887e06845f5640a560e61404fe94ab7a7f633c6447720cb709,2677665,936280,5000
/projects/EEG-foundation-model/derived/denoiseNet/of_scad_v23/checkpoints/of_det/fold_0/seed_20260810/last.pt,yes,last,/home/infres/yinwang/denoiseNet_of_scad_v23/configs/of_scad_v23/of_det.yaml,0,of_det,329720,20260810,7d37f9ee91d4a29eaae871b25ac113b0f96df605a800819e998c04d8d19757c9,5351491,936280,5000
/projects/EEG-foundation-model/derived/denoiseNet/of_scad_v23/checkpoints/of_det/fold_0/seed_20260811/best_artifact.pt,yes,best_artifact,/home/infres/yinwang/denoiseNet_of_scad_v23/configs/of_scad_v23/of_det.yaml,0,of_det,329720,20260811,c4ce77117e9b82a97a827a11f31b85e6b732d725417a30c5da5696257d73079a,2677299,936280,20000
/projects/EEG-foundation-model/derived/denoiseNet/of_scad_v23/checkpoints/of_det/fold_0/seed_20260811/best_coefficient.pt,yes,best_coefficient,/home/infres/yinwang/denoiseNet_of_scad_v23/configs/of_scad_v23/of_det.yaml,0,of_det,329720,20260811,5020cb65a9aae21ac5177b4f09bf97d8966168ea19a01b270f979d3fa92749dc,2677665,936280,20000
/projects/EEG-foundation-model/derived/denoiseNet/of_scad_v23/checkpoints/of_det/fold_0/seed_20260811/last.pt,yes,last,/home/infres/yinwang/denoiseNet_of_scad_v23/configs/of_scad_v23/of_det.yaml,0,of_det,329720,20260811,a57dd0fe1de49437fdf72967900e8533824d950b2d8206ac32887b0d51a9b572,5360067,936280,20000
/projects/EEG-foundation-model/derived/denoiseNet/of_scad_v23/checkpoints/of_det/fold_1/seed_20260808/best_artifact.pt,yes,best_artifact,/home/infres/yinwang/denoiseNet_of_scad_v23/configs/of_scad_v23/of_det.yaml,1,of_det,329720,20260808,893a751fbc4c16697948e58e6dc0308038748c5d3136df8a3553f000625a4bcc,2677299,935676,10000
/projects/EEG-foundation-model/derived/denoiseNet/of_scad_v23/checkpoints/of_det/fold_1/seed_20260808/best_coefficient.pt,yes,best_coefficient,/home/infres/yinwang/denoiseNet_of_scad_v23/configs/of_scad_v23/of_det.yaml,1,of_det,329720,20260808,b77e33d87d98732b349a67f5597d3abedd748fcc773799188dea82d93ee7de60,2677665,935676,10000
/projects/EEG-foundation-model/derived/denoiseNet/of_scad_v23/checkpoints/of_det/fold_1/seed_20260808/last.pt,yes,last,/home/infres/yinwang/denoiseNet_of_scad_v23/configs/of_scad_v23/of_det.yaml,1,of_det,329720,20260808,369982358d126180211282d1de0572be434f1d45d9e7acfa2f3401afe6c18892,5354307,935676,10000
/projects/EEG-foundation-model/derived/denoiseNet/of_scad_v23/checkpoints/of_det/fold_1/seed_20260810/best_artifact.pt,yes,best_artifact,/home/infres/yinwang/denoiseNet_of_scad_v23/configs/of_scad_v23/of_det.yaml,1,of_det,329720,20260810,d7106fcd21a2343b0345ef912f847ae07c60a41533a97c67b222ee8a3cb9db71,2677299,936280,12500
/projects/EEG-foundation-model/derived/denoiseNet/of_scad_v23/checkpoints/of_det/fold_1/seed_20260810/best_coefficient.pt,yes,best_coefficient,/home/infres/yinwang/denoiseNet_of_scad_v23/configs/of_scad_v23/of_det.yaml,1,of_det,329720,20260810,ab71292ff634958cb4e146e0d411e529a9c21f8e3d54abc6c292197633542c81,2677665,936280,12500
/projects/EEG-foundation-model/derived/denoiseNet/of_scad_v23/checkpoints/of_det/fold_1/seed_20260810/last.pt,yes,last,/home/infres/yinwang/denoiseNet_of_scad_v23/configs/of_scad_v23/of_det.yaml,1,of_det,329720,20260810,46c55ca27e472530e31530ce5413cf9476e3099671024335e9a7049067b3ab2c,5355779,936280,12500
/projects/EEG-foundation-model/derived/denoiseNet/of_scad_v23/checkpoints/of_det/fold_1/seed_20260811/best_artifact.pt,yes,best_artifact,/home/infres/yinwang/denoiseNet_of_scad_v23/configs/of_scad_v23/of_det.yaml,1,of_det,329720,20260811,f2ec0c26cb34679a6b0730df921e4d0056d6820706b26618bcb0fdf6a51c9cb0,2677299,936280,5250
/projects/EEG-foundation-model/derived/denoiseNet/of_scad_v23/checkpoints/of_det/fold_1/seed_20260811/best_coefficient.pt,yes,best_coefficient,/home/infres/yinwang/denoiseNet_of_scad_v23/configs/of_scad_v23/of_det.yaml,1,of_det,329720,20260811,c4b9c4a3f833a9b9fa849cdbbb533190796fe0ba89b4811c5d7f7392a75d7353,2677665,936280,5250
/projects/EEG-foundation-model/derived/denoiseNet/of_scad_v23/checkpoints/of_det/fold_1/seed_20260811/last.pt,yes,last,/home/infres/yinwang/denoiseNet_of_scad_v23/configs/of_scad_v23/of_det.yaml,1,of_det,329720,20260811,c6a207c137c1f602717e8598a4ad3df2e80f865dcb7d0bc165a28e57b140b252,5351619,936280,5250
/projects/EEG-foundation-model/derived/denoiseNet/of_scad_v23/checkpoints/of_det/fold_2/seed_20260808/best_artifact.pt,yes,best_artifact,/home/infres/yinwang/denoiseNet_of_scad_v23/configs/of_scad_v23/of_det.yaml,2,of_det,329720,20260808,5eea5b0689f6b978954d46441343caf223d148494e30c49a6fc031e8cee21a6a,2677299,935676,10500
/projects/EEG-foundation-model/derived/denoiseNet/of_scad_v23/checkpoints/of_det/fold_2/seed_20260808/best_coefficient.pt,yes,best_coefficient,/home/infres/yinwang/denoiseNet_of_scad_v23/configs/of_scad_v23/of_det.yaml,2,of_det,329720,20260808,977ce6f60e79d0b32cc1cdc1bbcdcbbab2d0527103f8e42e2831ab5e03e0047d,2677665,935676,10500
/projects/EEG-foundation-model/derived/denoiseNet/of_scad_v23/checkpoints/of_det/fold_2/seed_20260808/last.pt,yes,last,/home/infres/yinwang/denoiseNet_of_scad_v23/configs/of_scad_v23/of_det.yaml,2,of_det,329720,20260808,1bc6d5e519d901187127904d783cb49f5c0f8f6630e86143c7fb6fe9c74c8d7f,5354627,935676,10500
/projects/EEG-foundation-model/derived/denoiseNet/of_scad_v23/checkpoints/of_det/fold_2/seed_20260810/best_artifact.pt,yes,best_artifact,/home/infres/yinwang/denoiseNet_of_scad_v23/configs/of_scad_v23/of_det.yaml,2,of_det,329720,20260810,9732f00807511879ada37902beaca37448141c2660d3b65142be0220194f7378,2677299,936280,9250
/projects/EEG-foundation-model/derived/denoiseNet/of_scad_v23/checkpoints/of_det/fold_2/seed_20260810/best_coefficient.pt,yes,best_coefficient,/home/infres/yinwang/denoiseNet_of_scad_v23/configs/of_scad_v23/of_det.yaml,2,of_det,329720,20260810,47ec993faf0289f03e0a1b2285c90928e06ae830dd6cbdb8c72fccad04492bce,2677665,936280,9250
/projects/EEG-foundation-model/derived/denoiseNet/of_scad_v23/checkpoints/of_det/fold_2/seed_20260810/last.pt,yes,last,/home/infres/yinwang/denoiseNet_of_scad_v23/configs/of_scad_v23/of_det.yaml,2,of_det,329720,20260810,9bfd88885fca683886108f384025d84d7cd90a9c348f5116dbafb2427a7cb29b,5353923,936280,9250
/projects/EEG-foundation-model/derived/denoiseNet/of_scad_v23/checkpoints/of_det/fold_2/seed_20260811/best_artifact.pt,yes,best_artifact,/home/infres/yinwang/denoiseNet_of_scad_v23/configs/of_scad_v23/of_det.yaml,2,of_det,329720,20260811,675f0322468918931d89b8aa88c8920fe5556d0539fa1e2528b69dcce2c1996b,2677299,936280,11000
/projects/EEG-foundation-model/derived/denoiseNet/of_scad_v23/checkpoints/of_det/fold_2/seed_20260811/best_coefficient.pt,yes,best_coefficient,/home/infres/yinwang/denoiseNet_of_scad_v23/configs/of_scad_v23/of_det.yaml,2,of_det,329720,20260811,f675d9b4c79e624554dda2fc9dee5cb73f5ca841d60ec2fd266ee7b2cd590e71,2677665,936280,11000
/projects/EEG-foundation-model/derived/denoiseNet/of_scad_v23/checkpoints/of_det/fold_2/seed_20260811/last.pt,yes,last,/home/infres/yinwang/denoiseNet_of_scad_v23/configs/of_scad_v23/of_det.yaml,2,of_det,329720,20260811,f5ff3713d78555cf65f215c59615abbc2aad4b6339acd5d9dac1f596ffd9a006,5354883,936280,11000
/projects/EEG-foundation-model/derived/denoiseNet/of_scad_v23/checkpoints/of_det/fold_3/seed_20260808/best_artifact.pt,yes,best_artifact,/home/infres/yinwang/denoiseNet_of_scad_v23/configs/of_scad_v23/of_det.yaml,3,of_det,329720,20260808,5dd4fc44f141f80ec4773be31f70d8ebb2f07e7f080e0a381d9ed25da923e47a,2677299,935676,5000
/projects/EEG-foundation-model/derived/denoiseNet/of_scad_v23/checkpoints/of_det/fold_3/seed_20260808/best_coefficient.pt,yes,best_coefficient,/home/infres/yinwang/denoiseNet_of_scad_v23/configs/of_scad_v23/of_det.yaml,3,of_det,329720,20260808,e13a688b138fb7a249e4bff56a6bbec6bb158dff9a0d42d608173ecad3196e2b,2677665,935676,5000
/projects/EEG-foundation-model/derived/denoiseNet/of_scad_v23/checkpoints/of_det/fold_3/seed_20260808/last.pt,yes,last,/home/infres/yinwang/denoiseNet_of_scad_v23/configs/of_scad_v23/of_det.yaml,3,of_det,329720,20260808,bb5e7f6b519846248b4c04870a23faa5f1199c8be52df427d88e9ff6f13e0ab7,5351491,935676,5000
/projects/EEG-foundation-model/derived/denoiseNet/of_scad_v23/checkpoints/of_det/fold_3/seed_20260810/best_artifact.pt,yes,best_artifact,/home/infres/yinwang/denoiseNet_of_scad_v23/configs/of_scad_v23/of_det.yaml,3,of_det,329720,20260810,81a9379829e6cabec34f20d45795f1ce6be9ccec860b2608e5b25ad598ef1ff7,2677299,936280,5000
/projects/EEG-foundation-model/derived/denoiseNet/of_scad_v23/checkpoints/of_det/fold_3/seed_20260810/best_coefficient.pt,yes,best_coefficient,/home/infres/yinwang/denoiseNet_of_scad_v23/configs/of_scad_v23/of_det.yaml,3,of_det,329720,20260810,442a4b0dea8fac1560472449141583cd5241d9149f7d6e32fe82811f77535f47,2677665,936280,5000
/projects/EEG-foundation-model/derived/denoiseNet/of_scad_v23/checkpoints/of_det/fold_3/seed_20260810/last.pt,yes,last,/home/infres/yinwang/denoiseNet_of_scad_v23/configs/of_scad_v23/of_det.yaml,3,of_det,329720,20260810,1b9eedc519a169abd43d54148c3dc045bff9709b7cf3600446c2256692823cf1,5351491,936280,5000
/projects/EEG-foundation-model/derived/denoiseNet/of_scad_v23/checkpoints/of_det/fold_3/seed_20260811/best_artifact.pt,yes,best_artifact,/home/infres/yinwang/denoiseNet_of_scad_v23/configs/of_scad_v23/of_det.yaml,3,of_det,329720,20260811,ae0220486334e7778a80c86e43f4d29b344278c338cfe3371cc4043c46b7ade2,2677299,936280,5000
/projects/EEG-foundation-model/derived/denoiseNet/of_scad_v23/checkpoints/of_det/fold_3/seed_20260811/best_coefficient.pt,yes,best_coefficient,/home/infres/yinwang/denoiseNet_of_scad_v23/configs/of_scad_v23/of_det.yaml,3,of_det,329720,20260811,3520bdc608a779421cd16c05473db8c5167b23524692b608bbabe82e4c31b3dd,2677665,936280,5000
/projects/EEG-foundation-model/derived/denoiseNet/of_scad_v23/checkpoints/of_det/fold_3/seed_20260811/last.pt,yes,last,/home/infres/yinwang/denoiseNet_of_scad_v23/configs/of_scad_v23/of_det.yaml,3,of_det,329720,20260811,c59b9eddc54b1cc88c4dc7ec30a527b16c380137736315d936dc3405be62bc33,5351491,936280,5000
/projects/EEG-foundation-model/derived/denoiseNet/of_scad_v23/checkpoints/of_det/fold_4/seed_20260808/best_artifact.pt,yes,best_artifact,/home/infres/yinwang/denoiseNet_of_scad_v23/configs/of_scad_v23/of_det.yaml,4,of_det,329720,20260808,ecdb05357667f9ad11498e7d2d4d0ca839483852089852f0c9c108f5585f7607,2677299,935676,10250
/projects/EEG-foundation-model/derived/denoiseNet/of_scad_v23/checkpoints/of_det/fold_4/seed_20260808/best_coefficient.pt,yes,best_coefficient,/home/infres/yinwang/denoiseNet_of_scad_v23/configs/of_scad_v23/of_det.yaml,4,of_det,329720,20260808,13dceb86c5437f1288eec95413de42796cbc024bcc989bef34812b651aa806b3,2677665,935676,10250
/projects/EEG-foundation-model/derived/denoiseNet/of_scad_v23/checkpoints/of_det/fold_4/seed_20260808/last.pt,yes,last,/home/infres/yinwang/denoiseNet_of_scad_v23/configs/of_scad_v23/of_det.yaml,4,of_det,329720,20260808,2b3e1cce3dda4f7fc4f0b58aa7ffa687b7d39d314e7111fa7078073006cc995b,5354499,935676,10250
/projects/EEG-foundation-model/derived/denoiseNet/of_scad_v23/checkpoints/of_det/fold_4/seed_20260810/best_artifact.pt,yes,best_artifact,/home/infres/yinwang/denoiseNet_of_scad_v23/configs/of_scad_v23/of_det.yaml,4,of_det,329720,20260810,e595482eed48984ff82bdc45ecfbc06331d543cbbfe0ea228bf0184b512c80a8,2677299,936280,12500
/projects/EEG-foundation-model/derived/denoiseNet/of_scad_v23/checkpoints/of_det/fold_4/seed_20260810/best_coefficient.pt,yes,best_coefficient,/home/infres/yinwang/denoiseNet_of_scad_v23/configs/of_scad_v23/of_det.yaml,4,of_det,329720,20260810,15aac037ff7e8b81ef4cc8feb68b0f744c8c811a3678deff4e600bcae57aab69,2677665,936280,12500
/projects/EEG-foundation-model/derived/denoiseNet/of_scad_v23/checkpoints/of_det/fold_4/seed_20260810/last.pt,yes,last,/home/infres/yinwang/denoiseNet_of_scad_v23/configs/of_scad_v23/of_det.yaml,4,of_det,329720,20260810,3f102439d03d7b9586203e8e3e50390790149b3bfd2e3aee4688b2af9155333b,5355779,936280,12500
/projects/EEG-foundation-model/derived/denoiseNet/of_scad_v23/checkpoints/of_det/fold_4/seed_20260811/best_artifact.pt,yes,best_artifact,/home/infres/yinwang/denoiseNet_of_scad_v23/configs/of_scad_v23/of_det.yaml,4,of_det,329720,20260811,9a3f7a38646f62f0ab9d60a4d26053f7701419c007cefe0fa7e8564fdd4fa0a5,2677299,936280,6250
/projects/EEG-foundation-model/derived/denoiseNet/of_scad_v23/checkpoints/of_det/fold_4/seed_20260811/best_coefficient.pt,yes,best_coefficient,/home/infres/yinwang/denoiseNet_of_scad_v23/configs/of_scad_v23/of_det.yaml,4,of_det,329720,20260811,6cf7e5ba1a520cabaddce2424a0a9ecda0a0e3794b586d36527745adf6657e6f,2677665,936280,6250
/projects/EEG-foundation-model/derived/denoiseNet/of_scad_v23/checkpoints/of_det/fold_4/seed_20260811/last.pt,yes,last,/home/infres/yinwang/denoiseNet_of_scad_v23/configs/of_scad_v23/of_det.yaml,4,of_det,329720,20260811,ae85ef74d9fd9d6ffd640f4d6988d5907c00511f36d5d02d97a9c5adb751eb0e,5352195,936280,6250
/projects/EEG-foundation-model/derived/denoiseNet/of_scad_v23/checkpoints/of_scad/fold_0/seed_20260808/best_sampling.pt,yes,best_sampling,/home/infres/yinwang/denoiseNet_of_scad_v23/configs/of_scad_v23/of_scad.yaml,0,of_scad,397944,20260808,8e2964bf227a724856306f26eeb674737bc16c7430739b9b227dd8cf7fb2fff4,3234395,935677,5000
/projects/EEG-foundation-model/derived/denoiseNet/of_scad_v23/checkpoints/of_scad/fold_0/seed_20260808/last.pt,yes,last,/home/infres/yinwang/denoiseNet_of_scad_v23/configs/of_scad_v23/of_scad.yaml,0,of_scad,397944,20260808,9ab922c28664d94843f327f8f2f0ac5868058821d4fda1b78f050cc3a88f8720,6455312,935677,5000
/projects/EEG-foundation-model/derived/denoiseNet/of_scad_v23/checkpoints/of_scad/fold_0/seed_20260810/best_sampling.pt,yes,best_sampling,/home/infres/yinwang/denoiseNet_of_scad_v23/configs/of_scad_v23/of_scad.yaml,0,of_scad,397944,20260810,ded4b7fa3567cced8ff316080fa8173db4b3f4af725d4fad2cb23cb74a89fda5,3234395,936421,16500
/projects/EEG-foundation-model/derived/denoiseNet/of_scad_v23/checkpoints/of_scad/fold_0/seed_20260810/last.pt,yes,last,/home/infres/yinwang/denoiseNet_of_scad_v23/configs/of_scad_v23/of_scad.yaml,0,of_scad,397944,20260810,4aed109e71334b16cbefd37bda6180113da9d59c0448062077dad7d8d3353911,6458640,936421,16500
/projects/EEG-foundation-model/derived/denoiseNet/of_scad_v23/checkpoints/of_scad/fold_0/seed_20260811/best_sampling.pt,yes,best_sampling,/home/infres/yinwang/denoiseNet_of_scad_v23/configs/of_scad_v23/of_scad.yaml,0,of_scad,397944,20260811,b5fc1316d3fc5b257fda20c6f182d310c7c7e877400ea6345be0f49be669afa3,3234395,936421,6000
/projects/EEG-foundation-model/derived/denoiseNet/of_scad_v23/checkpoints/of_scad/fold_0/seed_20260811/last.pt,yes,last,/home/infres/yinwang/denoiseNet_of_scad_v23/configs/of_scad_v23/of_scad.yaml,0,of_scad,397944,20260811,1b4a4b9e447d07b6b7a2b72037be49a8bd1ea37a9587f679c71f8364f92fb2aa,6455632,936421,6000
/projects/EEG-foundation-model/derived/denoiseNet/of_scad_v23/checkpoints/of_scad/fold_1/seed_20260808/best_sampling.pt,yes,best_sampling,/home/infres/yinwang/denoiseNet_of_scad_v23/configs/of_scad_v23/of_scad.yaml,1,of_scad,397944,20260808,75fca2bfa55743fe23f2bf5a00f1927033154e24d3d0324309c30b08ba1ad3ab,3234395,935677,7750
/projects/EEG-foundation-model/derived/denoiseNet/of_scad_v23/checkpoints/of_scad/fold_1/seed_20260808/last.pt,yes,last,/home/infres/yinwang/denoiseNet_of_scad_v23/configs/of_scad_v23/of_scad.yaml,1,of_scad,397944,20260808,e0dcb1ca7d29f1b01fba42e0d277143a849bf0431e6c60bc3d418244b979300b,6456144,935677,7750
/projects/EEG-foundation-model/derived/denoiseNet/of_scad_v23/checkpoints/of_scad/fold_1/seed_20260810/best_sampling.pt,yes,best_sampling,/home/infres/yinwang/denoiseNet_of_scad_v23/configs/of_scad_v23/of_scad.yaml,1,of_scad,397944,20260810,e1c140c036abc19b14fbefdd75b617f85f35fb7c1fae8c640eb27659025c32e5,3234395,936421,6250
/projects/EEG-foundation-model/derived/denoiseNet/of_scad_v23/checkpoints/of_scad/fold_1/seed_20260810/last.pt,yes,last,/home/infres/yinwang/denoiseNet_of_scad_v23/configs/of_scad_v23/of_scad.yaml,1,of_scad,397944,20260810,9db52e7b4343c2b70ecd46ae2f1cd2e1e9611bafe3491c39bac5687fc48519c7,6455696,936421,6250
/projects/EEG-foundation-model/derived/denoiseNet/of_scad_v23/checkpoints/of_scad/fold_1/seed_20260811/best_sampling.pt,yes,best_sampling,/home/infres/yinwang/denoiseNet_of_scad_v23/configs/of_scad_v23/of_scad.yaml,1,of_scad,397944,20260811,0674822522d6f925176c7d6e4213601b0190bfc89a1529e96cc567ec21870164,3234395,936421,5250
/projects/EEG-foundation-model/derived/denoiseNet/of_scad_v23/checkpoints/of_scad/fold_1/seed_20260811/last.pt,yes,last,/home/infres/yinwang/denoiseNet_of_scad_v23/configs/of_scad_v23/of_scad.yaml,1,of_scad,397944,20260811,b046c1cb7bf35848c566b8a6b18990c98d896ad72c10ed2e87631ee6adc36991,6455440,936421,5250
/projects/EEG-foundation-model/derived/denoiseNet/of_scad_v23/checkpoints/of_scad/fold_2/seed_20260808/best_sampling.pt,yes,best_sampling,/home/infres/yinwang/denoiseNet_of_scad_v23/configs/of_scad_v23/of_scad.yaml,2,of_scad,397944,20260808,4b349a741d64f617d8c57d0079a19e69828cd4cd3c364c50eff5f9d78720b545,3234395,935677,6750
/projects/EEG-foundation-model/derived/denoiseNet/of_scad_v23/checkpoints/of_scad/fold_2/seed_20260808/last.pt,yes,last,/home/infres/yinwang/denoiseNet_of_scad_v23/configs/of_scad_v23/of_scad.yaml,2,of_scad,397944,20260808,3b0878174bd74e539ad93056335ad0f16a27697be7160cbd08c2b67d68bfb030,6455824,935677,6750
/projects/EEG-foundation-model/derived/denoiseNet/of_scad_v23/checkpoints/of_scad/fold_2/seed_20260810/best_sampling.pt,yes,best_sampling,/home/infres/yinwang/denoiseNet_of_scad_v23/configs/of_scad_v23/of_scad.yaml,2,of_scad,397944,20260810,245d12e15f6745556e2504fa2f513e364b8533200743f070b83d0b70e74e8eb9,3234395,936421,8750
/projects/EEG-foundation-model/derived/denoiseNet/of_scad_v23/checkpoints/of_scad/fold_2/seed_20260810/last.pt,yes,last,/home/infres/yinwang/denoiseNet_of_scad_v23/configs/of_scad_v23/of_scad.yaml,2,of_scad,397944,20260810,9c9a66e43575e2e564455575bec66f6d03629ea2149d08f49954768bca2b29c6,6456400,936421,8750
/projects/EEG-foundation-model/derived/denoiseNet/of_scad_v23/checkpoints/of_scad/fold_2/seed_20260811/best_sampling.pt,yes,best_sampling,/home/infres/yinwang/denoiseNet_of_scad_v23/configs/of_scad_v23/of_scad.yaml,2,of_scad,397944,20260811,5602b0350f33677fede162b7df439324cb979c54e0d40f792f5611d4d921fac8,3234395,936421,6250
/projects/EEG-foundation-model/derived/denoiseNet/of_scad_v23/checkpoints/of_scad/fold_2/seed_20260811/last.pt,yes,last,/home/infres/yinwang/denoiseNet_of_scad_v23/configs/of_scad_v23/of_scad.yaml,2,of_scad,397944,20260811,e2bd6638566f1d6ea7cc1bb51d12894f81268ba037767ee0fd6fd550ca11a070,6455696,936421,6250
/projects/EEG-foundation-model/derived/denoiseNet/of_scad_v23/checkpoints/of_scad/fold_3/seed_20260808/best_sampling.pt,yes,best_sampling,/home/infres/yinwang/denoiseNet_of_scad_v23/configs/of_scad_v23/of_scad.yaml,3,of_scad,397944,20260808,916bdbcf1d46c7e8d0cce57c42a716f4715d97f59b5238263629dd7b98b6e18e,3234395,935677,5000
/projects/EEG-foundation-model/derived/denoiseNet/of_scad_v23/checkpoints/of_scad/fold_3/seed_20260808/last.pt,yes,last,/home/infres/yinwang/denoiseNet_of_scad_v23/configs/of_scad_v23/of_scad.yaml,3,of_scad,397944,20260808,bb4079449a2ab008b9d782d3d7826ccdc105a9caea0d05bd9ff09b693c7a0561,6455312,935677,5000
/projects/EEG-foundation-model/derived/denoiseNet/of_scad_v23/checkpoints/of_scad/fold_3/seed_20260810/best_sampling.pt,yes,best_sampling,/home/infres/yinwang/denoiseNet_of_scad_v23/configs/of_scad_v23/of_scad.yaml,3,of_scad,397944,20260810,82c813093b9ebc924b8609558638a40b3d871193f8e72a2d4b0e19bd5e31626a,3234395,936421,5000
/projects/EEG-foundation-model/derived/denoiseNet/of_scad_v23/checkpoints/of_scad/fold_3/seed_20260810/last.pt,yes,last,/home/infres/yinwang/denoiseNet_of_scad_v23/configs/of_scad_v23/of_scad.yaml,3,of_scad,397944,20260810,403d3cbe7953386f3bcf0d7335784231493ca3e4e3163ccc1e5cd32114d12b44,6455312,936421,5000
/projects/EEG-foundation-model/derived/denoiseNet/of_scad_v23/checkpoints/of_scad/fold_3/seed_20260811/best_sampling.pt,yes,best_sampling,/home/infres/yinwang/denoiseNet_of_scad_v23/configs/of_scad_v23/of_scad.yaml,3,of_scad,397944,20260811,05f3e1382b4332364da792aa65cba7db0a20f44e9689e2786738bb3fc583fc32,3234395,936421,5000
/projects/EEG-foundation-model/derived/denoiseNet/of_scad_v23/checkpoints/of_scad/fold_3/seed_20260811/last.pt,yes,last,/home/infres/yinwang/denoiseNet_of_scad_v23/configs/of_scad_v23/of_scad.yaml,3,of_scad,397944,20260811,7409818b7c751d080efab08cf9b22d003d725d4915c560e7e710357f470c04aa,6455312,936421,5000
/projects/EEG-foundation-model/derived/denoiseNet/of_scad_v23/checkpoints/of_scad/fold_4/seed_20260808/best_sampling.pt,yes,best_sampling,/home/infres/yinwang/denoiseNet_of_scad_v23/configs/of_scad_v23/of_scad.yaml,4,of_scad,397944,20260808,252fb872cc926179c273999bbb7d644004a39c6a8b511a304fe884007a568007,3234395,935677,9500
/projects/EEG-foundation-model/derived/denoiseNet/of_scad_v23/checkpoints/of_scad/fold_4/seed_20260808/last.pt,yes,last,/home/infres/yinwang/denoiseNet_of_scad_v23/configs/of_scad_v23/of_scad.yaml,4,of_scad,397944,20260808,7b77c3559198ab8f38a2a1010fd2344459824c38dbc05cac1c01b634d29fc156,6456656,935677,9500
/projects/EEG-foundation-model/derived/denoiseNet/of_scad_v23/checkpoints/of_scad/fold_4/seed_20260810/best_sampling.pt,yes,best_sampling,/home/infres/yinwang/denoiseNet_of_scad_v23/configs/of_scad_v23/of_scad.yaml,4,of_scad,397944,20260810,8d3c2de5dd401ff5ee5b03930e5d7b206206b2a53a239c0004531e2b064b36e7,3234395,936421,5000
/projects/EEG-foundation-model/derived/denoiseNet/of_scad_v23/checkpoints/of_scad/fold_4/seed_20260810/last.pt,yes,last,/home/infres/yinwang/denoiseNet_of_scad_v23/configs/of_scad_v23/of_scad.yaml,4,of_scad,397944,20260810,770f8f18f39c70aa59af905166364a7b4acf3beff1b349c759b5b1d33982a122,6455312,936421,5000
/projects/EEG-foundation-model/derived/denoiseNet/of_scad_v23/checkpoints/of_scad/fold_4/seed_20260811/best_sampling.pt,yes,best_sampling,/home/infres/yinwang/denoiseNet_of_scad_v23/configs/of_scad_v23/of_scad.yaml,4,of_scad,397944,20260811,02be6e622c8cd9f323661164f31e1d5022caddeaa98488f85fb33dca476b7203,3234395,936421,10750
/projects/EEG-foundation-model/derived/denoiseNet/of_scad_v23/checkpoints/of_scad/fold_4/seed_20260811/last.pt,yes,last,/home/infres/yinwang/denoiseNet_of_scad_v23/configs/of_scad_v23/of_scad.yaml,4,of_scad,397944,20260811,92dad42d2dd82d9067bad62940a2e5d46bfe60f49ed3aabcb53d7a24a45de90d,6456976,936421,10750
/projects/EEG-foundation-model/derived/denoiseNet/of_scad_v23/checkpoints/pop_marginal_det/fold_0/seed_20260808/best_artifact.pt,yes,best_artifact,/home/infres/yinwang/denoiseNet_of_scad_v23/configs/of_scad_v23/pop_marginal_det.yaml,0,pop_marginal_det,329720,20260808,3276fd7958f58d52f31887600a7c0c661b9ce2f07862ea00889a309a77e166af,2677235,935676,9750
/projects/EEG-foundation-model/derived/denoiseNet/of_scad_v23/checkpoints/pop_marginal_det/fold_0/seed_20260808/best_coefficient.pt,yes,best_coefficient,/home/infres/yinwang/denoiseNet_of_scad_v23/configs/of_scad_v23/pop_marginal_det.yaml,0,pop_marginal_det,329720,20260808,e6a838cb82949d62602d54b921f069986521362e9fa068a9fc455edc4c8a8732,2677601,935676,9750
/projects/EEG-foundation-model/derived/denoiseNet/of_scad_v23/checkpoints/pop_marginal_det/fold_0/seed_20260808/last.pt,yes,last,/home/infres/yinwang/denoiseNet_of_scad_v23/configs/of_scad_v23/pop_marginal_det.yaml,0,pop_marginal_det,329720,20260808,93348e6584cec98cf9d99d58d297d5e765aae8ab1071bfd3456668b02ac64965,5354179,935676,9750
/projects/EEG-foundation-model/derived/denoiseNet/of_scad_v23/checkpoints/pop_marginal_det/fold_0/seed_20260810/best_artifact.pt,yes,best_artifact,/home/infres/yinwang/denoiseNet_of_scad_v23/configs/of_scad_v23/pop_marginal_det.yaml,0,pop_marginal_det,329720,20260810,804128ac4e55ca3da4410a742b68b51c1d584acb5a64830df9a5e1128cf2f951,2677235,936280,6500
/projects/EEG-foundation-model/derived/denoiseNet/of_scad_v23/checkpoints/pop_marginal_det/fold_0/seed_20260810/best_coefficient.pt,yes,best_coefficient,/home/infres/yinwang/denoiseNet_of_scad_v23/configs/of_scad_v23/pop_marginal_det.yaml,0,pop_marginal_det,329720,20260810,7761ff93c9764dbfb6f8f5b6a989e415ad7ee1ed0e8117bc7230e229cbe8fb70,2677601,936280,6500
/projects/EEG-foundation-model/derived/denoiseNet/of_scad_v23/checkpoints/pop_marginal_det/fold_0/seed_20260810/last.pt,yes,last,/home/infres/yinwang/denoiseNet_of_scad_v23/configs/of_scad_v23/pop_marginal_det.yaml,0,pop_marginal_det,329720,20260810,149a148b2adaaf0b00ba8d4e710597d0978efe5605acc9b67017972896f05075,5352323,936280,6500
/projects/EEG-foundation-model/derived/denoiseNet/of_scad_v23/checkpoints/pop_marginal_det/fold_0/seed_20260811/best_artifact.pt,yes,best_artifact,/home/infres/yinwang/denoiseNet_of_scad_v23/configs/of_scad_v23/pop_marginal_det.yaml,0,pop_marginal_det,329720,20260811,cf1867075c673a2d8ed5c551566b67e14e8a7149be605a9665ce396bce30ba78,2677235,936280,11000
/projects/EEG-foundation-model/derived/denoiseNet/of_scad_v23/checkpoints/pop_marginal_det/fold_0/seed_20260811/best_coefficient.pt,yes,best_coefficient,/home/infres/yinwang/denoiseNet_of_scad_v23/configs/of_scad_v23/pop_marginal_det.yaml,0,pop_marginal_det,329720,20260811,3f7d06df5a51d5c63920fa4ee3e3ccf27d596412b36875698efbd512292202c9,2677601,936280,11000
/projects/EEG-foundation-model/derived/denoiseNet/of_scad_v23/checkpoints/pop_marginal_det/fold_0/seed_20260811/last.pt,yes,last,/home/infres/yinwang/denoiseNet_of_scad_v23/configs/of_scad_v23/pop_marginal_det.yaml,0,pop_marginal_det,329720,20260811,bc1b80a97dc750f29aadd516c4b67df0b298c667fb5d3edf33a01e97084e3cc1,5354883,936280,11000
/projects/EEG-foundation-model/derived/denoiseNet/of_scad_v23/checkpoints/pop_marginal_det/fold_1/seed_20260808/best_artifact.pt,yes,best_artifact,/home/infres/yinwang/denoiseNet_of_scad_v23/configs/of_scad_v23/pop_marginal_det.yaml,1,pop_marginal_det,329720,20260808,f0b28d7735dae87265db04e6090cd731aee7576e6513b2e32ec46781a7b226be,2677235,935676,20000
/projects/EEG-foundation-model/derived/denoiseNet/of_scad_v23/checkpoints/pop_marginal_det/fold_1/seed_20260808/best_coefficient.pt,yes,best_coefficient,/home/infres/yinwang/denoiseNet_of_scad_v23/configs/of_scad_v23/pop_marginal_det.yaml,1,pop_marginal_det,329720,20260808,20a9ee24f00e515d9968113fcb422f1f10c29bdc946b794dc33ee76342b87f2b,2677601,935676,20000
/projects/EEG-foundation-model/derived/denoiseNet/of_scad_v23/checkpoints/pop_marginal_det/fold_1/seed_20260808/last.pt,yes,last,/home/infres/yinwang/denoiseNet_of_scad_v23/configs/of_scad_v23/pop_marginal_det.yaml,1,pop_marginal_det,329720,20260808,8494884d67a6207587dcf5a140f657bec63c9f32769aa4ef940dbdbc4ae707d0,5359939,935676,20000
/projects/EEG-foundation-model/derived/denoiseNet/of_scad_v23/checkpoints/pop_marginal_det/fold_1/seed_20260810/best_artifact.pt,yes,best_artifact,/home/infres/yinwang/denoiseNet_of_scad_v23/configs/of_scad_v23/pop_marginal_det.yaml,1,pop_marginal_det,329720,20260810,494c76d11fb17e9589a0150de89c55524d17e5755902198477c333ef13a19661,2677235,936280,6250
/projects/EEG-foundation-model/derived/denoiseNet/of_scad_v23/checkpoints/pop_marginal_det/fold_1/seed_20260810/best_coefficient.pt,yes,best_coefficient,/home/infres/yinwang/denoiseNet_of_scad_v23/configs/of_scad_v23/pop_marginal_det.yaml,1,pop_marginal_det,329720,20260810,f64f0b35e15ae1de890d2c4965627c2cdacc96facc4a4e11ef05ec0453a65797,2677601,936280,6250
/projects/EEG-foundation-model/derived/denoiseNet/of_scad_v23/checkpoints/pop_marginal_det/fold_1/seed_20260810/last.pt,yes,last,/home/infres/yinwang/denoiseNet_of_scad_v23/configs/of_scad_v23/pop_marginal_det.yaml,1,pop_marginal_det,329720,20260810,ecd1cf0c5524c45bdfa76d539497d838e318623a55e5c29ee6262001c553b8de,5352131,936280,6250
/projects/EEG-foundation-model/derived/denoiseNet/of_scad_v23/checkpoints/pop_marginal_det/fold_1/seed_20260811/best_artifact.pt,yes,best_artifact,/home/infres/yinwang/denoiseNet_of_scad_v23/configs/of_scad_v23/pop_marginal_det.yaml,1,pop_marginal_det,329720,20260811,8affc10ecbfd5c99545c56dde1e1106f34e693c3d0e6037ed460e3e6e826b4c2,2677235,936280,18750
/projects/EEG-foundation-model/derived/denoiseNet/of_scad_v23/checkpoints/pop_marginal_det/fold_1/seed_20260811/best_coefficient.pt,yes,best_coefficient,/home/infres/yinwang/denoiseNet_of_scad_v23/configs/of_scad_v23/pop_marginal_det.yaml,1,pop_marginal_det,329720,20260811,c6fc5f0527501551b035132c12bf2222e0593cad1f41bb6c6b6e60e2c28ee02b,2677601,936280,18750
/projects/EEG-foundation-model/derived/denoiseNet/of_scad_v23/checkpoints/pop_marginal_det/fold_1/seed_20260811/last.pt,yes,last,/home/infres/yinwang/denoiseNet_of_scad_v23/configs/of_scad_v23/pop_marginal_det.yaml,1,pop_marginal_det,329720,20260811,82e3cf169c24620da390bbd7df441a5de6e393df06ac2982f02848ef9b36b6a3,5359363,936280,18750
/projects/EEG-foundation-model/derived/denoiseNet/of_scad_v23/checkpoints/pop_marginal_det/fold_2/seed_20260808/best_artifact.pt,yes,best_artifact,/home/infres/yinwang/denoiseNet_of_scad_v23/configs/of_scad_v23/pop_marginal_det.yaml,2,pop_marginal_det,329720,20260808,6e7aed858bf48d6d39407c8423caf2aeb727e5b485ceb96b431fae27ca9faa4d,2677235,935676,20000
/projects/EEG-foundation-model/derived/denoiseNet/of_scad_v23/checkpoints/pop_marginal_det/fold_2/seed_20260808/best_coefficient.pt,yes,best_coefficient,/home/infres/yinwang/denoiseNet_of_scad_v23/configs/of_scad_v23/pop_marginal_det.yaml,2,pop_marginal_det,329720,20260808,8d9c049ae0207dc309b311b05bea1f7da70360136c7424db3901933a0c5a9f85,2677601,935676,20000
/projects/EEG-foundation-model/derived/denoiseNet/of_scad_v23/checkpoints/pop_marginal_det/fold_2/seed_20260808/last.pt,yes,last,/home/infres/yinwang/denoiseNet_of_scad_v23/configs/of_scad_v23/pop_marginal_det.yaml,2,pop_marginal_det,329720,20260808,ce41d3374f13ff9d6220b66b658d283db5b7882a3e3b7cf9e48c8af1c36f54a5,5359939,935676,20000
/projects/EEG-foundation-model/derived/denoiseNet/of_scad_v23/checkpoints/pop_marginal_det/fold_2/seed_20260810/best_artifact.pt,yes,best_artifact,/home/infres/yinwang/denoiseNet_of_scad_v23/configs/of_scad_v23/pop_marginal_det.yaml,2,pop_marginal_det,329720,20260810,dfa6bd164b3ad55e32cb2b36dfa4e1eabf595f00f7388f2621a2dd94e3d3bb21,2677235,936280,12000
/projects/EEG-foundation-model/derived/denoiseNet/of_scad_v23/checkpoints/pop_marginal_det/fold_2/seed_20260810/best_coefficient.pt,yes,best_coefficient,/home/infres/yinwang/denoiseNet_of_scad_v23/configs/of_scad_v23/pop_marginal_det.yaml,2,pop_marginal_det,329720,20260810,7ff34faa8dcd1c1828f3a944c1bb9ece03eb321566c734fea6728cd5098ee8f4,2677601,936280,12000
/projects/EEG-foundation-model/derived/denoiseNet/of_scad_v23/checkpoints/pop_marginal_det/fold_2/seed_20260810/last.pt,yes,last,/home/infres/yinwang/denoiseNet_of_scad_v23/configs/of_scad_v23/pop_marginal_det.yaml,2,pop_marginal_det,329720,20260810,7074c2d957007f64631c72fd956fa0b188b444006a0931de8eba500151857a9c,5355395,936280,12000
/projects/EEG-foundation-model/derived/denoiseNet/of_scad_v23/checkpoints/pop_marginal_det/fold_2/seed_20260811/best_artifact.pt,yes,best_artifact,/home/infres/yinwang/denoiseNet_of_scad_v23/configs/of_scad_v23/pop_marginal_det.yaml,2,pop_marginal_det,329720,20260811,bff0e2103af98ddf7baf02a0dcecfdb570f9f9efd0c04b9af815c1935c7afbe5,2677235,936280,20000
/projects/EEG-foundation-model/derived/denoiseNet/of_scad_v23/checkpoints/pop_marginal_det/fold_2/seed_20260811/best_coefficient.pt,yes,best_coefficient,/home/infres/yinwang/denoiseNet_of_scad_v23/configs/of_scad_v23/pop_marginal_det.yaml,2,pop_marginal_det,329720,20260811,7420834c818fe0383ee6e9ab5ee0e632571c90836a3fc71daa1d0d67401af680,2677601,936280,20000
/projects/EEG-foundation-model/derived/denoiseNet/of_scad_v23/checkpoints/pop_marginal_det/fold_2/seed_20260811/last.pt,yes,last,/home/infres/yinwang/denoiseNet_of_scad_v23/configs/of_scad_v23/pop_marginal_det.yaml,2,pop_marginal_det,329720,20260811,e1d8808f6f5d416a0a06e1d9ce16ee1330b3682a59a6baad0dee0dffe14035f2,5359939,936280,20000
/projects/EEG-foundation-model/derived/denoiseNet/of_scad_v23/checkpoints/pop_marginal_det/fold_3/seed_20260808/best_artifact.pt,yes,best_artifact,/home/infres/yinwang/denoiseNet_of_scad_v23/configs/of_scad_v23/pop_marginal_det.yaml,3,pop_marginal_det,329720,20260808,63174fde47ef15a8f29afe5937c8e45c051c599ceacced51583236825e15a946,2677235,935676,7750
/projects/EEG-foundation-model/derived/denoiseNet/of_scad_v23/checkpoints/pop_marginal_det/fold_3/seed_20260808/best_coefficient.pt,yes,best_coefficient,/home/infres/yinwang/denoiseNet_of_scad_v23/configs/of_scad_v23/pop_marginal_det.yaml,3,pop_marginal_det,329720,20260808,2e88dd192204bbb2931fe94532f1343efd309fb78cddcc8cdd5f9bede407d120,2677601,935676,7750
/projects/EEG-foundation-model/derived/denoiseNet/of_scad_v23/checkpoints/pop_marginal_det/fold_3/seed_20260808/last.pt,yes,last,/home/infres/yinwang/denoiseNet_of_scad_v23/configs/of_scad_v23/pop_marginal_det.yaml,3,pop_marginal_det,329720,20260808,2b5c768cebe4adaa2584d5698637621f9b6c60013e7020fdf3677db694477869,5353027,935676,7750
/projects/EEG-foundation-model/derived/denoiseNet/of_scad_v23/checkpoints/pop_marginal_det/fold_3/seed_20260810/best_artifact.pt,yes,best_artifact,/home/infres/yinwang/denoiseNet_of_scad_v23/configs/of_scad_v23/pop_marginal_det.yaml,3,pop_marginal_det,329720,20260810,0650d9e9b11eb3e75b65619aa3f6c6f2dd807a08545433b818f5b256a2deee0f,2677235,936280,20000
/projects/EEG-foundation-model/derived/denoiseNet/of_scad_v23/checkpoints/pop_marginal_det/fold_3/seed_20260810/best_coefficient.pt,yes,best_coefficient,/home/infres/yinwang/denoiseNet_of_scad_v23/configs/of_scad_v23/pop_marginal_det.yaml,3,pop_marginal_det,329720,20260810,a36d306366dd727e5db507b70c2f76867c296bfc2716e2863ae430a8ee8f8038,2677601,936280,20000
/projects/EEG-foundation-model/derived/denoiseNet/of_scad_v23/checkpoints/pop_marginal_det/fold_3/seed_20260810/last.pt,yes,last,/home/infres/yinwang/denoiseNet_of_scad_v23/configs/of_scad_v23/pop_marginal_det.yaml,3,pop_marginal_det,329720,20260810,f3d367c9fe7412e27b6f2f17ee242f6936de54cdbd829ff661a04cb660d6ee4f,5359939,936280,20000
/projects/EEG-foundation-model/derived/denoiseNet/of_scad_v23/checkpoints/pop_marginal_det/fold_3/seed_20260811/best_artifact.pt,yes,best_artifact,/home/infres/yinwang/denoiseNet_of_scad_v23/configs/of_scad_v23/pop_marginal_det.yaml,3,pop_marginal_det,329720,20260811,c8a244611bd533f60a065343c93e05a4ee8464ac94b8e4d10256401b457728b5,2677235,936280,13500
/projects/EEG-foundation-model/derived/denoiseNet/of_scad_v23/checkpoints/pop_marginal_det/fold_3/seed_20260811/best_coefficient.pt,yes,best_coefficient,/home/infres/yinwang/denoiseNet_of_scad_v23/configs/of_scad_v23/pop_marginal_det.yaml,3,pop_marginal_det,329720,20260811,4821e5a5c8be4ea3766e6ba18bbe2b83ba205ba75c8385f77c1ad9994c06cddc,2677601,936280,13500
/projects/EEG-foundation-model/derived/denoiseNet/of_scad_v23/checkpoints/pop_marginal_det/fold_3/seed_20260811/last.pt,yes,last,/home/infres/yinwang/denoiseNet_of_scad_v23/configs/of_scad_v23/pop_marginal_det.yaml,3,pop_marginal_det,329720,20260811,767cec3756583a59f08900ffbe8c0ecb075b8df8c007b031a5db3c0151311b28,5356291,936280,13500
/projects/EEG-foundation-model/derived/denoiseNet/of_scad_v23/checkpoints/pop_marginal_det/fold_4/seed_20260808/best_artifact.pt,yes,best_artifact,/home/infres/yinwang/denoiseNet_of_scad_v23/configs/of_scad_v23/pop_marginal_det.yaml,4,pop_marginal_det,329720,20260808,2120dbbcba5833e5bb13cf7225b94b177b7fc87a39cb19742ecf817022376554,2677235,935676,11750
/projects/EEG-foundation-model/derived/denoiseNet/of_scad_v23/checkpoints/pop_marginal_det/fold_4/seed_20260808/best_coefficient.pt,yes,best_coefficient,/home/infres/yinwang/denoiseNet_of_scad_v23/configs/of_scad_v23/pop_marginal_det.yaml,4,pop_marginal_det,329720,20260808,43d6e71e1f14f486db85167e8fb3216e3f521def96e54fce576db69f5f273e2e,2677601,935676,11750
/projects/EEG-foundation-model/derived/denoiseNet/of_scad_v23/checkpoints/pop_marginal_det/fold_4/seed_20260808/last.pt,yes,last,/home/infres/yinwang/denoiseNet_of_scad_v23/configs/of_scad_v23/pop_marginal_det.yaml,4,pop_marginal_det,329720,20260808,bff70396f9f8517347d08ef988d8dca4948f7dc0047c513aae26b372f3cfcb77,5355267,935676,11750
/projects/EEG-foundation-model/derived/denoiseNet/of_scad_v23/checkpoints/pop_marginal_det/fold_4/seed_20260810/best_artifact.pt,yes,best_artifact,/home/infres/yinwang/denoiseNet_of_scad_v23/configs/of_scad_v23/pop_marginal_det.yaml,4,pop_marginal_det,329720,20260810,63cf9e9e76d2774f017d772c0331e96e4c15413eee181644b8521fbe0c5093cf,2677235,936280,10250
/projects/EEG-foundation-model/derived/denoiseNet/of_scad_v23/checkpoints/pop_marginal_det/fold_4/seed_20260810/best_coefficient.pt,yes,best_coefficient,/home/infres/yinwang/denoiseNet_of_scad_v23/configs/of_scad_v23/pop_marginal_det.yaml,4,pop_marginal_det,329720,20260810,26002b2238407e4e202c32975bbe89139bf4e4a48872d0e4a2ab2c87c7a9f960,2677601,936280,10250
/projects/EEG-foundation-model/derived/denoiseNet/of_scad_v23/checkpoints/pop_marginal_det/fold_4/seed_20260810/last.pt,yes,last,/home/infres/yinwang/denoiseNet_of_scad_v23/configs/of_scad_v23/pop_marginal_det.yaml,4,pop_marginal_det,329720,20260810,c0cdc2f8209977351987af1ed5a9d985e86b52f613c1c608324de1d217ffbcb5,5354435,936280,10250
/projects/EEG-foundation-model/derived/denoiseNet/of_scad_v23/checkpoints/pop_marginal_det/fold_4/seed_20260811/best_artifact.pt,yes,best_artifact,/home/infres/yinwang/denoiseNet_of_scad_v23/configs/of_scad_v23/pop_marginal_det.yaml,4,pop_marginal_det,329720,20260811,443dd40fe4912599893cbe6b473bb6fbb69a22756b259537cca9af006d9ba85a,2677235,936280,11500
/projects/EEG-foundation-model/derived/denoiseNet/of_scad_v23/checkpoints/pop_marginal_det/fold_4/seed_20260811/best_coefficient.pt,yes,best_coefficient,/home/infres/yinwang/denoiseNet_of_scad_v23/configs/of_scad_v23/pop_marginal_det.yaml,4,pop_marginal_det,329720,20260811,25c3f7ff1e2d8190f81479f6b2b58daff721423d8ab9a3eeac1a82652a579a55,2677601,936280,11500
/projects/EEG-foundation-model/derived/denoiseNet/of_scad_v23/checkpoints/pop_marginal_det/fold_4/seed_20260811/last.pt,yes,last,/home/infres/yinwang/denoiseNet_of_scad_v23/configs/of_scad_v23/pop_marginal_det.yaml,4,pop_marginal_det,329720,20260811,4330375adb893b1574bb57b175c036b16f6e220c3edc32a8d3468236c2c57a14,5355139,936280,11500
/projects/EEG-foundation-model/derived/denoiseNet/of_scad_v23/checkpoints/pop_marginal_scad/fold_0/seed_20260808/best_sampling.pt,yes,best_sampling,/home/infres/yinwang/denoiseNet_of_scad_v23/configs/of_scad_v23/pop_marginal_scad.yaml,0,pop_marginal_scad,397944,20260808,38d0014e164dbbaef42730e5f34672ed85a1495ef9c52c295a00475afab75809,3234395,935677,7250
/projects/EEG-foundation-model/derived/denoiseNet/of_scad_v23/checkpoints/pop_marginal_scad/fold_0/seed_20260808/last.pt,yes,last,/home/infres/yinwang/denoiseNet_of_scad_v23/configs/of_scad_v23/pop_marginal_scad.yaml,0,pop_marginal_scad,397944,20260808,2a7fcb716ac3a5ebfbd6321a95189ede263a284c3ea628213e42d427606660a2,6456016,935677,7250
/projects/EEG-foundation-model/derived/denoiseNet/of_scad_v23/checkpoints/pop_marginal_scad/fold_0/seed_20260810/best_sampling.pt,yes,best_sampling,/home/infres/yinwang/denoiseNet_of_scad_v23/configs/of_scad_v23/pop_marginal_scad.yaml,0,pop_marginal_scad,397944,20260810,23d54e4eca283dfc541a687119b81de8bae80e0ec253721a36914c2e0b5097f7,3234395,936421,5000
/projects/EEG-foundation-model/derived/denoiseNet/of_scad_v23/checkpoints/pop_marginal_scad/fold_0/seed_20260810/last.pt,yes,last,/home/infres/yinwang/denoiseNet_of_scad_v23/configs/of_scad_v23/pop_marginal_scad.yaml,0,pop_marginal_scad,397944,20260810,8886ce542a88963d77781b66e04b2eaad1a69db903b3b1fc1288db7c9087b5b7,6455376,936421,5000
/projects/EEG-foundation-model/derived/denoiseNet/of_scad_v23/checkpoints/pop_marginal_scad/fold_0/seed_20260811/best_sampling.pt,yes,best_sampling,/home/infres/yinwang/denoiseNet_of_scad_v23/configs/of_scad_v23/pop_marginal_scad.yaml,0,pop_marginal_scad,397944,20260811,96abffc3086a6b10823db65b932e90494f80fe6a471383ec1329e98b6f69ca7f,3234395,936421,7250
/projects/EEG-foundation-model/derived/denoiseNet/of_scad_v23/checkpoints/pop_marginal_scad/fold_0/seed_20260811/last.pt,yes,last,/home/infres/yinwang/denoiseNet_of_scad_v23/configs/of_scad_v23/pop_marginal_scad.yaml,0,pop_marginal_scad,397944,20260811,cbc1a3ba74c98ab1e3968449f07d94798fc0ecffebdbbdf4f0a212b8f2e35dd4,6456016,936421,7250
/projects/EEG-foundation-model/derived/denoiseNet/of_scad_v23/checkpoints/pop_marginal_scad/fold_1/seed_20260808/best_sampling.pt,yes,best_sampling,/home/infres/yinwang/denoiseNet_of_scad_v23/configs/of_scad_v23/pop_marginal_scad.yaml,1,pop_marginal_scad,397944,20260808,30f2865f44bcaabe67f4de3ba028b6a4153ebbe55c1ef2a6b144e3a99712b7e9,3234395,935677,7500
/projects/EEG-foundation-model/derived/denoiseNet/of_scad_v23/checkpoints/pop_marginal_scad/fold_1/seed_20260808/last.pt,yes,last,/home/infres/yinwang/denoiseNet_of_scad_v23/configs/of_scad_v23/pop_marginal_scad.yaml,1,pop_marginal_scad,397944,20260808,cfcc34f042fd624aab3566eb7b118abeca9508ce79baf1ecafe49cbeac25b8fc,6456080,935677,7500
/projects/EEG-foundation-model/derived/denoiseNet/of_scad_v23/checkpoints/pop_marginal_scad/fold_1/seed_20260810/best_sampling.pt,yes,best_sampling,/home/infres/yinwang/denoiseNet_of_scad_v23/configs/of_scad_v23/pop_marginal_scad.yaml,1,pop_marginal_scad,397944,20260810,877a3d8d6541cd0eb33e0d723aada528a4b16fab88f0184da48b17cbc08eb101,3234395,936421,5500
/projects/EEG-foundation-model/derived/denoiseNet/of_scad_v23/checkpoints/pop_marginal_scad/fold_1/seed_20260810/last.pt,yes,last,/home/infres/yinwang/denoiseNet_of_scad_v23/configs/of_scad_v23/pop_marginal_scad.yaml,1,pop_marginal_scad,397944,20260810,6257ebaa6b409775702fdf7f8dae818437c0f191db14be150457a4ff5ee6bb54,6455504,936421,5500
/projects/EEG-foundation-model/derived/denoiseNet/of_scad_v23/checkpoints/pop_marginal_scad/fold_1/seed_20260811/best_sampling.pt,yes,best_sampling,/home/infres/yinwang/denoiseNet_of_scad_v23/configs/of_scad_v23/pop_marginal_scad.yaml,1,pop_marginal_scad,397944,20260811,3bdf9b6b447e4957f84a68018ed916a262ed02b506abfbfd9a240c5cfd27a2bd,3234395,936421,7000
/projects/EEG-foundation-model/derived/denoiseNet/of_scad_v23/checkpoints/pop_marginal_scad/fold_1/seed_20260811/last.pt,yes,last,/home/infres/yinwang/denoiseNet_of_scad_v23/configs/of_scad_v23/pop_marginal_scad.yaml,1,pop_marginal_scad,397944,20260811,5a92cf40ef33978045ac858a489264fc13791b5bfc56e3078f15f43cbe520c07,6455952,936421,7000
/projects/EEG-foundation-model/derived/denoiseNet/of_scad_v23/checkpoints/pop_marginal_scad/fold_2/seed_20260808/best_sampling.pt,yes,best_sampling,/home/infres/yinwang/denoiseNet_of_scad_v23/configs/of_scad_v23/pop_marginal_scad.yaml,2,pop_marginal_scad,397944,20260808,857a93e8c17dc104bb3d11896c990ff9a669ef3ec676501a5400280574b1435e,3234395,935677,11000
/projects/EEG-foundation-model/derived/denoiseNet/of_scad_v23/checkpoints/pop_marginal_scad/fold_2/seed_20260808/last.pt,yes,last,/home/infres/yinwang/denoiseNet_of_scad_v23/configs/of_scad_v23/pop_marginal_scad.yaml,2,pop_marginal_scad,397944,20260808,c5b271574f8e2da1fe22d7a588862789a8eadfc555cb9b8a60f920ee30110141,6457104,935677,11000
/projects/EEG-foundation-model/derived/denoiseNet/of_scad_v23/checkpoints/pop_marginal_scad/fold_2/seed_20260810/best_sampling.pt,yes,best_sampling,/home/infres/yinwang/denoiseNet_of_scad_v23/configs/of_scad_v23/pop_marginal_scad.yaml,2,pop_marginal_scad,397944,20260810,940c632225864349210177e8837336632455fd54ab431920fe41695ce8a96d42,3234395,936421,8250
/projects/EEG-foundation-model/derived/denoiseNet/of_scad_v23/checkpoints/pop_marginal_scad/fold_2/seed_20260810/last.pt,yes,last,/home/infres/yinwang/denoiseNet_of_scad_v23/configs/of_scad_v23/pop_marginal_scad.yaml,2,pop_marginal_scad,397944,20260810,3bbcf7c96891f4e658e5517a00047ecadd8df35e228c19d49a0be434c3429719,6456336,936421,8250
/projects/EEG-foundation-model/derived/denoiseNet/of_scad_v23/checkpoints/pop_marginal_scad/fold_2/seed_20260811/best_sampling.pt,yes,best_sampling,/home/infres/yinwang/denoiseNet_of_scad_v23/configs/of_scad_v23/pop_marginal_scad.yaml,2,pop_marginal_scad,397944,20260811,b58a3bb7692e11053615fcfb4366fef6fbb3d401a33dd6201d425f0ef3454fe8,3234395,936421,6750
/projects/EEG-foundation-model/derived/denoiseNet/of_scad_v23/checkpoints/pop_marginal_scad/fold_2/seed_20260811/last.pt,yes,last,/home/infres/yinwang/denoiseNet_of_scad_v23/configs/of_scad_v23/pop_marginal_scad.yaml,2,pop_marginal_scad,397944,20260811,8d7e7388e43b53c67ab960c5b451ae25d1d9287fe6299f1b691d003714b53dd0,6455888,936421,6750
/projects/EEG-foundation-model/derived/denoiseNet/of_scad_v23/checkpoints/pop_marginal_scad/fold_3/seed_20260808/best_sampling.pt,yes,best_sampling,/home/infres/yinwang/denoiseNet_of_scad_v23/configs/of_scad_v23/pop_marginal_scad.yaml,3,pop_marginal_scad,397944,20260808,911bf695f18f551ad5a62f379b2e17bf232a50646995fef4cad17d4871c079b0,3234395,935677,14000
/projects/EEG-foundation-model/derived/denoiseNet/of_scad_v23/checkpoints/pop_marginal_scad/fold_3/seed_20260808/last.pt,yes,last,/home/infres/yinwang/denoiseNet_of_scad_v23/configs/of_scad_v23/pop_marginal_scad.yaml,3,pop_marginal_scad,397944,20260808,80141cb3a349927fffae22fd573e02efc6e740ccf54e1efa0b892bb0c75f7d14,6457936,935677,14000
/projects/EEG-foundation-model/derived/denoiseNet/of_scad_v23/checkpoints/pop_marginal_scad/fold_3/seed_20260810/best_sampling.pt,yes,best_sampling,/home/infres/yinwang/denoiseNet_of_scad_v23/configs/of_scad_v23/pop_marginal_scad.yaml,3,pop_marginal_scad,397944,20260810,c897daa750ab243100fe27e54981cc4d27ffc32a08fe16d689a24dc6d11b6944,3234395,936421,8750
/projects/EEG-foundation-model/derived/denoiseNet/of_scad_v23/checkpoints/pop_marginal_scad/fold_3/seed_20260810/last.pt,yes,last,/home/infres/yinwang/denoiseNet_of_scad_v23/configs/of_scad_v23/pop_marginal_scad.yaml,3,pop_marginal_scad,397944,20260810,d7cbbf8e2a7ba4a09129cf54df2882ce42ae54180b41e1e802e9a65f20237774,6456464,936421,8750
/projects/EEG-foundation-model/derived/denoiseNet/of_scad_v23/checkpoints/pop_marginal_scad/fold_3/seed_20260811/best_sampling.pt,yes,best_sampling,/home/infres/yinwang/denoiseNet_of_scad_v23/configs/of_scad_v23/pop_marginal_scad.yaml,3,pop_marginal_scad,397944,20260811,85d857978178293f7692d2b0a29a368c98b0a5ae02334a284fd4f6db9b37a8bb,3234395,936421,7750
/projects/EEG-foundation-model/derived/denoiseNet/of_scad_v23/checkpoints/pop_marginal_scad/fold_3/seed_20260811/last.pt,yes,last,/home/infres/yinwang/denoiseNet_of_scad_v23/configs/of_scad_v23/pop_marginal_scad.yaml,3,pop_marginal_scad,397944,20260811,3a353cf2845ea2673451bd95bf7a4cd18be5778a85f96837a2733be38701cccb,6456144,936421,7750
/projects/EEG-foundation-model/derived/denoiseNet/of_scad_v23/checkpoints/pop_marginal_scad/fold_4/seed_20260808/best_sampling.pt,yes,best_sampling,/home/infres/yinwang/denoiseNet_of_scad_v23/configs/of_scad_v23/pop_marginal_scad.yaml,4,pop_marginal_scad,397944,20260808,806c2ca0fdfc6dc6b6e0d66a999c6b91fd885627a3db95f2dfd5db0df8899173,3234395,935677,6000
/projects/EEG-foundation-model/derived/denoiseNet/of_scad_v23/checkpoints/pop_marginal_scad/fold_4/seed_20260808/last.pt,yes,last,/home/infres/yinwang/denoiseNet_of_scad_v23/configs/of_scad_v23/pop_marginal_scad.yaml,4,pop_marginal_scad,397944,20260808,792d95f1f6101dd834e8538172f95d7479f694648caa5db102e3cb0d0dda7de7,6455632,935677,6000
/projects/EEG-foundation-model/derived/denoiseNet/of_scad_v23/checkpoints/pop_marginal_scad/fold_4/seed_20260810/best_sampling.pt,yes,best_sampling,/home/infres/yinwang/denoiseNet_of_scad_v23/configs/of_scad_v23/pop_marginal_scad.yaml,4,pop_marginal_scad,397944,20260810,9e6189c5649f76b0f9c21816622810f659ba1aa4474c1f558f9188894f97c921,3234395,936421,10250
/projects/EEG-foundation-model/derived/denoiseNet/of_scad_v23/checkpoints/pop_marginal_scad/fold_4/seed_20260810/last.pt,yes,last,/home/infres/yinwang/denoiseNet_of_scad_v23/configs/of_scad_v23/pop_marginal_scad.yaml,4,pop_marginal_scad,397944,20260810,52b203aaa33baff3c5e3b08657d94826062392e032593fe8140cac6c33b631f3,6456848,936421,10250
/projects/EEG-foundation-model/derived/denoiseNet/of_scad_v23/checkpoints/pop_marginal_scad/fold_4/seed_20260811/best_sampling.pt,yes,best_sampling,/home/infres/yinwang/denoiseNet_of_scad_v23/configs/of_scad_v23/pop_marginal_scad.yaml,4,pop_marginal_scad,397944,20260811,e9c3ea4a44909a4ada7fbd183a98cb99230a96d2d2ad95be72aea69973341468,3234395,936421,9750
/projects/EEG-foundation-model/derived/denoiseNet/of_scad_v23/checkpoints/pop_marginal_scad/fold_4/seed_20260811/last.pt,yes,last,/home/infres/yinwang/denoiseNet_of_scad_v23/configs/of_scad_v23/pop_marginal_scad.yaml,4,pop_marginal_scad,397944,20260811,bde7978924fe30cfe8b5b6179b9373155859494cfebd3bb865ab5978ce57797d,6456720,936421,9750
/projects/EEG-foundation-model/derived/denoiseNet/of_scad_v23/checkpoints/v22_fixed/fold_0/seed_20260808/best_sampling.pt,yes,best_sampling,/home/infres/yinwang/denoiseNet_of_scad_v23/configs/of_scad_v23/v22_fixed.yaml,0,v22_fixed,956430,20260808,c5a8c98c47b58b26822f376a35fb6380529d981ceca6577ace3e316c817735ec,7756187,935676,20000
/projects/EEG-foundation-model/derived/denoiseNet/of_scad_v23/checkpoints/v22_fixed/fold_0/seed_20260808/last.pt,yes,last,/home/infres/yinwang/denoiseNet_of_scad_v23/configs/of_scad_v23/v22_fixed.yaml,0,v22_fixed,956430,20260808,bf17cd0ee3e92281dfc2d9e0785f8cee6373fe526365c70695e41c326cb42698,15493504,935676,20000
/projects/EEG-foundation-model/derived/denoiseNet/of_scad_v23/checkpoints/v22_fixed/fold_1/seed_20260808/best_sampling.pt,yes,best_sampling,/home/infres/yinwang/denoiseNet_of_scad_v23/configs/of_scad_v23/v22_fixed.yaml,1,v22_fixed,956430,20260808,b69a6fbc2ac707a3deb862654a0b5bd6f511c485057e8c4bfa544dc825f7bd76,7756187,935676,11500
/projects/EEG-foundation-model/derived/denoiseNet/of_scad_v23/checkpoints/v22_fixed/fold_1/seed_20260808/last.pt,yes,last,/home/infres/yinwang/denoiseNet_of_scad_v23/configs/of_scad_v23/v22_fixed.yaml,1,v22_fixed,956430,20260808,7422fb884be65c5f5e799627ae69e89f1f80bb605cde4b11ed7e1856b23a3bf3,15491072,935676,11500
/projects/EEG-foundation-model/derived/denoiseNet/of_scad_v23/checkpoints/v22_fixed/fold_2/seed_20260808/best_sampling.pt,yes,best_sampling,/home/infres/yinwang/denoiseNet_of_scad_v23/configs/of_scad_v23/v22_fixed.yaml,2,v22_fixed,956430,20260808,4334ce31f2c701a9876125380d03b5f3757cf8ade1c2a45b4699766222eabf3c,7756187,935676,9500
/projects/EEG-foundation-model/derived/denoiseNet/of_scad_v23/checkpoints/v22_fixed/fold_2/seed_20260808/last.pt,yes,last,/home/infres/yinwang/denoiseNet_of_scad_v23/configs/of_scad_v23/v22_fixed.yaml,2,v22_fixed,956430,20260808,32ca6e61fc0590f8fd7158d7ba767d1b689fd92c8ad56cc9274dbca4092e476b,15490432,935676,9500
/projects/EEG-foundation-model/derived/denoiseNet/of_scad_v23/checkpoints/v22_fixed/fold_3/seed_20260808/best_sampling.pt,yes,best_sampling,/home/infres/yinwang/denoiseNet_of_scad_v23/configs/of_scad_v23/v22_fixed.yaml,3,v22_fixed,956430,20260808,f6519447c80c72b17fd2f76935b5699e27d4e7d68f8ac3fa25e2d4c3377fa07c,7756187,935676,8000
/projects/EEG-foundation-model/derived/denoiseNet/of_scad_v23/checkpoints/v22_fixed/fold_3/seed_20260808/last.pt,yes,last,/home/infres/yinwang/denoiseNet_of_scad_v23/configs/of_scad_v23/v22_fixed.yaml,3,v22_fixed,956430,20260808,7246edeb078ae4920d4b2d28089a725a911b07b2b5d86a18bb301e5844da9f5a,15490048,935676,8000
/projects/EEG-foundation-model/derived/denoiseNet/of_scad_v23/checkpoints/v22_fixed/fold_4/seed_20260808/best_sampling.pt,yes,best_sampling,/home/infres/yinwang/denoiseNet_of_scad_v23/configs/of_scad_v23/v22_fixed.yaml,4,v22_fixed,956430,20260808,5043a102ed0d5a765851a0cb8c212d659e54babe5964cf018e1fda751a88a898,7756187,935676,8500
/projects/EEG-foundation-model/derived/denoiseNet/of_scad_v23/checkpoints/v22_fixed/fold_4/seed_20260808/last.pt,yes,last,/home/infres/yinwang/denoiseNet_of_scad_v23/configs/of_scad_v23/v22_fixed.yaml,4,v22_fixed,956430,20260808,d4c120890a5b42a0c841e55fc77ad9181b0fd83e5600ac1008b286c8f488e256,15490176,935676,8500
