method,participant,rrmse_temporal,severity
V22_FIX_MATCH,sub-03,0.49940697862594213,medium
V22_FIX_MATCH,sub-05,0.17558781640214283,mild
V22_FIX_MATCH,sub-02,0.5219430521130562,medium
V22_FIX_MATCH,sub-02,5.086785570133564,severe
V22_FIX_MATCH,sub-05,1.0967616001227956,severe
V22_FIX_MATCH,sub-03,0.20123390471198646,mild
V22_FIX_MATCH,sub-05,0.4566628758249612,medium
V22_FIX_MATCH,sub-02,0.16317790915631658,mild
V22_FIX_MATCH,sub-03,1.0155077204909377,severe
V22_FIX_POP,sub-03,0.4770941479062592,medium
V22_FIX_POP,sub-05,0.16885998351463338,mild
V22_FIX_POP,sub-02,0.49610679944356284,medium
V22_FIX_POP,sub-02,5.07634172259375,severe
V22_FIX_POP,sub-05,0.9593541785940394,severe
V22_FIX_POP,sub-03,0.1793020407280237,mild
V22_FIX_POP,sub-05,0.42089439397570727,medium
V22_FIX_POP,sub-02,0.16085436107064394,mild
V22_FIX_POP,sub-03,1.0039989435544578,severe
V22_FIX_WRONG,sub-03,0.5025702328593642,medium
V22_FIX_WRONG,sub-05,0.18888139029307824,mild
V22_FIX_WRONG,sub-02,0.5244089980920156,medium
V22_FIX_WRONG,sub-02,5.080330028552417,severe
V22_FIX_WRONG,sub-05,0.9237060066278989,severe
V22_FIX_WRONG,sub-03,0.17554314619355638,mild
V22_FIX_WRONG,sub-05,0.4499930775371091,medium
V22_FIX_WRONG,sub-02,0.17525934115454897,mild
V22_FIX_WRONG,sub-03,1.1015882466429023,severe
OF_DET_MATCH,sub-03,0.4838421474452372,medium
OF_DET_MATCH,sub-05,0.21444536312735937,mild
OF_DET_MATCH,sub-02,0.5384430686632792,medium
OF_DET_MATCH,sub-02,5.003784501506377,severe
OF_DET_MATCH,sub-05,1.0846390240901227,severe
OF_DET_MATCH,sub-03,0.2127350035426303,mild
OF_DET_MATCH,sub-05,0.4384973658912483,medium
OF_DET_MATCH,sub-02,0.22824626736306916,mild
OF_DET_MATCH,sub-03,1.2050326312741924,severe
OF_DET_POP_SWAP,sub-03,0.5840833440974906,medium
OF_DET_POP_SWAP,sub-05,0.3099732631961852,mild
OF_DET_POP_SWAP,sub-02,0.6511748368541399,medium
OF_DET_POP_SWAP,sub-02,5.335812211267708,severe
OF_DET_POP_SWAP,sub-05,1.2771715221104323,severe
OF_DET_POP_SWAP,sub-03,0.2983034669954345,mild
OF_DET_POP_SWAP,sub-05,0.5316703847084921,medium
OF_DET_POP_SWAP,sub-02,0.2770538865926041,mild
OF_DET_POP_SWAP,sub-03,1.35908862339553,severe
OF_DET_WRONG_SWAP,sub-03,0.4996016073834013,medium
OF_DET_WRONG_SWAP,sub-05,0.23374630372191585,mild
OF_DET_WRONG_SWAP,sub-02,0.5200370773673058,medium
OF_DET_WRONG_SWAP,sub-02,5.320414271465567,severe
OF_DET_WRONG_SWAP,sub-05,1.1788857675887445,severe
OF_DET_WRONG_SWAP,sub-03,0.2422063627257299,mild
OF_DET_WRONG_SWAP,sub-05,0.47157936209234697,medium
OF_DET_WRONG_SWAP,sub-02,0.22198950955509278,mild
OF_DET_WRONG_SWAP,sub-03,1.2496227554736599,severe
POP_MARGINAL_DET,sub-03,0.4349885309735934,medium
POP_MARGINAL_DET,sub-05,0.14862736875494553,mild
POP_MARGINAL_DET,sub-02,0.4408847602705161,medium
POP_MARGINAL_DET,sub-02,5.137585011794585,severe
POP_MARGINAL_DET,sub-05,1.0901878822494198,severe
POP_MARGINAL_DET,sub-03,0.15290110075746668,mild
POP_MARGINAL_DET,sub-05,0.40359272079906244,medium
POP_MARGINAL_DET,sub-02,0.1546727395436506,mild
POP_MARGINAL_DET,sub-03,1.1136427383909944,severe
OF_SCAD_K1_MATCH,sub-03,0.4569586451958727,medium
OF_SCAD_K1_MATCH,sub-05,0.21778169417277327,mild
OF_SCAD_K1_MATCH,sub-02,0.5173710669080416,medium
OF_SCAD_K1_MATCH,sub-02,4.686493795971537,severe
OF_SCAD_K1_MATCH,sub-05,0.999738683840176,severe
OF_SCAD_K1_MATCH,sub-03,0.21668115991010586,mild
OF_SCAD_K1_MATCH,sub-05,0.422965999649859,medium
OF_SCAD_K1_MATCH,sub-02,0.2348902289922111,mild
OF_SCAD_K1_MATCH,sub-03,1.1512805226669516,severe
OF_SCAD_K1_POP_SWAP,sub-03,0.5841277873626461,medium
OF_SCAD_K1_POP_SWAP,sub-05,0.33949608615664545,mild
OF_SCAD_K1_POP_SWAP,sub-02,0.6519889156023662,medium
OF_SCAD_K1_POP_SWAP,sub-02,5.357340132543283,severe
OF_SCAD_K1_POP_SWAP,sub-05,1.2940915063157812,severe
OF_SCAD_K1_POP_SWAP,sub-03,0.3286291152974705,mild
OF_SCAD_K1_POP_SWAP,sub-05,0.545771252149823,medium
OF_SCAD_K1_POP_SWAP,sub-02,0.30070807876578276,mild
OF_SCAD_K1_POP_SWAP,sub-03,1.3370129395556705,severe
OF_SCAD_K1_WRONG_SWAP,sub-03,0.4757951016503352,medium
OF_SCAD_K1_WRONG_SWAP,sub-05,0.23977760908865306,mild
OF_SCAD_K1_WRONG_SWAP,sub-02,0.5039035546282927,medium
OF_SCAD_K1_WRONG_SWAP,sub-02,5.322715523169022,severe
OF_SCAD_K1_WRONG_SWAP,sub-05,1.129285318088961,severe
OF_SCAD_K1_WRONG_SWAP,sub-03,0.2573917460984286,mild
OF_SCAD_K1_WRONG_SWAP,sub-05,0.46523537272694465,medium
OF_SCAD_K1_WRONG_SWAP,sub-02,0.2265359393460451,mild
OF_SCAD_K1_WRONG_SWAP,sub-03,1.1917095991872972,severe
POP_MARGINAL_SCAD_K1,sub-03,0.43379374262359405,medium
POP_MARGINAL_SCAD_K1,sub-05,0.1612826263669214,mild
POP_MARGINAL_SCAD_K1,sub-02,0.44405422384540244,medium
POP_MARGINAL_SCAD_K1,sub-02,5.139637514140255,severe
POP_MARGINAL_SCAD_K1,sub-05,1.0927750664251343,severe
POP_MARGINAL_SCAD_K1,sub-03,0.16418858619268845,mild
POP_MARGINAL_SCAD_K1,sub-05,0.40795273445118435,medium
POP_MARGINAL_SCAD_K1,sub-02,0.16331734140583534,mild
POP_MARGINAL_SCAD_K1,sub-03,1.1040695335275383,severe
RAW,sub-03,0.6919780737823911,medium
RAW,sub-05,0.15923932783825454,mild
RAW,sub-02,0.7247706919908522,medium
RAW,sub-02,5.919698277185129,severe
RAW,sub-05,1.9275810557442743,severe
RAW,sub-03,0.16794272313860278,mild
RAW,sub-05,0.700919025930865,medium
RAW,sub-02,0.16161706220642055,mild
RAW,sub-03,2.0504391770209036,severe
STANDARD,sub-03,0.6919780737823911,medium
STANDARD,sub-05,0.15923932783825454,mild
STANDARD,sub-02,0.7247706919908522,medium
STANDARD,sub-02,5.919698277185129,severe
STANDARD,sub-05,1.9275810557442743,severe
STANDARD,sub-03,0.16794272313860278,mild
STANDARD,sub-05,0.700919025930865,medium
STANDARD,sub-02,0.16161706220642055,mild
STANDARD,sub-03,2.0504391770209036,severe
V22_FIX_MATCH,sub-07,0.5838697059401149,medium
V22_FIX_MATCH,sub-07,1.115805157770713,severe
V22_FIX_MATCH,sub-06,1.7901569935240484,severe
V22_FIX_MATCH,sub-07,0.18298841843273392,mild
V22_FIX_MATCH,sub-06,0.15909591117485736,mild
V22_FIX_MATCH,sub-06,0.4969252245766776,medium
V22_FIX_MATCH,sub-09,6.9030629819892475,severe
V22_FIX_MATCH,sub-09,0.1266615842283447,mild
V22_FIX_MATCH,sub-09,0.7872068462548433,medium
V22_FIX_POP,sub-07,0.6199009678829676,medium
V22_FIX_POP,sub-07,1.2175314494719107,severe
V22_FIX_POP,sub-06,1.974349203959916,severe
V22_FIX_POP,sub-07,0.1905341724138524,mild
V22_FIX_POP,sub-06,0.16310449794167653,mild
V22_FIX_POP,sub-06,0.5256046180214201,medium
V22_FIX_POP,sub-09,6.795695293832708,severe
V22_FIX_POP,sub-09,0.11729161521129687,mild
V22_FIX_POP,sub-09,0.7967901406464754,medium
V22_FIX_WRONG,sub-07,0.6180785322326353,medium
V22_FIX_WRONG,sub-07,1.1583542171865702,severe
V22_FIX_WRONG,sub-06,1.9023955743904262,severe
V22_FIX_WRONG,sub-07,0.19371667172853949,mild
V22_FIX_WRONG,sub-06,0.16717405028641222,mild
V22_FIX_WRONG,sub-06,0.5149548171531587,medium
V22_FIX_WRONG,sub-09,6.781492276223822,severe
V22_FIX_WRONG,sub-09,0.13301659328188153,mild
V22_FIX_WRONG,sub-09,0.7933171965457775,medium
OF_DET_MATCH,sub-07,0.5613105019618726,medium
OF_DET_MATCH,sub-07,1.176531784857313,severe
OF_DET_MATCH,sub-06,1.5814056923223097,severe
OF_DET_MATCH,sub-07,0.21142171707339166,mild
OF_DET_MATCH,sub-06,0.1852741547425588,mild
OF_DET_MATCH,sub-06,0.47010532873017447,medium
OF_DET_MATCH,sub-09,7.645003180311183,severe
OF_DET_MATCH,sub-09,0.21555643013098102,mild
OF_DET_MATCH,sub-09,0.786700994880111,medium
OF_DET_POP_SWAP,sub-07,0.6619817648810901,medium
OF_DET_POP_SWAP,sub-07,1.3637980570395787,severe
OF_DET_POP_SWAP,sub-06,2.1671449722245684,severe
OF_DET_POP_SWAP,sub-07,0.3124847478801838,mild
OF_DET_POP_SWAP,sub-06,0.25978177631894744,mild
OF_DET_POP_SWAP,sub-06,0.594938975572586,medium
OF_DET_POP_SWAP,sub-09,6.75471651895279,severe
OF_DET_POP_SWAP,sub-09,0.2586677772384407,mild
OF_DET_POP_SWAP,sub-09,0.8126593673670733,medium
OF_DET_WRONG_SWAP,sub-07,0.5899963026074158,medium
OF_DET_WRONG_SWAP,sub-07,1.2250946139295895,severe
OF_DET_WRONG_SWAP,sub-06,2.176001207311024,severe
OF_DET_WRONG_SWAP,sub-07,0.2334843208518033,mild
OF_DET_WRONG_SWAP,sub-06,0.19520491771399975,mild
OF_DET_WRONG_SWAP,sub-06,0.5428200960159302,medium
OF_DET_WRONG_SWAP,sub-09,6.771535139994991,severe
OF_DET_WRONG_SWAP,sub-09,0.18340375959414287,mild
OF_DET_WRONG_SWAP,sub-09,0.7514721409038261,medium
POP_MARGINAL_DET,sub-07,0.5539640462261507,medium
POP_MARGINAL_DET,sub-07,1.15077060709397,severe
POP_MARGINAL_DET,sub-06,1.7872406392134437,severe
POP_MARGINAL_DET,sub-07,0.17917739591571724,mild
POP_MARGINAL_DET,sub-06,0.14443609109769265,mild
POP_MARGINAL_DET,sub-06,0.4741042203846432,medium
POP_MARGINAL_DET,sub-09,6.753455197269266,severe
POP_MARGINAL_DET,sub-09,0.12985996558816862,mild
POP_MARGINAL_DET,sub-09,0.7283416567025361,medium
OF_SCAD_K1_MATCH,sub-07,0.5879002977376696,medium
OF_SCAD_K1_MATCH,sub-07,1.2005459765593212,severe
OF_SCAD_K1_MATCH,sub-06,1.5571105815181436,severe
OF_SCAD_K1_MATCH,sub-07,0.26554565060158236,mild
OF_SCAD_K1_MATCH,sub-06,0.22731568145255246,mild
OF_SCAD_K1_MATCH,sub-06,0.5170581359238852,medium
OF_SCAD_K1_MATCH,sub-09,7.419889674644277,severe
OF_SCAD_K1_MATCH,sub-09,0.3050458280612593,mild
OF_SCAD_K1_MATCH,sub-09,0.8207563967616469,medium
OF_SCAD_K1_POP_SWAP,sub-07,0.7476858729603647,medium
OF_SCAD_K1_POP_SWAP,sub-07,1.4573662367959817,severe
OF_SCAD_K1_POP_SWAP,sub-06,2.2649489594984424,severe
OF_SCAD_K1_POP_SWAP,sub-07,0.40361605922269467,mild
OF_SCAD_K1_POP_SWAP,sub-06,0.33205837001403177,mild
OF_SCAD_K1_POP_SWAP,sub-06,0.6748976784093039,medium
OF_SCAD_K1_POP_SWAP,sub-09,6.711592912874639,severe
OF_SCAD_K1_POP_SWAP,sub-09,0.35942318997737294,mild
OF_SCAD_K1_POP_SWAP,sub-09,0.8663979371388754,medium
OF_SCAD_K1_WRONG_SWAP,sub-07,0.6147177949033934,medium
OF_SCAD_K1_WRONG_SWAP,sub-07,1.2446924702574809,severe
OF_SCAD_K1_WRONG_SWAP,sub-06,2.333531376003295,severe
OF_SCAD_K1_WRONG_SWAP,sub-07,0.3058141340965524,mild
OF_SCAD_K1_WRONG_SWAP,sub-06,0.24249825411786638,mild
OF_SCAD_K1_WRONG_SWAP,sub-06,0.6438016752401987,medium
OF_SCAD_K1_WRONG_SWAP,sub-09,6.715691343301073,severe
OF_SCAD_K1_WRONG_SWAP,sub-09,0.2566277759919024,mild
OF_SCAD_K1_WRONG_SWAP,sub-09,0.770063923464881,medium
POP_MARGINAL_SCAD_K1,sub-07,0.5493251177771338,medium
POP_MARGINAL_SCAD_K1,sub-07,1.1345898260672886,severe
POP_MARGINAL_SCAD_K1,sub-06,1.7758788963158925,severe
POP_MARGINAL_SCAD_K1,sub-07,0.19350064855264257,mild
POP_MARGINAL_SCAD_K1,sub-06,0.15466402639324464,mild
POP_MARGINAL_SCAD_K1,sub-06,0.4728500892718633,medium
POP_MARGINAL_SCAD_K1,sub-09,6.73037818064192,severe
POP_MARGINAL_SCAD_K1,sub-09,0.14920299674343804,mild
POP_MARGINAL_SCAD_K1,sub-09,0.7244782977634006,medium
RAW,sub-07,0.7378139495849609,medium
RAW,sub-07,1.8737432658672333,severe
RAW,sub-06,3.3314195233722064,severe
RAW,sub-07,0.17101983357550513,mild
RAW,sub-06,0.16807947461493314,mild
RAW,sub-06,0.7287216288702828,medium
RAW,sub-09,6.951867027716204,severe
RAW,sub-09,0.10114303188722419,mild
RAW,sub-09,0.8019104997316996,medium
STANDARD,sub-07,0.7378139495849609,medium
STANDARD,sub-07,1.8737432658672333,severe
STANDARD,sub-06,3.3314195233722064,severe
STANDARD,sub-07,0.17101983357550513,mild
STANDARD,sub-06,0.16807947461493314,mild
STANDARD,sub-06,0.7287216288702828,medium
STANDARD,sub-09,6.951867027716204,severe
STANDARD,sub-09,0.10114303188722419,mild
STANDARD,sub-09,0.8019104997316996,medium
V22_FIX_MATCH,sub-14,0.1314711662864229,mild
V22_FIX_MATCH,sub-11,1.7751217236121495,severe
V22_FIX_MATCH,sub-11,0.6017896050214767,medium
V22_FIX_MATCH,sub-12,3.4826341678698856,severe
V22_FIX_MATCH,sub-12,0.1374953822320771,mild
V22_FIX_MATCH,sub-14,1.342988861259073,severe
V22_FIX_MATCH,sub-11,0.19604974921413199,mild
V22_FIX_MATCH,sub-12,0.5976861723159489,medium
V22_FIX_MATCH,sub-14,0.5419491425608144,medium
V22_FIX_POP,sub-14,0.1408237905359702,mild
V22_FIX_POP,sub-11,1.782710740963618,severe
V22_FIX_POP,sub-11,0.5808185827732086,medium
V22_FIX_POP,sub-12,3.4685753246148425,severe
V22_FIX_POP,sub-12,0.14389972238148951,mild
V22_FIX_POP,sub-14,1.5139361447654665,severe
V22_FIX_POP,sub-11,0.18968806081381306,mild
V22_FIX_POP,sub-12,0.5989239670728382,medium
V22_FIX_POP,sub-14,0.6019263746160449,medium
V22_FIX_WRONG,sub-14,0.13349759476189849,mild
V22_FIX_WRONG,sub-11,1.6987093798816204,severe
V22_FIX_WRONG,sub-11,0.5947269582748413,medium
V22_FIX_WRONG,sub-12,3.4960859090089804,severe
V22_FIX_WRONG,sub-12,0.12666385698126803,mild
V22_FIX_WRONG,sub-14,1.3852536040358245,severe
V22_FIX_WRONG,sub-11,0.1804266224634413,mild
V22_FIX_WRONG,sub-12,0.6066028946324399,medium
V22_FIX_WRONG,sub-14,0.5370677574114366,medium
OF_DET_MATCH,sub-14,0.17982771406089193,mild
OF_DET_MATCH,sub-11,1.993706464767456,severe
OF_DET_MATCH,sub-11,0.5575881596406301,medium
OF_DET_MATCH,sub-12,2.8529245889849135,severe
OF_DET_MATCH,sub-12,0.19444133716729262,mild
OF_DET_MATCH,sub-14,1.4568357025273144,severe
OF_DET_MATCH,sub-11,0.2164087939888375,mild
OF_DET_MATCH,sub-12,0.5596558519622735,medium
OF_DET_MATCH,sub-14,0.5001921605582189,medium
OF_DET_POP_SWAP,sub-14,0.25170659431399994,mild
OF_DET_POP_SWAP,sub-11,1.9432150502171783,severe
OF_DET_POP_SWAP,sub-11,0.622351795832316,medium
OF_DET_POP_SWAP,sub-12,3.437055938773685,severe
OF_DET_POP_SWAP,sub-12,0.22529107086403774,mild
OF_DET_POP_SWAP,sub-14,1.692847269276778,severe
OF_DET_POP_SWAP,sub-11,0.24720959402790896,mild
OF_DET_POP_SWAP,sub-12,0.6099340424203036,medium
OF_DET_POP_SWAP,sub-14,0.6045040352778002,medium
OF_DET_WRONG_SWAP,sub-14,0.18443444995811922,mild
OF_DET_WRONG_SWAP,sub-11,1.8780079931020737,severe
OF_DET_WRONG_SWAP,sub-11,0.5815637946128844,medium
OF_DET_WRONG_SWAP,sub-12,3.429037081864145,severe
OF_DET_WRONG_SWAP,sub-12,0.19655099976807833,mild
OF_DET_WRONG_SWAP,sub-14,1.6743579463412364,severe
OF_DET_WRONG_SWAP,sub-11,0.1978858142164132,mild
OF_DET_WRONG_SWAP,sub-12,0.5608555810493335,medium
OF_DET_WRONG_SWAP,sub-14,0.533116737700472,medium
POP_MARGINAL_DET,sub-14,0.13974845230426472,mild
POP_MARGINAL_DET,sub-11,1.7626075028545325,severe
POP_MARGINAL_DET,sub-11,0.5385662666956584,medium
POP_MARGINAL_DET,sub-12,3.252311713827981,severe
POP_MARGINAL_DET,sub-12,0.1376396709035129,mild
POP_MARGINAL_DET,sub-14,1.5217763814143836,severe
POP_MARGINAL_DET,sub-11,0.16840570294787283,mild
POP_MARGINAL_DET,sub-12,0.5152397249874315,medium
POP_MARGINAL_DET,sub-14,0.5115056766404046,medium
OF_SCAD_K1_MATCH,sub-14,0.236225975936844,mild
OF_SCAD_K1_MATCH,sub-11,2.0794659223821426,severe
OF_SCAD_K1_MATCH,sub-11,0.6041808287302654,medium
OF_SCAD_K1_MATCH,sub-12,2.7784529828362996,severe
OF_SCAD_K1_MATCH,sub-12,0.2505525391433359,mild
OF_SCAD_K1_MATCH,sub-14,1.5092589020108182,severe
OF_SCAD_K1_MATCH,sub-11,0.26539326925255935,mild
OF_SCAD_K1_MATCH,sub-12,0.5960432657024316,medium
OF_SCAD_K1_MATCH,sub-14,0.540694441157158,medium
OF_SCAD_K1_POP_SWAP,sub-14,0.5378838726759549,mild
OF_SCAD_K1_POP_SWAP,sub-11,2.1833612852626376,severe
OF_SCAD_K1_POP_SWAP,sub-11,0.9487928855419159,medium
OF_SCAD_K1_POP_SWAP,sub-12,3.6973417040374543,severe
OF_SCAD_K1_POP_SWAP,sub-12,0.4184223117826636,mild
OF_SCAD_K1_POP_SWAP,sub-14,2.0132355879371366,severe
OF_SCAD_K1_POP_SWAP,sub-11,0.48113916821131425,mild
OF_SCAD_K1_POP_SWAP,sub-12,0.8770170802609961,medium
OF_SCAD_K1_POP_SWAP,sub-14,0.9210081281084003,medium
OF_SCAD_K1_WRONG_SWAP,sub-14,0.23804536487777436,mild
OF_SCAD_K1_WRONG_SWAP,sub-11,1.9311619607938662,severe
OF_SCAD_K1_WRONG_SWAP,sub-11,0.6192810499668121,medium
OF_SCAD_K1_WRONG_SWAP,sub-12,3.5308873289161262,severe
OF_SCAD_K1_WRONG_SWAP,sub-12,0.23841402414002158,mild
OF_SCAD_K1_WRONG_SWAP,sub-14,1.7084356422225635,severe
OF_SCAD_K1_WRONG_SWAP,sub-11,0.24042966233387794,mild
OF_SCAD_K1_WRONG_SWAP,sub-12,0.5931659178775653,medium
OF_SCAD_K1_WRONG_SWAP,sub-14,0.5694730444387957,medium
POP_MARGINAL_SCAD_K1,sub-14,0.15065244656051532,mild
POP_MARGINAL_SCAD_K1,sub-11,1.7302048032482464,severe
POP_MARGINAL_SCAD_K1,sub-11,0.53937886317571,medium
POP_MARGINAL_SCAD_K1,sub-12,3.2070203247997497,severe
POP_MARGINAL_SCAD_K1,sub-12,0.14595350104405783,mild
POP_MARGINAL_SCAD_K1,sub-14,1.5213824049569666,severe
POP_MARGINAL_SCAD_K1,sub-11,0.17664959067989092,mild
POP_MARGINAL_SCAD_K1,sub-12,0.5076293422464738,medium
POP_MARGINAL_SCAD_K1,sub-14,0.5102258128951295,medium
RAW,sub-14,0.1296140207394735,mild
RAW,sub-11,2.440774030983448,severe
RAW,sub-11,0.7383527183532714,medium
RAW,sub-12,4.603556235631307,severe
RAW,sub-12,0.1383679761269758,mild
RAW,sub-14,2.6258188914507627,severe
RAW,sub-11,0.18573178695387219,mild
RAW,sub-12,0.7532487072442707,medium
RAW,sub-14,0.7564883358550795,medium
STANDARD,sub-14,0.1296140207394735,mild
STANDARD,sub-11,2.440774030983448,severe
STANDARD,sub-11,0.7383527183532714,medium
STANDARD,sub-12,4.603556235631307,severe
STANDARD,sub-12,0.1383679761269758,mild
STANDARD,sub-14,2.6258188914507627,severe
STANDARD,sub-11,0.18573178695387219,mild
STANDARD,sub-12,0.7532487072442707,medium
STANDARD,sub-14,0.7564883358550795,medium
V22_FIX_MATCH,sub-18,1.36538519348417,severe
V22_FIX_MATCH,sub-15,0.15548964311980296,mild
V22_FIX_MATCH,sub-17,0.1842245820166898,mild
V22_FIX_MATCH,sub-17,0.5829064026474953,medium
V22_FIX_MATCH,sub-15,0.562895602193372,medium
V22_FIX_MATCH,sub-17,1.2884478637150356,severe
V22_FIX_MATCH,sub-18,0.5909999112288157,medium
V22_FIX_MATCH,sub-18,0.19998404782255305,mild
V22_FIX_MATCH,sub-15,2.827264040708542,severe
V22_FIX_POP,sub-18,1.459431996515819,severe
V22_FIX_POP,sub-15,0.16326795756699047,mild
V22_FIX_POP,sub-17,0.18533649405220612,mild
V22_FIX_POP,sub-17,0.5888998091220856,medium
V22_FIX_POP,sub-15,0.5472251690667251,medium
V22_FIX_POP,sub-17,1.3193226150103978,severe
V22_FIX_POP,sub-18,0.6182334137459596,medium
V22_FIX_POP,sub-18,0.19313482200959697,mild
V22_FIX_POP,sub-15,2.8351104706525803,severe
V22_FIX_WRONG,sub-18,1.41039120384625,severe
V22_FIX_WRONG,sub-15,0.16999515969480153,mild
V22_FIX_WRONG,sub-17,0.18894218697013068,mild
V22_FIX_WRONG,sub-17,0.5855399290720622,medium
V22_FIX_WRONG,sub-15,0.5597657253002298,medium
V22_FIX_WRONG,sub-17,1.3323224714824131,severe
V22_FIX_WRONG,sub-18,0.5893068884809812,medium
V22_FIX_WRONG,sub-18,0.187084168375409,mild
V22_FIX_WRONG,sub-15,2.8200804320248687,severe
OF_DET_MATCH,sub-18,1.6931267539660135,severe
OF_DET_MATCH,sub-15,0.2717138134601365,mild
OF_DET_MATCH,sub-17,0.28365112208421267,mild
OF_DET_MATCH,sub-17,0.6657396617862914,medium
OF_DET_MATCH,sub-15,0.6146597670412612,medium
OF_DET_MATCH,sub-17,1.6335303692590621,severe
OF_DET_MATCH,sub-18,0.6482040584087372,medium
OF_DET_MATCH,sub-18,0.2913594417597936,mild
OF_DET_MATCH,sub-15,2.9314161006248356,severe
OF_DET_POP_SWAP,sub-18,1.8313353107089088,severe
OF_DET_POP_SWAP,sub-15,0.3318502680514472,mild
OF_DET_POP_SWAP,sub-17,0.34633469099090214,mild
OF_DET_POP_SWAP,sub-17,0.7265210035774444,medium
OF_DET_POP_SWAP,sub-15,0.6562128813787438,medium
OF_DET_POP_SWAP,sub-17,1.6492720433643886,severe
OF_DET_POP_SWAP,sub-18,0.7033830504450532,medium
OF_DET_POP_SWAP,sub-18,0.34097169937143,mild
OF_DET_POP_SWAP,sub-15,3.0057339568932853,severe
OF_DET_WRONG_SWAP,sub-18,1.8388032260395233,severe
OF_DET_WRONG_SWAP,sub-15,0.3028961104531604,mild
OF_DET_WRONG_SWAP,sub-17,0.291894172049231,mild
OF_DET_WRONG_SWAP,sub-17,0.6630306472380956,medium
OF_DET_WRONG_SWAP,sub-15,0.6201888963408854,medium
OF_DET_WRONG_SWAP,sub-17,1.6459588419823419,severe
OF_DET_WRONG_SWAP,sub-18,0.6592825895382298,medium
OF_DET_WRONG_SWAP,sub-18,0.2854315000203785,mild
OF_DET_WRONG_SWAP,sub-15,3.003817673885461,severe
POP_MARGINAL_DET,sub-18,1.493514272428694,severe
POP_MARGINAL_DET,sub-15,0.14237521639482742,mild
POP_MARGINAL_DET,sub-17,0.16017740989355223,mild
POP_MARGINAL_DET,sub-17,0.5128102057509952,medium
POP_MARGINAL_DET,sub-15,0.4672236504225895,medium
POP_MARGINAL_DET,sub-17,1.3537507817858743,severe
POP_MARGINAL_DET,sub-18,0.5236675230165323,medium
POP_MARGINAL_DET,sub-18,0.15833640442081334,mild
POP_MARGINAL_DET,sub-15,2.8317764699459076,severe
OF_SCAD_K1_MATCH,sub-18,1.641519844532013,severe
OF_SCAD_K1_MATCH,sub-15,0.3062459476755925,mild
OF_SCAD_K1_MATCH,sub-17,0.3399170445426116,mild
OF_SCAD_K1_MATCH,sub-17,0.6566353099213705,medium
OF_SCAD_K1_MATCH,sub-15,0.5920383621906412,medium
OF_SCAD_K1_MATCH,sub-17,1.530543471518017,severe
OF_SCAD_K1_MATCH,sub-18,0.660850488477283,medium
OF_SCAD_K1_MATCH,sub-18,0.3478528609688299,mild
OF_SCAD_K1_MATCH,sub-15,2.8808228825077866,severe
OF_SCAD_K1_POP_SWAP,sub-18,1.7947925624393282,severe
OF_SCAD_K1_POP_SWAP,sub-15,0.3997271248779024,mild
OF_SCAD_K1_POP_SWAP,sub-17,0.4354983254971485,mild
OF_SCAD_K1_POP_SWAP,sub-17,0.7816969944371118,medium
OF_SCAD_K1_POP_SWAP,sub-15,0.6805984124370005,medium
OF_SCAD_K1_POP_SWAP,sub-17,1.5967245510646277,severe
OF_SCAD_K1_POP_SWAP,sub-18,0.743384645630916,medium
OF_SCAD_K1_POP_SWAP,sub-18,0.40591411285354323,mild
OF_SCAD_K1_POP_SWAP,sub-15,2.982743301174857,severe
OF_SCAD_K1_WRONG_SWAP,sub-18,1.7696291248003642,severe
OF_SCAD_K1_WRONG_SWAP,sub-15,0.37395360978342684,mild
OF_SCAD_K1_WRONG_SWAP,sub-17,0.362200169590494,mild
OF_SCAD_K1_WRONG_SWAP,sub-17,0.6670795841349496,medium
OF_SCAD_K1_WRONG_SWAP,sub-15,0.6328321469241175,medium
OF_SCAD_K1_WRONG_SWAP,sub-17,1.5921754837036133,severe
OF_SCAD_K1_WRONG_SWAP,sub-18,0.6780872899625036,medium
OF_SCAD_K1_WRONG_SWAP,sub-18,0.3370043594606113,mild
OF_SCAD_K1_WRONG_SWAP,sub-15,2.9876286884148917,severe
POP_MARGINAL_SCAD_K1,sub-18,1.4886832995074135,severe
POP_MARGINAL_SCAD_K1,sub-15,0.15907213308691348,mild
POP_MARGINAL_SCAD_K1,sub-17,0.17529613852855705,mild
POP_MARGINAL_SCAD_K1,sub-17,0.518459709154235,medium
POP_MARGINAL_SCAD_K1,sub-15,0.46919115778358506,medium
POP_MARGINAL_SCAD_K1,sub-17,1.3503557960192365,severe
POP_MARGINAL_SCAD_K1,sub-18,0.5204208311107424,medium
POP_MARGINAL_SCAD_K1,sub-18,0.17513212188178504,mild
POP_MARGINAL_SCAD_K1,sub-15,2.8336318866773085,severe
RAW,sub-18,2.3805611882890974,severe
RAW,sub-15,0.15328772722025324,mild
RAW,sub-17,0.19073440042501763,mild
RAW,sub-17,0.7313345313072205,medium
RAW,sub-15,0.7039557428195559,medium
RAW,sub-17,2.118095830508641,severe
RAW,sub-18,0.7071761911114057,medium
RAW,sub-18,0.17441275367594286,mild
RAW,sub-15,3.1584025133739817,severe
STANDARD,sub-18,2.3805611882890974,severe
STANDARD,sub-15,0.15328772722025324,mild
STANDARD,sub-17,0.19073440042501763,mild
STANDARD,sub-17,0.7313345313072205,medium
STANDARD,sub-15,0.7039557428195559,medium
STANDARD,sub-17,2.118095830508641,severe
STANDARD,sub-18,0.7071761911114057,medium
STANDARD,sub-18,0.17441275367594286,mild
STANDARD,sub-15,3.1584025133739817,severe
V22_FIX_MATCH,sub-21,0.15466607087709677,mild
V22_FIX_MATCH,sub-19,0.47744675832135336,medium
V22_FIX_MATCH,sub-21,1.390826187836818,severe
V22_FIX_MATCH,sub-19,0.18069208969604478,mild
V22_FIX_MATCH,sub-23,0.1678943743395126,mild
V22_FIX_MATCH,sub-23,1.14134287930304,severe
V22_FIX_MATCH,sub-23,0.5528177917003632,medium
V22_FIX_MATCH,sub-19,3.609565163983239,severe
V22_FIX_MATCH,sub-21,0.5028525482003505,medium
V22_FIX_POP,sub-21,0.15744579235055986,mild
V22_FIX_POP,sub-19,0.5085551227842059,medium
V22_FIX_POP,sub-21,1.4728467410955675,severe
V22_FIX_POP,sub-19,0.17636862636403475,mild
V22_FIX_POP,sub-23,0.16717189346330566,mild
V22_FIX_POP,sub-23,1.1545319461053418,severe
V22_FIX_POP,sub-23,0.5598496583600839,medium
V22_FIX_POP,sub-19,3.8093916383054522,severe
V22_FIX_POP,sub-21,0.5197625905275345,medium
V22_FIX_WRONG,sub-21,0.15320731175597757,mild
V22_FIX_WRONG,sub-19,0.527991133076804,medium
V22_FIX_WRONG,sub-21,1.4897356423047874,severe
V22_FIX_WRONG,sub-19,0.18316185850114242,mild
V22_FIX_WRONG,sub-23,0.1800177420293182,mild
V22_FIX_WRONG,sub-23,1.153132131984157,severe
V22_FIX_WRONG,sub-23,0.5454949289560318,medium
V22_FIX_WRONG,sub-19,3.684685641527176,severe
V22_FIX_WRONG,sub-21,0.5230939611792564,medium
OF_DET_MATCH,sub-21,0.1873078519780921,mild
OF_DET_MATCH,sub-19,0.46642934779326123,medium
OF_DET_MATCH,sub-21,1.5840977781858199,severe
OF_DET_MATCH,sub-19,0.20331815090966007,mild
OF_DET_MATCH,sub-23,0.20115877496796886,mild
OF_DET_MATCH,sub-23,1.1375794526069394,severe
OF_DET_MATCH,sub-23,0.49316091607842183,medium
OF_DET_MATCH,sub-19,4.538101823683138,severe
OF_DET_MATCH,sub-21,0.4879247769713402,medium
OF_DET_POP_SWAP,sub-21,0.2761547410717377,mild
OF_DET_POP_SWAP,sub-19,0.6028327686446054,medium
OF_DET_POP_SWAP,sub-21,1.7423913764138508,severe
OF_DET_POP_SWAP,sub-19,0.2980211654924639,mild
OF_DET_POP_SWAP,sub-23,0.27576188192234125,mild
OF_DET_POP_SWAP,sub-23,1.378656480901985,severe
OF_DET_POP_SWAP,sub-23,0.5914049338963298,medium
OF_DET_POP_SWAP,sub-19,3.776317264857115,severe
OF_DET_POP_SWAP,sub-21,0.5763501807665213,medium
OF_DET_WRONG_SWAP,sub-21,0.17730204737944225,mild
OF_DET_WRONG_SWAP,sub-19,0.5182899910779226,medium
OF_DET_WRONG_SWAP,sub-21,1.6405862439901402,severe
OF_DET_WRONG_SWAP,sub-19,0.21143644483394275,mild
OF_DET_WRONG_SWAP,sub-23,0.20438957462708154,mild
OF_DET_WRONG_SWAP,sub-23,1.3125011517155556,severe
OF_DET_WRONG_SWAP,sub-23,0.5068669550948672,medium
OF_DET_WRONG_SWAP,sub-19,3.9677300561357427,severe
OF_DET_WRONG_SWAP,sub-21,0.5374059631274296,medium
POP_MARGINAL_DET,sub-21,0.14518927266765544,mild
POP_MARGINAL_DET,sub-19,0.44754457757586524,medium
POP_MARGINAL_DET,sub-21,1.4993737699129641,severe
POP_MARGINAL_DET,sub-19,0.16437161833762307,mild
POP_MARGINAL_DET,sub-23,0.14991237994380832,mild
POP_MARGINAL_DET,sub-23,1.1688630850084365,severe
POP_MARGINAL_DET,sub-23,0.48325048118001884,medium
POP_MARGINAL_DET,sub-19,3.8524404647173704,severe
POP_MARGINAL_DET,sub-21,0.46900261078889555,medium
OF_SCAD_K1_MATCH,sub-21,0.28036633909194386,mild
OF_SCAD_K1_MATCH,sub-19,0.5099365320943651,medium
OF_SCAD_K1_MATCH,sub-21,1.758341570949962,severe
OF_SCAD_K1_MATCH,sub-19,0.30660251672613564,mild
OF_SCAD_K1_MATCH,sub-23,0.28365837115477893,mild
OF_SCAD_K1_MATCH,sub-23,1.2129295362580208,severe
OF_SCAD_K1_MATCH,sub-23,0.553031242142121,medium
OF_SCAD_K1_MATCH,sub-19,4.1164731484872314,severe
OF_SCAD_K1_MATCH,sub-21,0.5355260215508633,medium
OF_SCAD_K1_POP_SWAP,sub-21,0.43182299384831363,mild
OF_SCAD_K1_POP_SWAP,sub-19,0.7317807057074138,medium
OF_SCAD_K1_POP_SWAP,sub-21,2.067509990981501,severe
OF_SCAD_K1_POP_SWAP,sub-19,0.46953572295436036,mild
OF_SCAD_K1_POP_SWAP,sub-23,0.4440470222091559,mild
OF_SCAD_K1_POP_SWAP,sub-23,1.782662760826849,severe
OF_SCAD_K1_POP_SWAP,sub-23,0.7582328779002031,medium
OF_SCAD_K1_POP_SWAP,sub-19,3.832192597124312,severe
OF_SCAD_K1_POP_SWAP,sub-21,0.7340635366928883,medium
OF_SCAD_K1_WRONG_SWAP,sub-21,0.2595676449963297,mild
OF_SCAD_K1_WRONG_SWAP,sub-19,0.5826022334042049,medium
OF_SCAD_K1_WRONG_SWAP,sub-21,1.68591276753662,severe
OF_SCAD_K1_WRONG_SWAP,sub-19,0.291928743458774,mild
OF_SCAD_K1_WRONG_SWAP,sub-23,0.29520076905906784,mild
OF_SCAD_K1_WRONG_SWAP,sub-23,1.4188386471040788,severe
OF_SCAD_K1_WRONG_SWAP,sub-23,0.5529322106805113,medium
OF_SCAD_K1_WRONG_SWAP,sub-19,4.046875811064685,severe
OF_SCAD_K1_WRONG_SWAP,sub-21,0.5888954271108676,medium
POP_MARGINAL_SCAD_K1,sub-21,0.16017978373142835,mild
POP_MARGINAL_SCAD_K1,sub-19,0.4520160243624733,medium
POP_MARGINAL_SCAD_K1,sub-21,1.4960344762374194,severe
POP_MARGINAL_SCAD_K1,sub-19,0.1829257605758976,mild
POP_MARGINAL_SCAD_K1,sub-23,0.16571593568264661,mild
POP_MARGINAL_SCAD_K1,sub-23,1.163381372087745,severe
POP_MARGINAL_SCAD_K1,sub-23,0.48757945332262254,medium
POP_MARGINAL_SCAD_K1,sub-19,3.854356524017122,severe
POP_MARGINAL_SCAD_K1,sub-21,0.47430054747905487,medium
RAW,sub-21,0.15082990681716743,mild
RAW,sub-19,0.6994997092655727,medium
RAW,sub-21,2.519147964624258,severe
RAW,sub-19,0.17604011297225952,mild
RAW,sub-23,0.17110197036070565,mild
RAW,sub-23,1.898897009511148,severe
RAW,sub-23,0.6640188544988632,medium
RAW,sub-19,4.383462651570638,severe
RAW,sub-21,0.7175042927265167,medium
STANDARD,sub-21,0.15082990681716743,mild
STANDARD,sub-19,0.6994997092655727,medium
STANDARD,sub-21,2.519147964624258,severe
STANDARD,sub-19,0.17604011297225952,mild
STANDARD,sub-23,0.17110197036070565,mild
STANDARD,sub-23,1.898897009511148,severe
STANDARD,sub-23,0.6640188544988632,medium
STANDARD,sub-19,4.383462651570638,severe
STANDARD,sub-21,0.7175042927265167,medium
