row_type,contrast,metric,participant,utility,positive,participant_mean_utility,participant_median_utility,positive_count,participants,bootstrap_low,bootstrap_high
participant,MATCH-POP,rrmse_temporal,sub-02,0.0093065935507183,1,,,,,,
participant,MATCH-POP,rrmse_temporal,sub-03,-0.0110681702499277,0,,,,,,
participant,MATCH-POP,rrmse_temporal,sub-05,-0.001492537849117,0,,,,,,
participant,MATCH-POP,rrmse_temporal,sub-06,-0.0087760973547119,0,,,,,,
participant,MATCH-POP,rrmse_temporal,sub-07,-0.0100218952102295,0,,,,,,
participant,MATCH-POP,rrmse_temporal,sub-09,0.0307459920586552,1,,,,,,
participant,MATCH-POP,rrmse_temporal,sub-11,-0.0022017737101123,0,,,,,,
participant,MATCH-POP,rrmse_temporal,sub-12,-0.0106069774192292,0,,,,,,
participant,MATCH-POP,rrmse_temporal,sub-14,0.0002232616679975,1,,,,,,
participant,MATCH-POP,rrmse_temporal,sub-15,0.0051430256862659,1,,,,,,
participant,MATCH-POP,rrmse_temporal,sub-17,0.0084597212262451,1,,,,,,
participant,MATCH-POP,rrmse_temporal,sub-18,-0.0171340015367604,0,,,,,,
participant,MATCH-POP,rrmse_temporal,sub-19,0.0009296203643316,1,,,,,,
participant,MATCH-POP,rrmse_temporal,sub-21,0.0053196309600025,1,,,,,,
participant,MATCH-POP,rrmse_temporal,sub-23,0.0007718124543316,1,,,,,,
participant,MATCH-POP,rrmse_spectral,sub-02,0.0028486453520599,1,,,,,,
participant,MATCH-POP,rrmse_spectral,sub-03,-0.0046802802244201,0,,,,,,
participant,MATCH-POP,rrmse_spectral,sub-05,0.0059695103554986,1,,,,,,
participant,MATCH-POP,rrmse_spectral,sub-06,-0.0101589107071049,0,,,,,,
participant,MATCH-POP,rrmse_spectral,sub-07,-0.0025309903285233,0,,,,,,
participant,MATCH-POP,rrmse_spectral,sub-09,0.0100236035068519,1,,,,,,
participant,MATCH-POP,rrmse_spectral,sub-11,-0.0013332876260392,0,,,,,,
participant,MATCH-POP,rrmse_spectral,sub-12,-0.0031091085402294,0,,,,,,
participant,MATCH-POP,rrmse_spectral,sub-14,0.0002329159760847,1,,,,,,
participant,MATCH-POP,rrmse_spectral,sub-15,-0.0002468141028657,0,,,,,,
participant,MATCH-POP,rrmse_spectral,sub-17,0.0087334883864969,1,,,,,,
participant,MATCH-POP,rrmse_spectral,sub-18,-0.0151802754262462,0,,,,,,
participant,MATCH-POP,rrmse_spectral,sub-19,-0.0017493292689323,0,,,,,,
participant,MATCH-POP,rrmse_spectral,sub-21,0.001984242349863,1,,,,,,
participant,MATCH-POP,rrmse_spectral,sub-23,0.0003420914290472,1,,,,,,
participant,MATCH-POP,correlation,sub-02,0.0016511594876646,1,,,,,,
participant,MATCH-POP,correlation,sub-03,-0.0035171210765838,0,,,,,,
participant,MATCH-POP,correlation,sub-05,-0.000652689486742,0,,,,,,
participant,MATCH-POP,correlation,sub-06,-0.0037522539496421,0,,,,,,
participant,MATCH-POP,correlation,sub-07,-0.0029494799673557,0,,,,,,
participant,MATCH-POP,correlation,sub-09,0.0087012541480362,1,,,,,,
participant,MATCH-POP,correlation,sub-11,-0.00026261433959,0,,,,,,
participant,MATCH-POP,correlation,sub-12,-0.0053913481533527,0,,,,,,
participant,MATCH-POP,correlation,sub-14,0.0002579949796199,1,,,,,,
participant,MATCH-POP,correlation,sub-15,0.0015534022822976,1,,,,,,
participant,MATCH-POP,correlation,sub-17,0.0046317987143993,1,,,,,,
participant,MATCH-POP,correlation,sub-18,-0.0055715218186378,0,,,,,,
participant,MATCH-POP,correlation,sub-19,0.0003441572189331,1,,,,,,
participant,MATCH-POP,correlation,sub-21,0.0028100050985813,1,,,,,,
participant,MATCH-POP,correlation,sub-23,0.0001024156808853,1,,,,,,
participant,MATCH-POP,snr_improvement,sub-02,0.2753974062519169,1,,,,,,
participant,MATCH-POP,snr_improvement,sub-03,-0.3046657065860927,0,,,,,,
participant,MATCH-POP,snr_improvement,sub-05,0.0482438240433111,1,,,,,,
participant,MATCH-POP,snr_improvement,sub-06,-0.1362193191224443,0,,,,,,
participant,MATCH-POP,snr_improvement,sub-07,-0.3830070795419698,0,,,,,,
participant,MATCH-POP,snr_improvement,sub-09,0.0965563159193801,1,,,,,,
participant,MATCH-POP,snr_improvement,sub-11,-0.0997145718429237,0,,,,,,
participant,MATCH-POP,snr_improvement,sub-12,-0.2246879553058534,0,,,,,,
participant,MATCH-POP,snr_improvement,sub-14,0.0249344971962273,1,,,,,,
participant,MATCH-POP,snr_improvement,sub-15,0.5148969103454594,1,,,,,,
participant,MATCH-POP,snr_improvement,sub-17,0.1596198860788718,1,,,,,,
participant,MATCH-POP,snr_improvement,sub-18,-0.300775476032868,0,,,,,,
participant,MATCH-POP,snr_improvement,sub-19,-0.0474798358146262,0,,,,,,
participant,MATCH-POP,snr_improvement,sub-21,0.0198613466428856,1,,,,,,
participant,MATCH-POP,snr_improvement,sub-23,0.0661357292639357,1,,,,,,
participant,MATCH-POP,artifact_rrmse,sub-02,0.0894475008050601,1,,,,,,
participant,MATCH-POP,artifact_rrmse,sub-03,0.0476081113020578,1,,,,,,
participant,MATCH-POP,artifact_rrmse,sub-05,0.0046689808368682,1,,,,,,
participant,MATCH-POP,artifact_rrmse,sub-06,-0.0277326745646341,0,,,,,,
participant,MATCH-POP,artifact_rrmse,sub-07,-0.0400594977232126,0,,,,,,
participant,MATCH-POP,artifact_rrmse,sub-09,0.0094747287886484,1,,,,,,
participant,MATCH-POP,artifact_rrmse,sub-11,-0.0062082827091217,0,,,,,,
participant,MATCH-POP,artifact_rrmse,sub-12,-0.0214708354324102,0,,,,,,
participant,MATCH-POP,artifact_rrmse,sub-14,0.0041838785012562,1,,,,,,
participant,MATCH-POP,artifact_rrmse,sub-15,0.0679845718237068,1,,,,,,
participant,MATCH-POP,artifact_rrmse,sub-17,0.022136245171229,1,,,,,,
participant,MATCH-POP,artifact_rrmse,sub-18,-0.0165053049723308,0,,,,,,
participant,MATCH-POP,artifact_rrmse,sub-19,-0.005883352114604,0,,,,,,
participant,MATCH-POP,artifact_rrmse,sub-21,0.0030634254217147,1,,,,,,
participant,MATCH-POP,artifact_rrmse,sub-23,-0.0020846256187984,0,,,,,,
participant,MATCH-POP,artifact_correlation,sub-02,0.0136240061450128,1,,,,,,
participant,MATCH-POP,artifact_correlation,sub-03,-0.0113249061008294,0,,,,,,
participant,MATCH-POP,artifact_correlation,sub-05,0.0190825514495373,1,,,,,,
participant,MATCH-POP,artifact_correlation,sub-06,0.0124271679004388,1,,,,,,
participant,MATCH-POP,artifact_correlation,sub-07,-0.015020231787975,0,,,,,,
participant,MATCH-POP,artifact_correlation,sub-09,-0.0195056201690541,0,,,,,,
participant,MATCH-POP,artifact_correlation,sub-11,-0.0023752007633447,0,,,,,,
participant,MATCH-POP,artifact_correlation,sub-12,-0.0018166382797062,0,,,,,,
participant,MATCH-POP,artifact_correlation,sub-14,0.0023096827790141,1,,,,,,
participant,MATCH-POP,artifact_correlation,sub-15,-0.0030564522513976,0,,,,,,
participant,MATCH-POP,artifact_correlation,sub-17,-0.001442273457845,0,,,,,,
participant,MATCH-POP,artifact_correlation,sub-18,-0.0096323003371555,0,,,,,,
participant,MATCH-POP,artifact_correlation,sub-19,0.0235945470272921,1,,,,,,
participant,MATCH-POP,artifact_correlation,sub-21,-0.0005494007824121,0,,,,,,
participant,MATCH-POP,artifact_correlation,sub-23,-0.0447617245039769,0,,,,,,
participant,MATCH-POP,observation_change_ratio,sub-02,0.0025471076824032,1,,,,,,
participant,MATCH-POP,observation_change_ratio,sub-03,0.0168101692470372,1,,,,,,
participant,MATCH-POP,observation_change_ratio,sub-05,0.0258183783917047,1,,,,,,
participant,MATCH-POP,observation_change_ratio,sub-06,-0.0225807935348711,0,,,,,,
participant,MATCH-POP,observation_change_ratio,sub-07,-0.0082524204954097,0,,,,,,
participant,MATCH-POP,observation_change_ratio,sub-09,0.0217410808982094,1,,,,,,
participant,MATCH-POP,observation_change_ratio,sub-11,-0.005210850493313,0,,,,,,
participant,MATCH-POP,observation_change_ratio,sub-12,-0.0184364496544731,0,,,,,,
participant,MATCH-POP,observation_change_ratio,sub-14,0.0016345116018783,1,,,,,,
participant,MATCH-POP,observation_change_ratio,sub-15,0.0229219305329024,1,,,,,,
participant,MATCH-POP,observation_change_ratio,sub-17,0.0307672585768159,1,,,,,,
participant,MATCH-POP,observation_change_ratio,sub-18,-0.0131771735032089,0,,,,,,
participant,MATCH-POP,observation_change_ratio,sub-19,0.0018860163836507,1,,,,,,
participant,MATCH-POP,observation_change_ratio,sub-21,-0.0010591752943582,0,,,,,,
participant,MATCH-POP,observation_change_ratio,sub-23,0.012965000438271,1,,,,,,
participant,MATCH-WRONG,rrmse_temporal,sub-02,0.0146764234668808,1,,,,,,
participant,MATCH-WRONG,rrmse_temporal,sub-03,-0.0084255657857283,0,,,,,,
participant,MATCH-WRONG,rrmse_temporal,sub-05,0.0271868855634238,1,,,,,,
participant,MATCH-WRONG,rrmse_temporal,sub-06,-0.004866422896157,0,,,,,,
participant,MATCH-WRONG,rrmse_temporal,sub-07,-0.008024085947909,0,,,,,,
participant,MATCH-WRONG,rrmse_temporal,sub-09,0.0311483174446038,1,,,,,,
participant,MATCH-WRONG,rrmse_temporal,sub-11,0.0131512982079584,1,,,,,,
participant,MATCH-WRONG,rrmse_temporal,sub-12,0.0005326749815139,1,,,,,,
participant,MATCH-WRONG,rrmse_temporal,sub-14,0.0041338807823194,1,,,,,,
participant,MATCH-WRONG,rrmse_temporal,sub-15,0.0060218895523576,1,,,,,,
participant,MATCH-WRONG,rrmse_temporal,sub-17,0.0135155071038752,1,,,,,,
participant,MATCH-WRONG,rrmse_temporal,sub-18,-0.0129399822617415,0,,,,,,
participant,MATCH-WRONG,rrmse_temporal,sub-19,0.5151699597627157,1,,,,,,
participant,MATCH-WRONG,rrmse_temporal,sub-21,0.1436962250154465,1,,,,,,
participant,MATCH-WRONG,rrmse_temporal,sub-23,0.0368376459809951,1,,,,,,
participant,MATCH-WRONG,rrmse_spectral,sub-02,0.0031571954605169,1,,,,,,
participant,MATCH-WRONG,rrmse_spectral,sub-03,-0.0051010774914175,0,,,,,,
participant,MATCH-WRONG,rrmse_spectral,sub-05,0.0215398175059817,1,,,,,,
participant,MATCH-WRONG,rrmse_spectral,sub-06,-0.0070041276339907,0,,,,,,
participant,MATCH-WRONG,rrmse_spectral,sub-07,-0.0035589829349191,0,,,,,,
participant,MATCH-WRONG,rrmse_spectral,sub-09,0.0114091463619843,1,,,,,,
participant,MATCH-WRONG,rrmse_spectral,sub-11,0.0076540434674825,1,,,,,,
participant,MATCH-WRONG,rrmse_spectral,sub-12,0.0021276515908539,1,,,,,,
participant,MATCH-WRONG,rrmse_spectral,sub-14,0.0044619539985433,1,,,,,,
participant,MATCH-WRONG,rrmse_spectral,sub-15,-0.0025184457772411,0,,,,,,
participant,MATCH-WRONG,rrmse_spectral,sub-17,0.0141336062224581,1,,,,,,
participant,MATCH-WRONG,rrmse_spectral,sub-18,-0.0160084679955616,0,,,,,,
participant,MATCH-WRONG,rrmse_spectral,sub-19,0.117207431118004,1,,,,,,
participant,MATCH-WRONG,rrmse_spectral,sub-21,0.0310082018841058,1,,,,,,
participant,MATCH-WRONG,rrmse_spectral,sub-23,0.0110439634008798,1,,,,,,
participant,MATCH-WRONG,correlation,sub-02,0.0002060364931821,1,,,,,,
participant,MATCH-WRONG,correlation,sub-03,-0.0042599588632583,0,,,,,,
participant,MATCH-WRONG,correlation,sub-05,0.0102113373577594,1,,,,,,
participant,MATCH-WRONG,correlation,sub-06,-0.0021454766392707,0,,,,,,
participant,MATCH-WRONG,correlation,sub-07,-0.0024538040161132,0,,,,,,
participant,MATCH-WRONG,correlation,sub-09,0.0085987797938287,1,,,,,,
participant,MATCH-WRONG,correlation,sub-11,0.0056032612919807,1,,,,,,
participant,MATCH-WRONG,correlation,sub-12,-0.0013370439410209,0,,,,,,
participant,MATCH-WRONG,correlation,sub-14,0.002360351383686,1,,,,,,
participant,MATCH-WRONG,correlation,sub-15,0.0023634280078113,1,,,,,,
participant,MATCH-WRONG,correlation,sub-17,0.0057964026927948,1,,,,,,
participant,MATCH-WRONG,correlation,sub-18,-0.0044395923614501,0,,,,,,
participant,MATCH-WRONG,correlation,sub-19,0.0646021184511482,1,,,,,,
participant,MATCH-WRONG,correlation,sub-21,0.0421302895992994,1,,,,,,
participant,MATCH-WRONG,correlation,sub-23,0.0052727051079273,1,,,,,,
participant,MATCH-WRONG,snr_improvement,sub-02,0.244722611217488,1,,,,,,
participant,MATCH-WRONG,snr_improvement,sub-03,-0.0822186082756768,0,,,,,,
participant,MATCH-WRONG,snr_improvement,sub-05,0.7145741796120999,1,,,,,,
participant,MATCH-WRONG,snr_improvement,sub-06,-0.0865697366784192,0,,,,,,
participant,MATCH-WRONG,snr_improvement,sub-07,-0.2968083581743905,0,,,,,,
participant,MATCH-WRONG,snr_improvement,sub-09,0.1329220692917131,1,,,,,,
participant,MATCH-WRONG,snr_improvement,sub-11,0.556731560966,1,,,,,,
participant,MATCH-WRONG,snr_improvement,sub-12,0.1123460079543292,1,,,,,,
participant,MATCH-WRONG,snr_improvement,sub-14,0.2516291880359251,1,,,,,,
participant,MATCH-WRONG,snr_improvement,sub-15,0.6247707637073919,1,,,,,,
participant,MATCH-WRONG,snr_improvement,sub-17,0.3896522565046325,1,,,,,,
participant,MATCH-WRONG,snr_improvement,sub-18,-0.2470599964726716,0,,,,,,
participant,MATCH-WRONG,snr_improvement,sub-19,1.58966534074772,1,,,,,,
participant,MATCH-WRONG,snr_improvement,sub-21,2.276496456137725,1,,,,,,
participant,MATCH-WRONG,snr_improvement,sub-23,4.100328039910112,1,,,,,,
participant,MATCH-WRONG,artifact_rrmse,sub-02,0.0489821210503578,1,,,,,,
participant,MATCH-WRONG,artifact_rrmse,sub-03,0.0708573480447134,1,,,,,,
participant,MATCH-WRONG,artifact_rrmse,sub-05,0.063513046503067,1,,,,,,
participant,MATCH-WRONG,artifact_rrmse,sub-06,-0.0223594691072192,0,,,,,,
participant,MATCH-WRONG,artifact_rrmse,sub-07,-0.0344697512113131,0,,,,,,
participant,MATCH-WRONG,artifact_rrmse,sub-09,0.0131425218922751,1,,,,,,
participant,MATCH-WRONG,artifact_rrmse,sub-11,0.0979108959436416,1,,,,,,
participant,MATCH-WRONG,artifact_rrmse,sub-12,0.0265711620450019,1,,,,,,
participant,MATCH-WRONG,artifact_rrmse,sub-14,0.0261241793632507,1,,,,,,
participant,MATCH-WRONG,artifact_rrmse,sub-15,0.0632002812165479,1,,,,,,
participant,MATCH-WRONG,artifact_rrmse,sub-17,0.0393207947413126,1,,,,,,
participant,MATCH-WRONG,artifact_rrmse,sub-18,-0.0116931299368541,0,,,,,,
participant,MATCH-WRONG,artifact_rrmse,sub-19,1.4276049756086788,1,,,,,,
participant,MATCH-WRONG,artifact_rrmse,sub-21,2.0060298975024904,1,,,,,,
participant,MATCH-WRONG,artifact_rrmse,sub-23,8.577875205448695,1,,,,,,
participant,MATCH-WRONG,artifact_correlation,sub-02,0.0164190147770568,1,,,,,,
participant,MATCH-WRONG,artifact_correlation,sub-03,0.0121266080066561,1,,,,,,
participant,MATCH-WRONG,artifact_correlation,sub-05,0.1133970831676076,1,,,,,,
participant,MATCH-WRONG,artifact_correlation,sub-06,0.0216101157212896,1,,,,,,
participant,MATCH-WRONG,artifact_correlation,sub-07,0.0085152324575643,1,,,,,,
participant,MATCH-WRONG,artifact_correlation,sub-09,0.0672640788834542,1,,,,,,
participant,MATCH-WRONG,artifact_correlation,sub-11,-0.0178214095532894,0,,,,,,
participant,MATCH-WRONG,artifact_correlation,sub-12,-0.0014859574148431,0,,,,,,
participant,MATCH-WRONG,artifact_correlation,sub-14,0.0027298697580894,1,,,,,,
participant,MATCH-WRONG,artifact_correlation,sub-15,0.0020522655775913,1,,,,,,
participant,MATCH-WRONG,artifact_correlation,sub-17,0.0227100266764561,1,,,,,,
participant,MATCH-WRONG,artifact_correlation,sub-18,-0.0059691717227299,0,,,,,,
participant,MATCH-WRONG,artifact_correlation,sub-19,0.0397058703103819,1,,,,,,
participant,MATCH-WRONG,artifact_correlation,sub-21,-0.0017581845666946,0,,,,,,
participant,MATCH-WRONG,artifact_correlation,sub-23,-0.0685514852936778,0,,,,,,
participant,MATCH-WRONG,observation_change_ratio,sub-02,0.0011149280562676,1,,,,,,
participant,MATCH-WRONG,observation_change_ratio,sub-03,0.0063707622684887,1,,,,,,
participant,MATCH-WRONG,observation_change_ratio,sub-05,-0.0107162506792519,0,,,,,,
participant,MATCH-WRONG,observation_change_ratio,sub-06,-0.0400961262785131,0,,,,,,
participant,MATCH-WRONG,observation_change_ratio,sub-07,-0.0173820211439306,0,,,,,,
participant,MATCH-WRONG,observation_change_ratio,sub-09,-0.0050536332419142,0,,,,,,
participant,MATCH-WRONG,observation_change_ratio,sub-11,0.0248206858996127,1,,,,,,
participant,MATCH-WRONG,observation_change_ratio,sub-12,-0.0090223760817025,0,,,,,,
participant,MATCH-WRONG,observation_change_ratio,sub-14,0.0056727064038568,1,,,,,,
participant,MATCH-WRONG,observation_change_ratio,sub-15,0.0277162635320564,1,,,,,,
participant,MATCH-WRONG,observation_change_ratio,sub-17,0.0257900877622887,1,,,,,,
participant,MATCH-WRONG,observation_change_ratio,sub-18,-0.0239971967821475,0,,,,,,
participant,MATCH-WRONG,observation_change_ratio,sub-19,0.4726842305826721,1,,,,,,
participant,MATCH-WRONG,observation_change_ratio,sub-21,0.1076224411954172,1,,,,,,
participant,MATCH-WRONG,observation_change_ratio,sub-23,0.0324364408297697,1,,,,,,
participant,MATCH-SHUFFLED,rrmse_temporal,sub-02,0.0181283669226104,1,,,,,,
participant,MATCH-SHUFFLED,rrmse_temporal,sub-03,-0.0116638271138072,0,,,,,,
participant,MATCH-SHUFFLED,rrmse_temporal,sub-05,0.0662221587845124,1,,,,,,
participant,MATCH-SHUFFLED,rrmse_temporal,sub-06,-0.0005419003427959,0,,,,,,
participant,MATCH-SHUFFLED,rrmse_temporal,sub-07,-0.0131738795771525,0,,,,,,
participant,MATCH-SHUFFLED,rrmse_temporal,sub-09,0.0160885133955162,1,,,,,,
participant,MATCH-SHUFFLED,rrmse_temporal,sub-11,8.238048030762002e-05,1,,,,,,
participant,MATCH-SHUFFLED,rrmse_temporal,sub-12,-0.0138432032254058,0,,,,,,
participant,MATCH-SHUFFLED,rrmse_temporal,sub-14,-0.0024935370056482,0,,,,,,
participant,MATCH-SHUFFLED,rrmse_temporal,sub-15,0.0007388663871097,1,,,,,,
participant,MATCH-SHUFFLED,rrmse_temporal,sub-17,0.0049766436568461,1,,,,,,
participant,MATCH-SHUFFLED,rrmse_temporal,sub-18,-0.0178700699179898,0,,,,,,
participant,MATCH-SHUFFLED,rrmse_temporal,sub-19,0.0005441496177809,1,,,,,,
participant,MATCH-SHUFFLED,rrmse_temporal,sub-21,-0.0035706766648218,0,,,,,,
participant,MATCH-SHUFFLED,rrmse_temporal,sub-23,-0.0013112456945236,0,,,,,,
participant,MATCH-SHUFFLED,rrmse_spectral,sub-02,0.0058817492099478,1,,,,,,
participant,MATCH-SHUFFLED,rrmse_spectral,sub-03,-0.0003269995795562,0,,,,,,
participant,MATCH-SHUFFLED,rrmse_spectral,sub-05,0.0210487997974269,1,,,,,,
participant,MATCH-SHUFFLED,rrmse_spectral,sub-06,-0.0062307222979143,0,,,,,,
participant,MATCH-SHUFFLED,rrmse_spectral,sub-07,-0.0032312514667864,0,,,,,,
participant,MATCH-SHUFFLED,rrmse_spectral,sub-09,-0.0017937367665581,0,,,,,,
participant,MATCH-SHUFFLED,rrmse_spectral,sub-11,0.0005262549093458,1,,,,,,
participant,MATCH-SHUFFLED,rrmse_spectral,sub-12,-0.0049387101316824,0,,,,,,
participant,MATCH-SHUFFLED,rrmse_spectral,sub-14,0.0002071052440442,1,,,,,,
participant,MATCH-SHUFFLED,rrmse_spectral,sub-15,-0.0007762139430269,0,,,,,,
participant,MATCH-SHUFFLED,rrmse_spectral,sub-17,0.0060413007158786,1,,,,,,
participant,MATCH-SHUFFLED,rrmse_spectral,sub-18,-0.0243544544791802,0,,,,,,
participant,MATCH-SHUFFLED,rrmse_spectral,sub-19,-0.0023388668778352,0,,,,,,
participant,MATCH-SHUFFLED,rrmse_spectral,sub-21,0.0001118667423725,1,,,,,,
participant,MATCH-SHUFFLED,rrmse_spectral,sub-23,-0.0008880891837179,0,,,,,,
participant,MATCH-SHUFFLED,correlation,sub-02,0.0041144858114421,1,,,,,,
participant,MATCH-SHUFFLED,correlation,sub-03,-0.0039893090724945,0,,,,,,
participant,MATCH-SHUFFLED,correlation,sub-05,0.0335088092833757,1,,,,,,
participant,MATCH-SHUFFLED,correlation,sub-06,-0.0019131451845169,0,,,,,,
participant,MATCH-SHUFFLED,correlation,sub-07,-0.0046884827315807,0,,,,,,
participant,MATCH-SHUFFLED,correlation,sub-09,-0.0025498243048787,0,,,,,,
participant,MATCH-SHUFFLED,correlation,sub-11,0.0004040263593196,1,,,,,,
participant,MATCH-SHUFFLED,correlation,sub-12,-0.0080449916422367,0,,,,,,
participant,MATCH-SHUFFLED,correlation,sub-14,-0.0028916299343109,0,,,,,,
participant,MATCH-SHUFFLED,correlation,sub-15,0.0003009960055351,1,,,,,,
participant,MATCH-SHUFFLED,correlation,sub-17,0.0025589019060134,1,,,,,,
participant,MATCH-SHUFFLED,correlation,sub-18,-0.0054472759366035,0,,,,,,
participant,MATCH-SHUFFLED,correlation,sub-19,2.166442573070526e-05,1,,,,,,
participant,MATCH-SHUFFLED,correlation,sub-21,-0.0013557709753513,0,,,,,,
participant,MATCH-SHUFFLED,correlation,sub-23,-0.0007731467485427,0,,,,,,
participant,MATCH-SHUFFLED,snr_improvement,sub-02,0.5021238533921255,1,,,,,,
participant,MATCH-SHUFFLED,snr_improvement,sub-03,-0.2023210319069526,0,,,,,,
participant,MATCH-SHUFFLED,snr_improvement,sub-05,0.871971466539738,1,,,,,,
participant,MATCH-SHUFFLED,snr_improvement,sub-06,0.1653499535417983,1,,,,,,
participant,MATCH-SHUFFLED,snr_improvement,sub-07,-0.5046103283977854,0,,,,,,
participant,MATCH-SHUFFLED,snr_improvement,sub-09,-0.1460214609141985,0,,,,,,
participant,MATCH-SHUFFLED,snr_improvement,sub-11,-0.0107909587677568,0,,,,,,
participant,MATCH-SHUFFLED,snr_improvement,sub-12,-0.2416298076423118,0,,,,,,
participant,MATCH-SHUFFLED,snr_improvement,sub-14,0.0285608298145234,1,,,,,,
participant,MATCH-SHUFFLED,snr_improvement,sub-15,0.2247011357674356,1,,,,,,
participant,MATCH-SHUFFLED,snr_improvement,sub-17,0.1069507828991238,1,,,,,,
participant,MATCH-SHUFFLED,snr_improvement,sub-18,-0.3219387474625061,0,,,,,,
participant,MATCH-SHUFFLED,snr_improvement,sub-19,-0.0710424745417325,0,,,,,,
participant,MATCH-SHUFFLED,snr_improvement,sub-21,0.006846035165446,1,,,,,,
participant,MATCH-SHUFFLED,snr_improvement,sub-23,0.0203192367085388,1,,,,,,
participant,MATCH-SHUFFLED,artifact_rrmse,sub-02,0.1373767132560412,1,,,,,,
participant,MATCH-SHUFFLED,artifact_rrmse,sub-03,-0.0488676846027373,0,,,,,,
participant,MATCH-SHUFFLED,artifact_rrmse,sub-05,0.073738020658493,1,,,,,,
participant,MATCH-SHUFFLED,artifact_rrmse,sub-06,0.0021461801869526,1,,,,,,
participant,MATCH-SHUFFLED,artifact_rrmse,sub-07,-0.0539213281411391,0,,,,,,
participant,MATCH-SHUFFLED,artifact_rrmse,sub-09,-0.0147753017289297,0,,,,,,
participant,MATCH-SHUFFLED,artifact_rrmse,sub-11,-0.0023091614246368,0,,,,,,
participant,MATCH-SHUFFLED,artifact_rrmse,sub-12,-0.0197043698281049,0,,,,,,
participant,MATCH-SHUFFLED,artifact_rrmse,sub-14,0.0044452399015426,1,,,,,,
participant,MATCH-SHUFFLED,artifact_rrmse,sub-15,0.0265309948187607,1,,,,,,
participant,MATCH-SHUFFLED,artifact_rrmse,sub-17,0.0115497986475626,1,,,,,,
participant,MATCH-SHUFFLED,artifact_rrmse,sub-18,-0.013834011554718,0,,,,,,
participant,MATCH-SHUFFLED,artifact_rrmse,sub-19,-0.0517139985011174,0,,,,,,
participant,MATCH-SHUFFLED,artifact_rrmse,sub-21,0.0043676963874272,1,,,,,,
participant,MATCH-SHUFFLED,artifact_rrmse,sub-23,-0.0071989063705717,0,,,,,,
participant,MATCH-SHUFFLED,artifact_correlation,sub-02,0.0110346935301398,1,,,,,,
participant,MATCH-SHUFFLED,artifact_correlation,sub-03,-0.0145639625688394,0,,,,,,
participant,MATCH-SHUFFLED,artifact_correlation,sub-05,0.0181240665415922,1,,,,,,
participant,MATCH-SHUFFLED,artifact_correlation,sub-06,0.044042661187372,1,,,,,,
participant,MATCH-SHUFFLED,artifact_correlation,sub-07,-0.0075092802827174,0,,,,,,
participant,MATCH-SHUFFLED,artifact_correlation,sub-09,-0.024120709492958,0,,,,,,
participant,MATCH-SHUFFLED,artifact_correlation,sub-11,-0.0029826711863279,0,,,,,,
participant,MATCH-SHUFFLED,artifact_correlation,sub-12,0.0004187292652204,1,,,,,,
participant,MATCH-SHUFFLED,artifact_correlation,sub-14,0.0051425173878669,1,,,,,,
participant,MATCH-SHUFFLED,artifact_correlation,sub-15,-0.004649301417745,0,,,,,,
participant,MATCH-SHUFFLED,artifact_correlation,sub-17,-0.0033566014220317,0,,,,,,
participant,MATCH-SHUFFLED,artifact_correlation,sub-18,-0.0041170348723729,0,,,,,,
participant,MATCH-SHUFFLED,artifact_correlation,sub-19,0.0193042828737256,1,,,,,,
participant,MATCH-SHUFFLED,artifact_correlation,sub-21,0.0089013866049104,1,,,,,,
participant,MATCH-SHUFFLED,artifact_correlation,sub-23,-0.0500942010964666,0,,,,,,
participant,MATCH-SHUFFLED,observation_change_ratio,sub-02,0.0050201616377307,1,,,,,,
participant,MATCH-SHUFFLED,observation_change_ratio,sub-03,0.0168677552064764,1,,,,,,
participant,MATCH-SHUFFLED,observation_change_ratio,sub-05,0.1000758742484322,1,,,,,,
participant,MATCH-SHUFFLED,observation_change_ratio,sub-06,-0.0122407567614573,0,,,,,,
participant,MATCH-SHUFFLED,observation_change_ratio,sub-07,-0.0591203187086648,0,,,,,,
participant,MATCH-SHUFFLED,observation_change_ratio,sub-09,0.0019518219341989,1,,,,,,
participant,MATCH-SHUFFLED,observation_change_ratio,sub-11,-0.0150227594494936,0,,,,,,
participant,MATCH-SHUFFLED,observation_change_ratio,sub-12,-0.0286430551768717,0,,,,,,
participant,MATCH-SHUFFLED,observation_change_ratio,sub-14,-0.0035893011772714,0,,,,,,
participant,MATCH-SHUFFLED,observation_change_ratio,sub-15,0.015538003288384,1,,,,,,
participant,MATCH-SHUFFLED,observation_change_ratio,sub-17,0.015735401539132,1,,,,,,
participant,MATCH-SHUFFLED,observation_change_ratio,sub-18,-0.0280271399824414,0,,,,,,
participant,MATCH-SHUFFLED,observation_change_ratio,sub-19,0.0026565128500806,1,,,,,,
participant,MATCH-SHUFFLED,observation_change_ratio,sub-21,-0.0199218860943801,0,,,,,,
participant,MATCH-SHUFFLED,observation_change_ratio,sub-23,0.0038116390933282,1,,,,,,
participant,MATCH-NO_TRANSFER_BRANCH,rrmse_temporal,sub-02,0.0344801547762472,1,,,,,,
participant,MATCH-NO_TRANSFER_BRANCH,rrmse_temporal,sub-03,0.1031298431917093,1,,,,,,
participant,MATCH-NO_TRANSFER_BRANCH,rrmse_temporal,sub-05,0.1883259831811301,1,,,,,,
participant,MATCH-NO_TRANSFER_BRANCH,rrmse_temporal,sub-06,0.1075766935464344,1,,,,,,
participant,MATCH-NO_TRANSFER_BRANCH,rrmse_temporal,sub-07,0.0666737295177881,1,,,,,,
participant,MATCH-NO_TRANSFER_BRANCH,rrmse_temporal,sub-09,0.0751034099666867,1,,,,,,
participant,MATCH-NO_TRANSFER_BRANCH,rrmse_temporal,sub-11,0.0247528853469702,1,,,,,,
participant,MATCH-NO_TRANSFER_BRANCH,rrmse_temporal,sub-12,0.0743507769657298,1,,,,,,
participant,MATCH-NO_TRANSFER_BRANCH,rrmse_temporal,sub-14,0.0251603936067112,1,,,,,,
participant,MATCH-NO_TRANSFER_BRANCH,rrmse_temporal,sub-15,0.0301742787196417,1,,,,,,
participant,MATCH-NO_TRANSFER_BRANCH,rrmse_temporal,sub-17,0.0588109512464143,1,,,,,,
participant,MATCH-NO_TRANSFER_BRANCH,rrmse_temporal,sub-18,0.1052723253087606,1,,,,,,
participant,MATCH-NO_TRANSFER_BRANCH,rrmse_temporal,sub-19,0.1422972407599445,1,,,,,,
participant,MATCH-NO_TRANSFER_BRANCH,rrmse_temporal,sub-21,0.2314942369703203,1,,,,,,
participant,MATCH-NO_TRANSFER_BRANCH,rrmse_temporal,sub-23,0.0690513794543221,1,,,,,,
participant,MATCH-NO_TRANSFER_BRANCH,rrmse_spectral,sub-02,0.0380694691848475,1,,,,,,
participant,MATCH-NO_TRANSFER_BRANCH,rrmse_spectral,sub-03,0.0722955243982141,1,,,,,,
participant,MATCH-NO_TRANSFER_BRANCH,rrmse_spectral,sub-05,0.1197565779439173,1,,,,,,
participant,MATCH-NO_TRANSFER_BRANCH,rrmse_spectral,sub-06,0.0685584633465623,1,,,,,,
participant,MATCH-NO_TRANSFER_BRANCH,rrmse_spectral,sub-07,0.0421522287106199,1,,,,,,
participant,MATCH-NO_TRANSFER_BRANCH,rrmse_spectral,sub-09,0.0331946299265837,1,,,,,,
participant,MATCH-NO_TRANSFER_BRANCH,rrmse_spectral,sub-11,0.0210714198474306,1,,,,,,
participant,MATCH-NO_TRANSFER_BRANCH,rrmse_spectral,sub-12,0.0512433418771252,1,,,,,,
participant,MATCH-NO_TRANSFER_BRANCH,rrmse_spectral,sub-14,0.0196146077942103,1,,,,,,
participant,MATCH-NO_TRANSFER_BRANCH,rrmse_spectral,sub-15,0.0125248384138103,1,,,,,,
participant,MATCH-NO_TRANSFER_BRANCH,rrmse_spectral,sub-17,0.052572806191165,1,,,,,,
participant,MATCH-NO_TRANSFER_BRANCH,rrmse_spectral,sub-18,0.0605360558256506,1,,,,,,
participant,MATCH-NO_TRANSFER_BRANCH,rrmse_spectral,sub-19,0.0621469224133761,1,,,,,,
participant,MATCH-NO_TRANSFER_BRANCH,rrmse_spectral,sub-21,0.1208047266409266,1,,,,,,
participant,MATCH-NO_TRANSFER_BRANCH,rrmse_spectral,sub-23,0.011937759903958,1,,,,,,
participant,MATCH-NO_TRANSFER_BRANCH,correlation,sub-02,0.0171599979512393,1,,,,,,
participant,MATCH-NO_TRANSFER_BRANCH,correlation,sub-03,0.0289280321449041,1,,,,,,
participant,MATCH-NO_TRANSFER_BRANCH,correlation,sub-05,0.0573603678494691,1,,,,,,
participant,MATCH-NO_TRANSFER_BRANCH,correlation,sub-06,0.0360969267785549,1,,,,,,
participant,MATCH-NO_TRANSFER_BRANCH,correlation,sub-07,0.0196539685130119,1,,,,,,
participant,MATCH-NO_TRANSFER_BRANCH,correlation,sub-09,-0.0107994915451854,0,,,,,,
participant,MATCH-NO_TRANSFER_BRANCH,correlation,sub-11,0.0083463191986083,1,,,,,,
participant,MATCH-NO_TRANSFER_BRANCH,correlation,sub-12,0.0206598006188869,1,,,,,,
participant,MATCH-NO_TRANSFER_BRANCH,correlation,sub-14,1.8484890460968018e-05,1,,,,,,
participant,MATCH-NO_TRANSFER_BRANCH,correlation,sub-15,0.0066165919415652,1,,,,,,
participant,MATCH-NO_TRANSFER_BRANCH,correlation,sub-17,0.0152146741747856,1,,,,,,
participant,MATCH-NO_TRANSFER_BRANCH,correlation,sub-18,0.0377535950392484,1,,,,,,
participant,MATCH-NO_TRANSFER_BRANCH,correlation,sub-19,0.0279111489653587,1,,,,,,
participant,MATCH-NO_TRANSFER_BRANCH,correlation,sub-21,0.046925913542509,1,,,,,,
participant,MATCH-NO_TRANSFER_BRANCH,correlation,sub-23,0.0210372321307659,1,,,,,,
participant,MATCH-NO_TRANSFER_BRANCH,snr_improvement,sub-02,-1.682302879650403,0,,,,,,
participant,MATCH-NO_TRANSFER_BRANCH,snr_improvement,sub-03,1.377885190110343,1,,,,,,
participant,MATCH-NO_TRANSFER_BRANCH,snr_improvement,sub-05,2.475997244696676,1,,,,,,
participant,MATCH-NO_TRANSFER_BRANCH,snr_improvement,sub-06,1.4996197902239925,1,,,,,,
participant,MATCH-NO_TRANSFER_BRANCH,snr_improvement,sub-07,2.0228331696573427,1,,,,,,
participant,MATCH-NO_TRANSFER_BRANCH,snr_improvement,sub-09,0.3927443680361518,1,,,,,,
participant,MATCH-NO_TRANSFER_BRANCH,snr_improvement,sub-11,1.2978647995332722,1,,,,,,
participant,MATCH-NO_TRANSFER_BRANCH,snr_improvement,sub-12,1.3157668818075765,1,,,,,,
participant,MATCH-NO_TRANSFER_BRANCH,snr_improvement,sub-14,1.3568272752794048,1,,,,,,
participant,MATCH-NO_TRANSFER_BRANCH,snr_improvement,sub-15,1.312865190159825,1,,,,,,
participant,MATCH-NO_TRANSFER_BRANCH,snr_improvement,sub-17,1.978283119892391,1,,,,,,
participant,MATCH-NO_TRANSFER_BRANCH,snr_improvement,sub-18,2.196165366253505,1,,,,,,
participant,MATCH-NO_TRANSFER_BRANCH,snr_improvement,sub-19,1.1873785794103662,1,,,,,,
participant,MATCH-NO_TRANSFER_BRANCH,snr_improvement,sub-21,4.043533721373283,1,,,,,,
participant,MATCH-NO_TRANSFER_BRANCH,snr_improvement,sub-23,2.814975298076336,1,,,,,,
participant,MATCH-NO_TRANSFER_BRANCH,artifact_rrmse,sub-02,-0.5786187301079433,0,,,,,,
participant,MATCH-NO_TRANSFER_BRANCH,artifact_rrmse,sub-03,-0.160457682609558,0,,,,,,
participant,MATCH-NO_TRANSFER_BRANCH,artifact_rrmse,sub-05,0.2169773737589517,1,,,,,,
participant,MATCH-NO_TRANSFER_BRANCH,artifact_rrmse,sub-06,0.0568799184901371,1,,,,,,
participant,MATCH-NO_TRANSFER_BRANCH,artifact_rrmse,sub-07,0.2086311487051158,1,,,,,,
participant,MATCH-NO_TRANSFER_BRANCH,artifact_rrmse,sub-09,0.0408973821571895,1,,,,,,
participant,MATCH-NO_TRANSFER_BRANCH,artifact_rrmse,sub-11,0.102967819571495,1,,,,,,
participant,MATCH-NO_TRANSFER_BRANCH,artifact_rrmse,sub-12,0.1118910945951938,1,,,,,,
participant,MATCH-NO_TRANSFER_BRANCH,artifact_rrmse,sub-14,0.1251527070999145,1,,,,,,
participant,MATCH-NO_TRANSFER_BRANCH,artifact_rrmse,sub-15,0.0667263865470886,1,,,,,,
participant,MATCH-NO_TRANSFER_BRANCH,artifact_rrmse,sub-17,0.2084272185961406,1,,,,,,
participant,MATCH-NO_TRANSFER_BRANCH,artifact_rrmse,sub-18,0.2356454968452452,1,,,,,,
participant,MATCH-NO_TRANSFER_BRANCH,artifact_rrmse,sub-19,-0.0756719547968645,0,,,,,,
participant,MATCH-NO_TRANSFER_BRANCH,artifact_rrmse,sub-21,0.3579212554863521,1,,,,,,
participant,MATCH-NO_TRANSFER_BRANCH,artifact_rrmse,sub-23,0.3846369641167777,1,,,,,,
participant,MATCH-NO_TRANSFER_BRANCH,artifact_correlation,sub-02,0.186841233051382,1,,,,,,
participant,MATCH-NO_TRANSFER_BRANCH,artifact_correlation,sub-03,0.5401136065522829,1,,,,,,
participant,MATCH-NO_TRANSFER_BRANCH,artifact_correlation,sub-05,0.5397239309114714,1,,,,,,
participant,MATCH-NO_TRANSFER_BRANCH,artifact_correlation,sub-06,0.4090902055613696,1,,,,,,
participant,MATCH-NO_TRANSFER_BRANCH,artifact_correlation,sub-07,0.5307478475062033,1,,,,,,
participant,MATCH-NO_TRANSFER_BRANCH,artifact_correlation,sub-09,0.1987235997221432,1,,,,,,
participant,MATCH-NO_TRANSFER_BRANCH,artifact_correlation,sub-11,0.2720870190300047,1,,,,,,
participant,MATCH-NO_TRANSFER_BRANCH,artifact_correlation,sub-12,0.2717579330492299,1,,,,,,
participant,MATCH-NO_TRANSFER_BRANCH,artifact_correlation,sub-14,0.3433733725978527,1,,,,,,
participant,MATCH-NO_TRANSFER_BRANCH,artifact_correlation,sub-15,0.3914273631973908,1,,,,,,
participant,MATCH-NO_TRANSFER_BRANCH,artifact_correlation,sub-17,0.4829626117212077,1,,,,,,
participant,MATCH-NO_TRANSFER_BRANCH,artifact_correlation,sub-18,0.5412454809993505,1,,,,,,
participant,MATCH-NO_TRANSFER_BRANCH,artifact_correlation,sub-19,0.4470454830264386,1,,,,,,
participant,MATCH-NO_TRANSFER_BRANCH,artifact_correlation,sub-21,0.594746085528251,1,,,,,,
participant,MATCH-NO_TRANSFER_BRANCH,artifact_correlation,sub-23,0.3660673913213291,1,,,,,,
participant,MATCH-NO_TRANSFER_BRANCH,observation_change_ratio,sub-02,-0.1249363094339059,0,,,,,,
participant,MATCH-NO_TRANSFER_BRANCH,observation_change_ratio,sub-03,-0.1602591176488204,0,,,,,,
participant,MATCH-NO_TRANSFER_BRANCH,observation_change_ratio,sub-05,-0.2687889491917303,0,,,,,,
participant,MATCH-NO_TRANSFER_BRANCH,observation_change_ratio,sub-06,-0.208509870157286,0,,,,,,
participant,MATCH-NO_TRANSFER_BRANCH,observation_change_ratio,sub-07,-0.2069327334102126,0,,,,,,
participant,MATCH-NO_TRANSFER_BRANCH,observation_change_ratio,sub-09,-0.0913772769927163,0,,,,,,
participant,MATCH-NO_TRANSFER_BRANCH,observation_change_ratio,sub-11,-0.0570385021765105,0,,,,,,
participant,MATCH-NO_TRANSFER_BRANCH,observation_change_ratio,sub-12,-0.2207716853558849,0,,,,,,
participant,MATCH-NO_TRANSFER_BRANCH,observation_change_ratio,sub-14,-0.10320402740399,0,,,,,,
participant,MATCH-NO_TRANSFER_BRANCH,observation_change_ratio,sub-15,-0.0480538479532697,0,,,,,,
participant,MATCH-NO_TRANSFER_BRANCH,observation_change_ratio,sub-17,-0.1251149206073023,0,,,,,,
participant,MATCH-NO_TRANSFER_BRANCH,observation_change_ratio,sub-18,-0.1820956175797619,0,,,,,,
participant,MATCH-NO_TRANSFER_BRANCH,observation_change_ratio,sub-19,-0.1288771967083448,0,,,,,,
participant,MATCH-NO_TRANSFER_BRANCH,observation_change_ratio,sub-21,-0.2237593844765797,0,,,,,,
participant,MATCH-NO_TRANSFER_BRANCH,observation_change_ratio,sub-23,-0.0757194317266112,0,,,,,,
participant,ORACLE-MATCH,rrmse_temporal,sub-02,-0.0028987125260755,0,,,,,,
participant,ORACLE-MATCH,rrmse_temporal,sub-03,0.0037410268560051,1,,,,,,
participant,ORACLE-MATCH,rrmse_temporal,sub-05,-0.0002125392347807,0,,,,,,
participant,ORACLE-MATCH,rrmse_temporal,sub-06,0.0026838600897463,1,,,,,,
participant,ORACLE-MATCH,rrmse_temporal,sub-07,-0.0017613443687878,0,,,,,,
participant,ORACLE-MATCH,rrmse_temporal,sub-09,0.0935810372757259,1,,,,,,
participant,ORACLE-MATCH,rrmse_temporal,sub-11,0.0014413630851777,1,,,,,,
participant,ORACLE-MATCH,rrmse_temporal,sub-12,-0.0020001447992399,0,,,,,,
participant,ORACLE-MATCH,rrmse_temporal,sub-14,-0.0007382244184555,0,,,,,,
participant,ORACLE-MATCH,rrmse_temporal,sub-15,0.0014267695514718,1,,,,,,
participant,ORACLE-MATCH,rrmse_temporal,sub-17,0.0023804210941307,1,,,,,,
participant,ORACLE-MATCH,rrmse_temporal,sub-18,0.0042770546860992,1,,,,,,
participant,ORACLE-MATCH,rrmse_temporal,sub-19,0.0045422973053064,1,,,,,,
participant,ORACLE-MATCH,rrmse_temporal,sub-21,-0.012303271330893,0,,,,,,
participant,ORACLE-MATCH,rrmse_temporal,sub-23,-0.0001564002013765,0,,,,,,
participant,ORACLE-MATCH,rrmse_spectral,sub-02,-0.0022518880723509,0,,,,,,
participant,ORACLE-MATCH,rrmse_spectral,sub-03,0.0025258176028728,1,,,,,,
participant,ORACLE-MATCH,rrmse_spectral,sub-05,0.005128540971782,1,,,,,,
participant,ORACLE-MATCH,rrmse_spectral,sub-06,0.0043116994202136,1,,,,,,
participant,ORACLE-MATCH,rrmse_spectral,sub-07,0.0008717505843378,1,,,,,,
participant,ORACLE-MATCH,rrmse_spectral,sub-09,-0.0024428882752545,0,,,,,,
participant,ORACLE-MATCH,rrmse_spectral,sub-11,0.0006801810814067,1,,,,,,
participant,ORACLE-MATCH,rrmse_spectral,sub-12,0.0002227738732472,1,,,,,,
participant,ORACLE-MATCH,rrmse_spectral,sub-14,-0.0007567207794636,0,,,,,,
participant,ORACLE-MATCH,rrmse_spectral,sub-15,0.0004884991794824,1,,,,,,
participant,ORACLE-MATCH,rrmse_spectral,sub-17,0.0002021833788603,1,,,,,,
participant,ORACLE-MATCH,rrmse_spectral,sub-18,-0.0016478408360853,0,,,,,,
participant,ORACLE-MATCH,rrmse_spectral,sub-19,0.002732177672442,1,,,,,,
participant,ORACLE-MATCH,rrmse_spectral,sub-21,-0.004237625747919,0,,,,,,
participant,ORACLE-MATCH,rrmse_spectral,sub-23,0.0004480451752897,1,,,,,,
participant,ORACLE-MATCH,correlation,sub-02,-0.0003792699426412,0,,,,,,
participant,ORACLE-MATCH,correlation,sub-03,0.0010908171534538,1,,,,,,
participant,ORACLE-MATCH,correlation,sub-05,0.0006789751350879,1,,,,,,
participant,ORACLE-MATCH,correlation,sub-06,0.0012571215629577,1,,,,,,
participant,ORACLE-MATCH,correlation,sub-07,-0.0009446516633033,0,,,,,,
participant,ORACLE-MATCH,correlation,sub-09,0.0187308124732226,1,,,,,,
participant,ORACLE-MATCH,correlation,sub-11,0.0002155601978302,1,,,,,,
participant,ORACLE-MATCH,correlation,sub-12,-0.0010371506214141,0,,,,,,
participant,ORACLE-MATCH,correlation,sub-14,-0.0004261992871761,0,,,,,,
participant,ORACLE-MATCH,correlation,sub-15,0.0003242366947233,1,,,,,,
participant,ORACLE-MATCH,correlation,sub-17,0.0007525421679019,1,,,,,,
participant,ORACLE-MATCH,correlation,sub-18,0.0015270188450813,1,,,,,,
participant,ORACLE-MATCH,correlation,sub-19,0.0021734181791543,1,,,,,,
participant,ORACLE-MATCH,correlation,sub-21,-0.0057039596140384,0,,,,,,
participant,ORACLE-MATCH,correlation,sub-23,0.0002244189381599,1,,,,,,
participant,ORACLE-MATCH,snr_improvement,sub-02,-0.1757688487577979,0,,,,,,
participant,ORACLE-MATCH,snr_improvement,sub-03,0.0157449596251051,1,,,,,,
participant,ORACLE-MATCH,snr_improvement,sub-05,-0.0203627288962402,0,,,,,,
participant,ORACLE-MATCH,snr_improvement,sub-06,0.0176222441119273,1,,,,,,
participant,ORACLE-MATCH,snr_improvement,sub-07,-0.0154489119170018,0,,,,,,
participant,ORACLE-MATCH,snr_improvement,sub-09,0.4643962699213131,1,,,,,,
participant,ORACLE-MATCH,snr_improvement,sub-11,0.1047456234227866,1,,,,,,
participant,ORACLE-MATCH,snr_improvement,sub-12,-0.0464159818875486,0,,,,,,
participant,ORACLE-MATCH,snr_improvement,sub-14,-0.0201700876156487,0,,,,,,
participant,ORACLE-MATCH,snr_improvement,sub-15,0.0824901177447128,1,,,,,,
participant,ORACLE-MATCH,snr_improvement,sub-17,0.0877406084133933,1,,,,,,
participant,ORACLE-MATCH,snr_improvement,sub-18,0.0179933811790156,1,,,,,,
participant,ORACLE-MATCH,snr_improvement,sub-19,0.1400572206274284,1,,,,,,
participant,ORACLE-MATCH,snr_improvement,sub-21,-0.1809626658047949,0,,,,,,
participant,ORACLE-MATCH,snr_improvement,sub-23,0.002132155932486,1,,,,,,
participant,ORACLE-MATCH,artifact_rrmse,sub-02,-0.0639311422904331,0,,,,,,
participant,ORACLE-MATCH,artifact_rrmse,sub-03,-0.0040992021560668,0,,,,,,
participant,ORACLE-MATCH,artifact_rrmse,sub-05,-0.0008482575416565,0,,,,,,
participant,ORACLE-MATCH,artifact_rrmse,sub-06,-0.0033241829701831,0,,,,,,
participant,ORACLE-MATCH,artifact_rrmse,sub-07,-0.0010201747600848,0,,,,,,
participant,ORACLE-MATCH,artifact_rrmse,sub-09,0.0375585364443914,1,,,,,,
participant,ORACLE-MATCH,artifact_rrmse,sub-11,0.005229765176773,1,,,,,,
participant,ORACLE-MATCH,artifact_rrmse,sub-12,-0.0031794626265764,0,,,,,,
participant,ORACLE-MATCH,artifact_rrmse,sub-14,-0.0018799006938934,0,,,,,,
participant,ORACLE-MATCH,artifact_rrmse,sub-15,0.0158039056337797,1,,,,,,
participant,ORACLE-MATCH,artifact_rrmse,sub-17,0.0097848216692606,1,,,,,,
participant,ORACLE-MATCH,artifact_rrmse,sub-18,-0.0017338355382282,0,,,,,,
participant,ORACLE-MATCH,artifact_rrmse,sub-19,0.0369075261629545,1,,,,,,
participant,ORACLE-MATCH,artifact_rrmse,sub-21,-0.0098999504532133,0,,,,,,
participant,ORACLE-MATCH,artifact_rrmse,sub-23,0.0028947868517467,1,,,,,,
participant,ORACLE-MATCH,artifact_correlation,sub-02,-0.0098771234722032,0,,,,,,
participant,ORACLE-MATCH,artifact_correlation,sub-03,-0.0008815078685679,0,,,,,,
participant,ORACLE-MATCH,artifact_correlation,sub-05,0.0006106915573279,1,,,,,,
participant,ORACLE-MATCH,artifact_correlation,sub-06,-0.0056156794806676,0,,,,,,
participant,ORACLE-MATCH,artifact_correlation,sub-07,0.0009306107576076,1,,,,,,
participant,ORACLE-MATCH,artifact_correlation,sub-09,0.069665341538244,1,,,,,,
participant,ORACLE-MATCH,artifact_correlation,sub-11,0.0020777706056833,1,,,,,,
participant,ORACLE-MATCH,artifact_correlation,sub-12,-0.0002686962252482,0,,,,,,
participant,ORACLE-MATCH,artifact_correlation,sub-14,-0.0006147539243102,0,,,,,,
participant,ORACLE-MATCH,artifact_correlation,sub-15,2.759078947395244e-05,1,,,,,,
participant,ORACLE-MATCH,artifact_correlation,sub-17,0.0017510843773683,1,,,,,,
participant,ORACLE-MATCH,artifact_correlation,sub-18,-0.0044268642862638,0,,,,,,
participant,ORACLE-MATCH,artifact_correlation,sub-19,-0.0121659832075238,0,,,,,,
participant,ORACLE-MATCH,artifact_correlation,sub-21,-0.000867406854273,0,,,,,,
participant,ORACLE-MATCH,artifact_correlation,sub-23,-0.0175747078444276,0,,,,,,
participant,ORACLE-MATCH,observation_change_ratio,sub-02,0.0026543199001025,1,,,,,,
participant,ORACLE-MATCH,observation_change_ratio,sub-03,-0.0035738111037062,0,,,,,,
participant,ORACLE-MATCH,observation_change_ratio,sub-05,0.0008021062203624,1,,,,,,
participant,ORACLE-MATCH,observation_change_ratio,sub-06,0.0029608501426992,1,,,,,,
participant,ORACLE-MATCH,observation_change_ratio,sub-07,-0.0039321130589087,0,,,,,,
participant,ORACLE-MATCH,observation_change_ratio,sub-09,-0.0054686534567736,0,,,,,,
participant,ORACLE-MATCH,observation_change_ratio,sub-11,0.0042931769712595,1,,,,,,
participant,ORACLE-MATCH,observation_change_ratio,sub-12,-0.003587999197407,0,,,,,,
participant,ORACLE-MATCH,observation_change_ratio,sub-14,-0.0002542503389122,0,,,,,,
participant,ORACLE-MATCH,observation_change_ratio,sub-15,0.0045787925628246,1,,,,,,
participant,ORACLE-MATCH,observation_change_ratio,sub-17,0.0042490350024309,1,,,,,,
participant,ORACLE-MATCH,observation_change_ratio,sub-18,0.0092786004242952,1,,,,,,
participant,ORACLE-MATCH,observation_change_ratio,sub-19,0.0149618253926746,1,,,,,,
participant,ORACLE-MATCH,observation_change_ratio,sub-21,-0.0004372158437035,0,,,,,,
participant,ORACLE-MATCH,observation_change_ratio,sub-23,0.0083942507480969,1,,,,,,
summary,MATCH-POP,rrmse_temporal,ALL,-2.6786357436018684e-05,8,-2.6786357436018684e-05,0.0002232616679975,8.0,15.0,-0.005374737970748,0.0059652251022513
summary,MATCH-POP,rrmse_spectral,ALL,-0.0005902999245639,7,-0.0005902999245639,-0.0002468141028657,7.0,15.0,-0.0039524534347583,0.0025148850380598
summary,MATCH-POP,correlation,ALL,-0.0001363227454324,8,-0.0001363227454324,0.0001024156808853,8.0,15.0,-0.0019626435451209,0.0018321179629613
summary,MATCH-POP,snr_improvement,ALL,-0.0193936019003193,8,-0.0193936019003193,0.0198613466428856,8.0,15.0,-0.1332830391736084,0.102300164704512
summary,MATCH-POP,artifact_rrmse,ALL,0.0085748579676953,8,0.0085748579676953,0.0030634254217147,8.0,15.0,-0.0075714632462715,0.0269597804180808
summary,MATCH-POP,artifact_correlation,ALL,-0.0025631195421601,5,-0.0025631195421601,-0.0018166382797062,5.0,15.0,-0.0110928616282106,0.0056042510748173
summary,MATCH-POP,observation_change_ratio,ALL,0.0045583060518159,9,0.0045583060518159,0.0018860163836507,9.0,15.0,-0.0036877110347298,0.0126585946666273
summary,MATCH-WRONG,rrmse_temporal,ALL,0.0514543100647036,11,0.0514543100647036,0.0131512982079584,11.0,15.0,0.0054235122219233,0.1269739573042594
summary,MATCH-WRONG,rrmse_spectral,ALL,0.0126367939451787,10,0.0126367939451787,0.0044619539985433,10.0,15.0,0.0006833080648842,0.0300324991845263
summary,MATCH-WRONG,correlation,ALL,0.0088339222905536,10,0.0088339222905536,0.0023634280078113,10.0,15.0,0.0010157553230722,0.0196290131371157
summary,MATCH-WRONG,snr_improvement,ALL,0.685412118298932,11,0.685412118298932,0.2516291880359251,11.0,15.0,0.1932734715371803,1.3324216971950038
summary,MATCH-WRONG,artifact_rrmse,ALL,0.826174005273643,12,0.826174005273643,0.0489821210503578,12.0,15.0,0.0377670827248339,2.079814415330958
summary,MATCH-WRONG,artifact_correlation,ALL,0.0140629304523275,10,0.0140629304523275,0.0085152324575643,10.0,15.0,-0.0044397666611452,0.0353379943880035
summary,MATCH-WRONG,observation_change_ratio,ALL,0.0398640628215313,9,0.0398640628215313,0.0056727064038568,9.0,15.0,-0.0033529670126881,0.1089331249047578
summary,MATCH-SHUFFLED,rrmse_temporal,ALL,0.0028208493135025,7,0.0028208493135025,-0.0005419003427959,7.0,15.0,-0.0054616658537815,0.0141105936182642
summary,MATCH-SHUFFLED,rrmse_spectral,ALL,-0.0007374645404828,6,-0.0007374645404828,-0.0007762139430269,6.0,15.0,-0.0054149313174032,0.0039319792990378
summary,MATCH-SHUFFLED,correlation,ALL,0.00061702048406,6,0.00061702048406,-0.0013557709753513,6.0,15.0,-0.002909861934216,0.0061530586510586
summary,MATCH-SHUFFLED,snr_improvement,ALL,0.0285645656130323,8,0.0285645656130323,0.006846035165446,8.0,15.0,-0.1234912704303296,0.2043353548164657
summary,MATCH-SHUFFLED,artifact_rrmse,ALL,0.0031886587803216,7,0.0031886587803216,-0.0023091614246368,7.0,15.0,-0.0186785167226902,0.0297326800031097
summary,MATCH-SHUFFLED,artifact_correlation,ALL,-0.0002950283299087,7,-0.0002950283299087,-0.0029826711863279,7.0,15.0,-0.0107254213487519,0.0101868542589741
summary,MATCH-SHUFFLED,observation_change_ratio,ALL,-0.0003272031701878,8,-0.0003272031701878,0.0019518219341989,8.0,15.0,-0.0153606352048912,0.0185382181000992
summary,MATCH-NO_TRANSFER_BRANCH,rrmse_temporal,ALL,0.0891102855039207,15,0.0891102855039207,0.0743507769657298,15.0,15.0,0.0618911049171856,0.1218082710305831
summary,MATCH-NO_TRANSFER_BRANCH,rrmse_spectral,ALL,0.0524319581612265,15,0.0524319581612265,0.0512433418771252,15.0,15.0,0.0368877622520388,0.0707948123693555
summary,MATCH-NO_TRANSFER_BRANCH,correlation,ALL,0.0221922374796122,14,0.0221922374796122,0.0206598006188869,14.0,15.0,0.0134489739787143,0.0313423332176171
summary,MATCH-NO_TRANSFER_BRANCH,snr_improvement,ALL,1.5726958076573374,14,1.5726958076573374,1.377885190110343,14.0,15.0,0.9382088878777216,2.1745555987058443
summary,MATCH-NO_TRANSFER_BRANCH,artifact_rrmse,ALL,0.0868004265636824,12,0.0868004265636824,0.1118910945951938,12.0,15.0,-0.0420528453774796,0.1903585669257619
summary,MATCH-NO_TRANSFER_BRANCH,artifact_correlation,ALL,0.4077302109183938,15,0.4077302109183938,0.4090902055613696,15.0,15.0,0.342308148706561,0.4722688087920136
summary,MATCH-NO_TRANSFER_BRANCH,observation_change_ratio,ALL,-0.1483625913881951,0,-0.1483625913881951,-0.1288771967083448,0.0,15.0,-0.1826920335995472,-0.1158779286712775
summary,ORACLE-MATCH,rrmse_temporal,ALL,0.0062668795376036,8,0.0062668795376036,0.0014267695514718,8.0,15.0,-0.0016070176775004,0.019679725648942
summary,ORACLE-MATCH,rrmse_spectral,ALL,0.000418313681924,10,0.000418313681924,0.0004480451752897,10.0,15.0,-0.0007784020291001,0.0017462081852621
summary,ORACLE-MATCH,correlation,ALL,0.0012322460145999,10,0.0012322460145999,0.0003242366947233,10.0,15.0,-0.0007497867538283,0.0041316666516164
summary,ORACLE-MATCH,snr_improvement,ALL,0.0315862237399424,9,0.0315862237399424,0.0157449596251051,9.0,15.0,-0.0348789281354081,0.111391347487511
summary,ORACLE-MATCH,artifact_rrmse,ALL,0.0012175488605713,6,0.0012175488605713,-0.0010201747600848,6.0,15.0,-0.010800169415035,0.0116479511869405
summary,ORACLE-MATCH,artifact_correlation,ALL,0.0015180244308146,6,0.0015180244308146,-0.0006147539243102,6.0,15.0,-0.0056037097031009,0.0123711162762504
summary,ORACLE-MATCH,observation_change_ratio,ALL,0.0023279276243556,9,0.0023279276243556,0.0026543199001025,9.0,15.0,-0.0003628431087508,0.0051934459884857
natural_participant,MATCH-POP,heldout_eog_remaining_ratio,sub-02,0.0008358738745324334,1,,,,,,
natural_participant,MATCH-POP,heldout_eog_remaining_ratio,sub-03,0.002388897240284682,1,,,,,,
natural_participant,MATCH-POP,heldout_eog_remaining_ratio,sub-05,-0.0005452031216583997,0,,,,,,
natural_participant,MATCH-POP,heldout_eog_remaining_ratio,sub-06,0.002150561876793078,1,,,,,,
natural_participant,MATCH-POP,heldout_eog_remaining_ratio,sub-07,0.09102360377209351,1,,,,,,
natural_participant,MATCH-POP,heldout_eog_remaining_ratio,sub-09,-0.0025003471339177796,0,,,,,,
natural_participant,MATCH-POP,heldout_eog_remaining_ratio,sub-11,-0.003725902797664382,0,,,,,,
natural_participant,MATCH-POP,heldout_eog_remaining_ratio,sub-12,-0.0030204108889573256,0,,,,,,
natural_participant,MATCH-POP,heldout_eog_remaining_ratio,sub-14,0.0008604128844778014,1,,,,,,
natural_participant,MATCH-POP,heldout_eog_remaining_ratio,sub-15,0.00917331292932455,1,,,,,,
natural_participant,MATCH-POP,heldout_eog_remaining_ratio,sub-17,0.12767786669624392,1,,,,,,
natural_participant,MATCH-POP,heldout_eog_remaining_ratio,sub-18,0.12795605494547968,1,,,,,,
natural_participant,MATCH-POP,heldout_eog_remaining_ratio,sub-19,-0.005081399599096592,0,,,,,,
natural_participant,MATCH-POP,heldout_eog_remaining_ratio,sub-21,0.008604530219709305,1,,,,,,
natural_participant,MATCH-POP,heldout_eog_remaining_ratio,sub-23,0.06676098722402046,1,,,,,,
natural_summary,MATCH-POP,heldout_eog_remaining_ratio,ALL,0.028170589208110997,10,,,,,0.005998982898751154,0.053766307103860864
natural_participant,MATCH-POP,artifact_attenuation_db,sub-02,-0.015054342684816618,0,,,,,,
natural_participant,MATCH-POP,artifact_attenuation_db,sub-03,0.015634061432397647,1,,,,,,
natural_participant,MATCH-POP,artifact_attenuation_db,sub-05,-0.00589704903375865,0,,,,,,
natural_participant,MATCH-POP,artifact_attenuation_db,sub-06,0.08213971189127478,1,,,,,,
natural_participant,MATCH-POP,artifact_attenuation_db,sub-07,0.2176646480334319,1,,,,,,
natural_participant,MATCH-POP,artifact_attenuation_db,sub-09,-0.004348725858704328,0,,,,,,
natural_participant,MATCH-POP,artifact_attenuation_db,sub-11,-0.03291589030982278,0,,,,,,
natural_participant,MATCH-POP,artifact_attenuation_db,sub-12,-0.039954216512160634,0,,,,,,
natural_participant,MATCH-POP,artifact_attenuation_db,sub-14,0.0026506221420280474,1,,,,,,
natural_participant,MATCH-POP,artifact_attenuation_db,sub-15,0.03843813059816592,1,,,,,,
natural_participant,MATCH-POP,artifact_attenuation_db,sub-17,0.16691539042019568,1,,,,,,
natural_participant,MATCH-POP,artifact_attenuation_db,sub-18,0.4188890513992725,1,,,,,,
natural_participant,MATCH-POP,artifact_attenuation_db,sub-19,-0.024984618403763426,0,,,,,,
natural_participant,MATCH-POP,artifact_attenuation_db,sub-21,0.03501265291110167,1,,,,,,
natural_participant,MATCH-POP,artifact_attenuation_db,sub-23,0.2759445584947975,1,,,,,,
natural_summary,MATCH-POP,artifact_attenuation_db,ALL,0.07534226563464261,9,,,,,0.014016527434231069,0.1475006832229854
natural_participant,MATCH-POP,low_eog_observation_retention,sub-02,-0.003704010716319317,0,,,,,,
natural_participant,MATCH-POP,low_eog_observation_retention,sub-03,0.0014340797788463533,1,,,,,,
natural_participant,MATCH-POP,low_eog_observation_retention,sub-05,0.004707451240392402,1,,,,,,
natural_participant,MATCH-POP,low_eog_observation_retention,sub-06,-0.004203332529868931,0,,,,,,
natural_participant,MATCH-POP,low_eog_observation_retention,sub-07,0.008912254571138534,1,,,,,,
natural_participant,MATCH-POP,low_eog_observation_retention,sub-09,0.004835615212262723,1,,,,,,
natural_participant,MATCH-POP,low_eog_observation_retention,sub-11,-0.002951324306195602,0,,,,,,
natural_participant,MATCH-POP,low_eog_observation_retention,sub-12,-0.011548377301854429,0,,,,,,
natural_participant,MATCH-POP,low_eog_observation_retention,sub-14,8.85169186706225e-05,1,,,,,,
natural_participant,MATCH-POP,low_eog_observation_retention,sub-15,0.002053767500910908,1,,,,,,
natural_participant,MATCH-POP,low_eog_observation_retention,sub-17,0.03072763407059631,1,,,,,,
natural_participant,MATCH-POP,low_eog_observation_retention,sub-18,0.03889090970187681,1,,,,,,
natural_participant,MATCH-POP,low_eog_observation_retention,sub-19,-0.00032033085820637464,0,,,,,,
natural_participant,MATCH-POP,low_eog_observation_retention,sub-21,0.0004480138353148977,1,,,,,,
natural_participant,MATCH-POP,low_eog_observation_retention,sub-23,0.013323625413856233,1,,,,,,
natural_summary,MATCH-POP,low_eog_observation_retention,ALL,0.00551296616876141,10,,,,,-0.0004347428091973241,0.012594186447983385
natural_participant,MATCH-POP,psd_distortion,sub-02,-0.0065603195738124925,0,,,,,,
natural_participant,MATCH-POP,psd_distortion,sub-03,0.00023479944017405427,1,,,,,,
natural_participant,MATCH-POP,psd_distortion,sub-05,0.001287230600913375,1,,,,,,
natural_participant,MATCH-POP,psd_distortion,sub-06,-0.0010757249159117493,0,,,,,,
natural_participant,MATCH-POP,psd_distortion,sub-07,-0.005015821089424832,0,,,,,,
natural_participant,MATCH-POP,psd_distortion,sub-09,0.0035451658768579364,1,,,,,,
natural_participant,MATCH-POP,psd_distortion,sub-11,-0.006044803187251091,0,,,,,,
natural_participant,MATCH-POP,psd_distortion,sub-12,-0.013886235925989851,0,,,,,,
natural_participant,MATCH-POP,psd_distortion,sub-14,-0.0005123182005869892,0,,,,,,
natural_participant,MATCH-POP,psd_distortion,sub-15,0.004818649981946997,1,,,,,,
natural_participant,MATCH-POP,psd_distortion,sub-17,0.02421355639429143,1,,,,,,
natural_participant,MATCH-POP,psd_distortion,sub-18,0.0344400224663938,1,,,,,,
natural_participant,MATCH-POP,psd_distortion,sub-19,-0.0008383383610635065,0,,,,,,
natural_participant,MATCH-POP,psd_distortion,sub-21,0.0009467648148226149,1,,,,,,
natural_participant,MATCH-POP,psd_distortion,sub-23,0.02824883374463144,1,,,,,,
natural_summary,MATCH-POP,psd_distortion,ALL,0.004253430804399409,8,,,,,-0.0020759477265770918,0.011466439947689646
natural_participant,MATCH-POP,covariance_distortion,sub-02,-0.0034489299580239274,0,,,,,,
natural_participant,MATCH-POP,covariance_distortion,sub-03,0.0006437874110279407,1,,,,,,
natural_participant,MATCH-POP,covariance_distortion,sub-05,0.015904355346731902,1,,,,,,
natural_participant,MATCH-POP,covariance_distortion,sub-06,-0.0028550888940629543,0,,,,,,
natural_participant,MATCH-POP,covariance_distortion,sub-07,0.004825303825335581,1,,,,,,
natural_participant,MATCH-POP,covariance_distortion,sub-09,0.0030370062915058837,1,,,,,,
natural_participant,MATCH-POP,covariance_distortion,sub-11,-0.0024722666069444954,0,,,,,,
natural_participant,MATCH-POP,covariance_distortion,sub-12,-0.010279761037495755,0,,,,,,
natural_participant,MATCH-POP,covariance_distortion,sub-14,0.0009681351992274351,1,,,,,,
natural_participant,MATCH-POP,covariance_distortion,sub-15,0.002024384574434296,1,,,,,,
natural_participant,MATCH-POP,covariance_distortion,sub-17,0.019389446993407902,1,,,,,,
natural_participant,MATCH-POP,covariance_distortion,sub-18,0.03997801298341845,1,,,,,,
natural_participant,MATCH-POP,covariance_distortion,sub-19,0.0003694609093693804,1,,,,,,
natural_participant,MATCH-POP,covariance_distortion,sub-21,-0.00010610960250967416,0,,,,,,
natural_participant,MATCH-POP,covariance_distortion,sub-23,0.011921085829145972,1,,,,,,
natural_summary,MATCH-POP,covariance_distortion,ALL,0.005326588217637862,10,,,,,-0.00015747095161036862,0.011851124200093776
natural_participant,MATCH-WRONG,heldout_eog_remaining_ratio,sub-02,-0.02573823832602229,0,,,,,,
natural_participant,MATCH-WRONG,heldout_eog_remaining_ratio,sub-03,0.01067008178239981,1,,,,,,
natural_participant,MATCH-WRONG,heldout_eog_remaining_ratio,sub-05,0.03082456481937379,1,,,,,,
natural_participant,MATCH-WRONG,heldout_eog_remaining_ratio,sub-06,-0.008428491627837542,0,,,,,,
natural_participant,MATCH-WRONG,heldout_eog_remaining_ratio,sub-07,-0.049733310912659756,0,,,,,,
natural_participant,MATCH-WRONG,heldout_eog_remaining_ratio,sub-09,-0.004485167911555621,0,,,,,,
natural_participant,MATCH-WRONG,heldout_eog_remaining_ratio,sub-11,-0.002423931432169346,0,,,,,,
natural_participant,MATCH-WRONG,heldout_eog_remaining_ratio,sub-12,-0.003868597111254757,0,,,,,,
natural_participant,MATCH-WRONG,heldout_eog_remaining_ratio,sub-14,6.236521844393828e-05,1,,,,,,
natural_participant,MATCH-WRONG,heldout_eog_remaining_ratio,sub-15,0.015663294936749006,1,,,,,,
natural_participant,MATCH-WRONG,heldout_eog_remaining_ratio,sub-17,0.16333045884491515,1,,,,,,
natural_participant,MATCH-WRONG,heldout_eog_remaining_ratio,sub-18,0.1470925248551398,1,,,,,,
natural_participant,MATCH-WRONG,heldout_eog_remaining_ratio,sub-19,0.3243515431514129,1,,,,,,
natural_participant,MATCH-WRONG,heldout_eog_remaining_ratio,sub-21,0.3917885888971755,1,,,,,,
natural_participant,MATCH-WRONG,heldout_eog_remaining_ratio,sub-23,1.1008152343740796,1,,,,,,
natural_summary,MATCH-WRONG,heldout_eog_remaining_ratio,ALL,0.13932806130387934,9,,,,,0.020749331535236823,0.30795718830289565
natural_participant,MATCH-WRONG,artifact_attenuation_db,sub-02,-0.11810733878532459,0,,,,,,
natural_participant,MATCH-WRONG,artifact_attenuation_db,sub-03,0.07806040077074941,1,,,,,,
natural_participant,MATCH-WRONG,artifact_attenuation_db,sub-05,0.2578319776441079,1,,,,,,
natural_participant,MATCH-WRONG,artifact_attenuation_db,sub-06,0.026573137146759768,1,,,,,,
natural_participant,MATCH-WRONG,artifact_attenuation_db,sub-07,-0.19199660773780924,0,,,,,,
natural_participant,MATCH-WRONG,artifact_attenuation_db,sub-09,-0.00642547384203232,0,,,,,,
natural_participant,MATCH-WRONG,artifact_attenuation_db,sub-11,-0.033520897705201946,0,,,,,,
natural_participant,MATCH-WRONG,artifact_attenuation_db,sub-12,-0.017877318041084722,0,,,,,,
natural_participant,MATCH-WRONG,artifact_attenuation_db,sub-14,-0.0540645333779918,0,,,,,,
natural_participant,MATCH-WRONG,artifact_attenuation_db,sub-15,0.06603246656473316,1,,,,,,
natural_participant,MATCH-WRONG,artifact_attenuation_db,sub-17,0.25898235229467503,1,,,,,,
natural_participant,MATCH-WRONG,artifact_attenuation_db,sub-18,0.49738747829316116,1,,,,,,
natural_participant,MATCH-WRONG,artifact_attenuation_db,sub-19,0.7928634527599014,1,,,,,,
natural_participant,MATCH-WRONG,artifact_attenuation_db,sub-21,1.0634705219353717,1,,,,,,
natural_participant,MATCH-WRONG,artifact_attenuation_db,sub-23,1.9722840795942547,1,,,,,,
natural_summary,MATCH-WRONG,artifact_attenuation_db,ALL,0.30609957983428465,9,,,,,0.05580857997156049,0.6258138525416502
natural_participant,MATCH-WRONG,low_eog_observation_retention,sub-02,-0.008304602232480418,0,,,,,,
natural_participant,MATCH-WRONG,low_eog_observation_retention,sub-03,0.01396322956619167,1,,,,,,
natural_participant,MATCH-WRONG,low_eog_observation_retention,sub-05,0.028715421600888247,1,,,,,,
natural_participant,MATCH-WRONG,low_eog_observation_retention,sub-06,-0.009334215486887842,0,,,,,,
natural_participant,MATCH-WRONG,low_eog_observation_retention,sub-07,-0.023478154869129297,0,,,,,,
natural_participant,MATCH-WRONG,low_eog_observation_retention,sub-09,-0.0015781823955572927,0,,,,,,
natural_participant,MATCH-WRONG,low_eog_observation_retention,sub-11,0.0058665656154819334,1,,,,,,
natural_participant,MATCH-WRONG,low_eog_observation_retention,sub-12,0.0044094692760456855,1,,,,,,
natural_participant,MATCH-WRONG,low_eog_observation_retention,sub-14,0.012208543426822871,1,,,,,,
natural_participant,MATCH-WRONG,low_eog_observation_retention,sub-15,0.0013587748204978434,1,,,,,,
natural_participant,MATCH-WRONG,low_eog_observation_retention,sub-17,0.04949307983042672,1,,,,,,
natural_participant,MATCH-WRONG,low_eog_observation_retention,sub-18,0.04569942354525369,1,,,,,,
natural_participant,MATCH-WRONG,low_eog_observation_retention,sub-19,0.0593298659168795,1,,,,,,
natural_participant,MATCH-WRONG,low_eog_observation_retention,sub-21,0.6051514721378528,1,,,,,,
natural_participant,MATCH-WRONG,low_eog_observation_retention,sub-23,0.4743969965105256,1,,,,,,
natural_summary,MATCH-WRONG,low_eog_observation_retention,ALL,0.08385984581752079,11,,,,,0.008318650717037575,0.19195175828742808
natural_participant,MATCH-WRONG,psd_distortion,sub-02,-0.009876748614866912,0,,,,,,
natural_participant,MATCH-WRONG,psd_distortion,sub-03,0.0034143609615663664,1,,,,,,
natural_participant,MATCH-WRONG,psd_distortion,sub-05,0.00595399149460718,1,,,,,,
natural_participant,MATCH-WRONG,psd_distortion,sub-06,-0.005077655757001295,0,,,,,,
natural_participant,MATCH-WRONG,psd_distortion,sub-07,-0.024207960241862267,0,,,,,,
natural_participant,MATCH-WRONG,psd_distortion,sub-09,-0.005008284574917823,0,,,,,,
natural_participant,MATCH-WRONG,psd_distortion,sub-11,0.00976488005835563,1,,,,,,
natural_participant,MATCH-WRONG,psd_distortion,sub-12,0.010308526844407112,1,,,,,,
natural_participant,MATCH-WRONG,psd_distortion,sub-14,0.02365964823790516,1,,,,,,
natural_participant,MATCH-WRONG,psd_distortion,sub-15,-0.00017166808053540455,0,,,,,,
natural_participant,MATCH-WRONG,psd_distortion,sub-17,0.025184817728586495,1,,,,,,
natural_participant,MATCH-WRONG,psd_distortion,sub-18,0.03596751199802384,1,,,,,,
natural_participant,MATCH-WRONG,psd_distortion,sub-19,0.015882556593472444,1,,,,,,
natural_participant,MATCH-WRONG,psd_distortion,sub-21,0.12192585614199439,1,,,,,,
natural_participant,MATCH-WRONG,psd_distortion,sub-23,0.16841918596765024,1,,,,,,
natural_summary,MATCH-WRONG,psd_distortion,ALL,0.025075934583825676,10,,,,,0.003130839892142425,0.05357811540794497
natural_participant,MATCH-WRONG,covariance_distortion,sub-02,-0.00864976193315345,0,,,,,,
natural_participant,MATCH-WRONG,covariance_distortion,sub-03,0.0022672274722139434,1,,,,,,
natural_participant,MATCH-WRONG,covariance_distortion,sub-05,0.007010532987162116,1,,,,,,
natural_participant,MATCH-WRONG,covariance_distortion,sub-06,-0.005471277762632676,0,,,,,,
natural_participant,MATCH-WRONG,covariance_distortion,sub-07,-0.01604771573432573,0,,,,,,
natural_participant,MATCH-WRONG,covariance_distortion,sub-09,-0.0026958902066157343,0,,,,,,
natural_participant,MATCH-WRONG,covariance_distortion,sub-11,0.005582986901860577,1,,,,,,
natural_participant,MATCH-WRONG,covariance_distortion,sub-12,0.007904636821638555,1,,,,,,
natural_participant,MATCH-WRONG,covariance_distortion,sub-14,0.01179401987328426,1,,,,,,
natural_participant,MATCH-WRONG,covariance_distortion,sub-15,-0.0017721820120106951,0,,,,,,
natural_participant,MATCH-WRONG,covariance_distortion,sub-17,0.032237657448876536,1,,,,,,
natural_participant,MATCH-WRONG,covariance_distortion,sub-18,0.03958606864763635,1,,,,,,
natural_participant,MATCH-WRONG,covariance_distortion,sub-19,0.10619089666158446,1,,,,,,
natural_participant,MATCH-WRONG,covariance_distortion,sub-21,6.266674728640539,1,,,,,,
natural_participant,MATCH-WRONG,covariance_distortion,sub-23,4.35359230236875,1,,,,,,
natural_summary,MATCH-WRONG,covariance_distortion,ALL,0.7198802820116538,10,,,,,0.006511119590137078,1.837598086542344
