exact_copy_rate,fold,interpretation,membership_attack_positive_rate_0_5,membership_attack_probability,method,near_copy_rate,near_copy_threshold_training_only,nearest_heldout_fiber_distance,nearest_training_donor_entropy,nearest_training_donor_max_share,nearest_training_fiber_distance,release_count,samples,seed,exact_copy_definition,exact_copy_supersedes_primary_threshold_metric
0.0,0,registered exposure diagnostic; not formal membership privacy,0.0,6.475099476207664e-05,Fiber-Gaussian,0.0,0.684299659729004,8.33577823638916,3.7697063402268585,0.04673611111111111,7.836961269378662,16,14400,20260940,,
1.0,0,registered exposure diagnostic; not formal membership privacy,1.0,0.9986453014133064,Fiber-Stratified-Resample,1.0,0.684299659729004,7.517101764678955,3.8009499852371453,0.026319444444444444,9.263793998570691e-08,16,14400,20260940,structural_bytewise_training_bank_membership,True
0.0,0,registered exposure diagnostic; not formal membership privacy,6.944444444444444e-05,0.0031681489912107055,Fiber-SANDiff,0.0,0.684299659729004,7.078115463256836,3.7600484921716264,0.04826388888888889,6.366274356842041,16,14400,20260940,,
0.0,0,registered exposure diagnostic; not formal membership privacy,0.0,7.262797389586236e-05,Fiber-Gaussian,0.0,0.7010632514953614,8.246564865112305,3.7288815849545016,0.065625,7.723679065704346,16,14400,20260941,,
1.0,0,registered exposure diagnostic; not formal membership privacy,1.0,0.9984536064040038,Fiber-Stratified-Resample,1.0,0.7010632514953614,7.656109809875488,3.802968828774157,0.025625,1.2695626594450005e-07,16,14400,20260941,structural_bytewise_training_bank_membership,True
0.0,0,registered exposure diagnostic; not formal membership privacy,0.0,0.001876845070790771,Fiber-SANDiff,0.0,0.7010632514953614,7.255066394805908,3.746859859192457,0.05402777777777778,6.549860954284668,16,14400,20260941,,
0.0,1,registered exposure diagnostic; not formal membership privacy,0.0,8.35285402336734e-05,Fiber-Gaussian,0.0,0.5546767234802247,6.671689510345459,3.750048055495299,0.05763888888888889,6.186161041259766,16,14400,20260940,,
1.0,1,registered exposure diagnostic; not formal membership privacy,1.0,0.9984300118175468,Fiber-Stratified-Resample,1.0,0.5546767234802247,6.219832897186279,3.801548242289855,0.026319444444444444,1.4297566508503223e-07,16,14400,20260940,structural_bytewise_training_bank_membership,True
0.0,1,registered exposure diagnostic; not formal membership privacy,0.0,0.0019343407202804504,Fiber-SANDiff,0.0,0.5546767234802247,5.806585311889648,3.704210057888465,0.08402777777777778,5.211968898773193,16,14400,20260940,,
0.0,1,registered exposure diagnostic; not formal membership privacy,0.0,8.31875402922392e-05,Fiber-Gaussian,0.0,0.6860776901245118,8.20634937286377,3.77694139464128,0.034375,7.699719429016113,16,14400,20260941,,
1.0,1,registered exposure diagnostic; not formal membership privacy,1.0,0.9987262518782419,Fiber-Stratified-Resample,1.0,0.6860776901245118,7.528141498565674,3.7971599395555855,0.03027777777777778,1.1305462521704612e-07,16,14400,20260941,structural_bytewise_training_bank_membership,True
0.0,1,registered exposure diagnostic; not formal membership privacy,0.0,0.0031212755701776375,Fiber-SANDiff,0.0,0.6860776901245118,7.105277061462402,3.770993201021449,0.03638888888888889,6.322445869445801,16,14400,20260941,,
0.0,2,registered exposure diagnostic; not formal membership privacy,0.0,0.00011761775815198535,Fiber-Gaussian,0.0,0.5686144828796387,6.761631011962891,3.689126136679488,0.07854166666666666,6.279404163360596,16,14400,20260940,,
1.0,2,registered exposure diagnostic; not formal membership privacy,1.0,0.9984879336651559,Fiber-Stratified-Resample,1.0,0.5686144828796387,6.304450988769531,3.8054030006809447,0.02486111111111111,1.5691020394115185e-07,16,14400,20260940,structural_bytewise_training_bank_membership,True
0.0,2,registered exposure diagnostic; not formal membership privacy,0.0,0.0021656682786020225,Fiber-SANDiff,0.0,0.5686144828796387,5.907432556152344,3.7430257505979863,0.05444444444444444,5.273252964019775,16,14400,20260940,,
0.0,2,registered exposure diagnostic; not formal membership privacy,0.0,6.21429137239359e-05,Fiber-Gaussian,0.0,0.5937166213989258,7.006739139556885,3.692259310985951,0.08034722222222222,6.503993988037109,16,14400,20260941,,
1.0,2,registered exposure diagnostic; not formal membership privacy,1.0,0.9980816535142165,Fiber-Stratified-Resample,1.0,0.5937166213989258,6.556745529174805,3.8057350905045224,0.024930555555555556,1.5928817731492018e-07,16,14400,20260941,structural_bytewise_training_bank_membership,True
0.0,2,registered exposure diagnostic; not formal membership privacy,0.0,0.0019104902021985536,Fiber-SANDiff,0.0,0.5937166213989258,6.124265193939209,3.689849500869614,0.08055555555555556,5.466956615447998,16,14400,20260941,,
0.0,3,registered exposure diagnostic; not formal membership privacy,0.0,0.0001995869647758135,Fiber-Gaussian,0.0,0.5733314037322998,6.710085868835449,3.712768646406832,0.07909722222222222,6.254749298095703,16,14400,20260940,,
1.0,3,registered exposure diagnostic; not formal membership privacy,1.0,0.9986335572868138,Fiber-Stratified-Resample,1.0,0.5733314037322998,6.291602611541748,3.805003097780634,0.024652777777777777,1.4432428940835962e-07,16,14400,20260940,structural_bytewise_training_bank_membership,True
0.0,3,registered exposure diagnostic; not formal membership privacy,0.0,0.002454476459612347,Fiber-SANDiff,0.0,0.5733314037322998,6.007322788238525,3.733786202691977,0.06979166666666667,5.392574310302734,16,14400,20260940,,
0.0,3,registered exposure diagnostic; not formal membership privacy,0.0,7.640590093221197e-05,Fiber-Gaussian,0.0,0.5639446258544922,6.734759330749512,3.7250311859476835,0.06784722222222223,6.281623363494873,16,14400,20260941,,
1.0,3,registered exposure diagnostic; not formal membership privacy,1.0,0.9984968232474287,Fiber-Stratified-Resample,1.0,0.5639446258544922,6.222570896148682,3.804894327992512,0.024652777777777777,1.4835227091225534e-07,16,14400,20260941,structural_bytewise_training_bank_membership,True
0.0,3,registered exposure diagnostic; not formal membership privacy,0.0,0.002850296742344498,Fiber-SANDiff,0.0,0.5639446258544922,5.778461456298828,3.7407797385082846,0.058402777777777776,5.18483829498291,16,14400,20260941,,
0.0,4,registered exposure diagnostic; not formal membership privacy,0.0,4.236019609239352e-05,Fiber-Gaussian,0.0,0.668060302734375,8.18508243560791,3.7640329241022394,0.035625,7.604653358459473,16,14400,20260940,,
1.0,4,registered exposure diagnostic; not formal membership privacy,1.0,0.9983457539091225,Fiber-Stratified-Resample,1.0,0.668060302734375,7.391424655914307,3.7975797657237282,0.028888888888888888,1.0538744277255319e-07,16,14400,20260940,structural_bytewise_training_bank_membership,True
0.0,4,registered exposure diagnostic; not formal membership privacy,0.0,0.004295195042272472,Fiber-SANDiff,0.0,0.668060302734375,6.921169757843018,3.7439906980967925,0.04729166666666667,6.098836898803711,16,14400,20260940,,
0.0,4,registered exposure diagnostic; not formal membership privacy,0.0,5.887816870903522e-05,Fiber-Gaussian,0.0,0.6202601909637452,7.478144645690918,3.7378003116210516,0.061875,6.901558876037598,16,14400,20260941,,
1.0,4,registered exposure diagnostic; not formal membership privacy,1.0,0.9983714296030084,Fiber-Stratified-Resample,1.0,0.6202601909637452,6.9327616691589355,3.8039102534357485,0.025416666666666667,1.3936978859874216e-07,16,14400,20260941,structural_bytewise_training_bank_membership,True
0.0,4,registered exposure diagnostic; not formal membership privacy,0.0,0.0017424659641009624,Fiber-SANDiff,0.0,0.6202601909637452,6.541959285736084,3.7506432957509044,0.04638888888888889,5.800835609436035,16,14400,20260941,,
0.0,5,registered exposure diagnostic; not formal membership privacy,0.0,0.00011594739597765302,Fiber-Gaussian,0.0,0.5424619197845459,6.52731990814209,3.713757596001936,0.07361111111111111,6.042620658874512,16,14400,20260940,,
1.0,5,registered exposure diagnostic; not formal membership privacy,1.0,0.9982277241864526,Fiber-Stratified-Resample,1.0,0.5424619197845459,6.099911689758301,3.8022565937083774,0.027708333333333335,1.5797904495684634e-07,16,14400,20260940,structural_bytewise_training_bank_membership,True
0.0,5,registered exposure diagnostic; not formal membership privacy,0.0,0.0013453238181388983,Fiber-SANDiff,0.0,0.5424619197845459,5.785557746887207,3.7345921069661214,0.06243055555555556,5.160464763641357,16,14400,20260940,,
0.0,5,registered exposure diagnostic; not formal membership privacy,0.0,9.898802698913493e-05,Fiber-Gaussian,0.0,0.5708055019378663,6.868424892425537,3.7319327534276954,0.06118055555555556,6.388750076293945,16,14400,20260941,,
1.0,5,registered exposure diagnostic; not formal membership privacy,1.0,0.998547946338144,Fiber-Stratified-Resample,1.0,0.5708055019378663,6.404724597930908,3.8007912782544406,0.028194444444444446,1.533500579853353e-07,16,14400,20260941,structural_bytewise_training_bank_membership,True
0.0,5,registered exposure diagnostic; not formal membership privacy,0.0,0.0018403370377834366,Fiber-SANDiff,0.0,0.5708055019378663,6.081368446350098,3.757130093821816,0.043263888888888886,5.43264102935791,16,14400,20260941,,
